formula,kappa_L,kappa_units,temperature_K,method,method_tier,tier_name,weight,struct_a_A,struct_spacegroup,struct_sg_symbol,struct_prototype,struct_site_ordering,struct_species,struct_frac_coords,struct_grade,lattice_convention,source,source_doi,source_url,source_location,struct_source,struct_source_url,struct_source_detail,struct_id,struct_same_paper_as_kappa,stoichiometry,parent_formula
Ac2MgGa,0.85,W/m/K,300.0,Slack,3,semi-empirical,0.3,8.020455780000002,225.0,,,,"Ac,Ga,Mg","[[0.75, 0.75, 0.75], [0.25, 0.25, 0.25], [0.0, -0.0, -0.0], [0.5, 0.5, 0.5]]",A,primitive->conventional (x sqrt2),paper mining,10.1038/s41598-025-24428-3,https://doi.org/10.1038/s41598-025-24428-3,Table 5 + Results text,Materials Project,,MP relaxed structure,,False,stoichiometric,Ac2MgGa
AlCrCu2,3.62766,W/m/K,300.0,AGL Debye-Gruneisen (quasi-harmonic),3,semi-empirical,0.3,5.9481,225.0,Fm-3m,full_Heusler_L21,,"[""Al"", ""Cr"", ""Cu"", ""Cu""]","[[0.0, 0.0, 0.0], [0.5, 0.5, 0.5], [0.25, 0.25, 0.25], [0.75, 0.75, 0.75]]",A,conventional,AFLOW AGL,,aflowlib.duke.edu:AFLOWDATA/ICSD_WEB/FCC/Al1Cr1Cu2_ICSD_57653,,JARVIS-DFT (NIST),https://www.ctcms.nist.gov/~knc6/static/JARVIS-DFT/JVASP-17416.xml,JARVIS-DFT (NIST),JVASP-17416,False,stoichiometric,AlCrCu2
AlVNi2,6.06207,W/m/K,300.0,AGL Debye-Gruneisen (quasi-harmonic),3,semi-empirical,0.3,5.80195,225.0,Fm-3m,full_Heusler_L21,,"[""Al"", ""V"", ""Ni"", ""Ni""]","[[0.0, 0.0, 0.0], [0.5, 0.5, 0.5], [0.25, 0.25, 0.25], [0.75, 0.75, 0.75]]",A,conventional,AFLOW AGL,,aflowlib.duke.edu:AFLOWDATA/ICSD_WEB/FCC/Al1Ni2V1_ICSD_58071,,JARVIS-DFT (NIST),https://www.ctcms.nist.gov/~knc6/static/JARVIS-DFT/JVASP-16373.xml,JARVIS-DFT (NIST),JVASP-16373,False,stoichiometric,AlVNi2
Ca2HgPb,6.6,W/m/K,300.0,Slack model,3,semi-empirical,0.3,7.66177,225.0,Fm-3m,full_Heusler_L21,,"[""Ca"", ""Ca"", ""Hg"", ""Pb""]","[[0.5, 0.5, 0.5], [0.0, 0.0, 0.0], [0.25, 0.25, 0.25], [0.75, 0.75, 0.75]]",A,conventional,"paper mining (PDF, batch 2)",10.1038/s41524-022-00887-4,,Table 1,JARVIS-DFT (NIST),https://www.ctcms.nist.gov/~knc6/static/JARVIS-DFT/JVASP-39995.xml,JARVIS-DFT (NIST),JVASP-39995,False,stoichiometric,Ca2HgPb
CuNi2Sb,2.46569,W/m/K,300.0,AGL Debye-Gruneisen (quasi-harmonic),3,semi-empirical,0.3,6.01355,225.0,Fm-3m,full_Heusler_L21,,"[""Cu"", ""Ni"", ""Ni"", ""Sb""]","[[0.0, 0.0, 0.0], [0.75, 0.75, 0.75], [0.25, 0.25, 0.25], [0.5, 0.5, 0.5]]",A,conventional,AFLOW AGL,,aflowlib.duke.edu:AFLOWDATA/ICSD_WEB/FCC/Cu1Ni2Sb1_ICSD_53320,,JARVIS-DFT (NIST),https://www.ctcms.nist.gov/~knc6/static/JARVIS-DFT/JVASP-18563.xml,JARVIS-DFT (NIST),JVASP-18563,False,stoichiometric,CuNi2Sb
CuNi2Sn,1.60187,W/m/K,300.0,AGL Debye-Gruneisen (quasi-harmonic),3,semi-empirical,0.3,5.98614,225.0,Fm-3m,full_Heusler_L21,,"[""Cu"", ""Ni"", ""Ni"", ""Sn""]","[[0.0, 0.0, 0.0], [0.75, 0.75, 0.75], [0.25, 0.25, 0.25], [0.5, 0.5, 0.5]]",A,conventional,AFLOW AGL,,aflowlib.duke.edu:AFLOWDATA/ICSD_WEB/FCC/Cu1Ni2Sn1_ICSD_103068,,JARVIS-DFT (NIST),https://www.ctcms.nist.gov/~knc6/static/JARVIS-DFT/JVASP-18686.xml,JARVIS-DFT (NIST),JVASP-18686,False,stoichiometric,CuNi2Sn
CuSnRh2,4.86328,W/m/K,300.0,AGL Debye-Gruneisen (quasi-harmonic),3,semi-empirical,0.3,6.21885,225.0,Fm-3m,full_Heusler_L21,,"[""Cu"", ""Sn"", ""Rh"", ""Rh""]","[[0.0, 0.0, 0.0], [0.5, 0.5, 0.5], [0.25, 0.25, 0.25], [0.75, 0.75, 0.75]]",A,conventional,AFLOW AGL,,aflowlib.duke.edu:AFLOWDATA/ICSD_WEB/FCC/Cu1Rh2Sn1_ICSD_103092,,JARVIS-DFT (NIST),https://www.ctcms.nist.gov/~knc6/static/JARVIS-DFT/JVASP-18688.xml,JARVIS-DFT (NIST),JVASP-18688,False,stoichiometric,CuSnRh2
DyInAg2,1.07687,W/m/K,300.0,AGL Debye-Gruneisen (quasi-harmonic),3,semi-empirical,0.3,6.96458,225.0,Fm-3m,full_Heusler_L21,,"[""Dy"", ""In"", ""Ag"", ""Ag""]","[[0.0, 0.0, 0.0], [0.5, 0.5, 0.5], [0.25, 0.25, 0.25], [0.75, 0.75, 0.75]]",A,conventional,AFLOW AGL,,aflowlib.duke.edu:AFLOWDATA/ICSD_WEB/FCC/Ag2Dy1In1_ICSD_104397,,JARVIS-DFT (NIST),https://www.ctcms.nist.gov/~knc6/static/JARVIS-DFT/JVASP-17869.xml,JARVIS-DFT (NIST),JVASP-17869,False,stoichiometric,DyInAg2
DyInAu2,1.0706,W/m/K,300.0,AGL Debye-Gruneisen (quasi-harmonic),3,semi-empirical,0.3,6.97987,225.0,Fm-3m,full_Heusler_L21,,"[""Dy"", ""In"", ""Au"", ""Au""]","[[0.0, 0.0, 0.0], [0.5, 0.5, 0.5], [0.75, 0.75, 0.75], [0.25, 0.25, 0.25]]",A,conventional,AFLOW AGL,,aflowlib.duke.edu:AFLOWDATA/ICSD_WEB/FCC/Au2Dy1In1_ICSD_58442,,JARVIS-DFT (NIST),https://www.ctcms.nist.gov/~knc6/static/JARVIS-DFT/JVASP-18601.xml,JARVIS-DFT (NIST),JVASP-18601,False,stoichiometric,DyInAu2
DyInCu2,3.50893,W/m/K,300.0,AGL Debye-Gruneisen (quasi-harmonic),3,semi-empirical,0.3,6.62736,225.0,Fm-3m,full_Heusler_L21,,"[""Dy"", ""In"", ""Cu"", ""Cu""]","[[0.5, 0.5, 0.5], [0.0, 0.0, 0.0], [0.25, 0.25, 0.25], [0.75, 0.75, 0.75]]",A,conventional,AFLOW AGL,,aflowlib.duke.edu:AFLOWDATA/ICSD_WEB/FCC/Cu2Dy1In1_ICSD_102876,,JARVIS-DFT (NIST),https://www.ctcms.nist.gov/~knc6/static/JARVIS-DFT/JVASP-18268.xml,JARVIS-DFT (NIST),JVASP-18268,False,stoichiometric,DyInCu2
DyInPd2,2.32477,W/m/K,300.0,AGL Debye-Gruneisen (quasi-harmonic),3,semi-empirical,0.3,6.74605,225.0,Fm-3m,full_Heusler_L21,,"[""Dy"", ""In"", ""Pd"", ""Pd""]","[[0.5, 0.5, 0.5], [0.0, 0.0, 0.0], [0.75, 0.75, 0.75], [0.25, 0.25, 0.25]]",A,conventional,AFLOW AGL,,aflowlib.duke.edu:AFLOWDATA/ICSD_WEB/FCC/Dy1In1Pd2_ICSD_103207,,Materials Project,https://next-gen.materialsproject.org/materials/mp-30606,"Materials Project (OPTIMADE, keyless)",mp-30606,False,stoichiometric,DyInPd2
ErInAg2,0.905129,W/m/K,300.0,AGL Debye-Gruneisen (quasi-harmonic),3,semi-empirical,0.3,6.93058,225.0,Fm-3m,full_Heusler_L21,,"[""Er"", ""In"", ""Ag"", ""Ag""]","[[0.0, 0.0, 0.0], [0.5, 0.5, 0.5], [0.75, 0.75, 0.75], [0.25, 0.25, 0.25]]",A,conventional,AFLOW AGL,,aflowlib.duke.edu:AFLOWDATA/ICSD_WEB/FCC/Ag2Er1In1_ICSD_58254,,JARVIS-DFT (NIST),https://www.ctcms.nist.gov/~knc6/static/JARVIS-DFT/JVASP-18582.xml,JARVIS-DFT (NIST),JVASP-18582,False,stoichiometric,ErInAg2
ErInAu2,0.877964,W/m/K,300.0,AGL Debye-Gruneisen (quasi-harmonic),3,semi-empirical,0.3,6.94525,225.0,Fm-3m,full_Heusler_L21,,"[""Er"", ""In"", ""Au"", ""Au""]","[[0.0, 0.0, 0.0], [0.5, 0.5, 0.5], [0.75, 0.75, 0.75], [0.25, 0.25, 0.25]]",A,conventional,AFLOW AGL,,aflowlib.duke.edu:AFLOWDATA/ICSD_WEB/FCC/Au2Er1In1_ICSD_58449,,JARVIS-DFT (NIST),https://www.ctcms.nist.gov/~knc6/static/JARVIS-DFT/JVASP-18603.xml,JARVIS-DFT (NIST),JVASP-18603,False,stoichiometric,ErInAu2
ErInCu2,3.42503,W/m/K,300.0,AGL Debye-Gruneisen (quasi-harmonic),3,semi-empirical,0.3,6.59107,225.0,Fm-3m,full_Heusler_L21,,"[""Er"", ""In"", ""Cu"", ""Cu""]","[[0.0, 0.0, 0.0], [0.5, 0.5, 0.5], [0.25, 0.25, 0.25], [0.75, 0.75, 0.75]]",A,conventional,AFLOW AGL,,aflowlib.duke.edu:AFLOWDATA/ICSD_WEB/FCC/Cu2Er1In1_ICSD_102885,,JARVIS-DFT (NIST),https://www.ctcms.nist.gov/~knc6/static/JARVIS-DFT/JVASP-15407.xml,JARVIS-DFT (NIST),JVASP-15407,False,stoichiometric,ErInCu2
ErSnPd2,1.98222,W/m/K,300.0,AGL Debye-Gruneisen (quasi-harmonic),3,semi-empirical,0.3,6.70879,225.0,Fm-3m,full_Heusler_L21,,"[""Er"", ""Sn"", ""Pd"", ""Pd""]","[[0.5, 0.5, 0.5], [0.0, 0.0, 0.0], [0.75, 0.75, 0.75], [0.25, 0.25, 0.25]]",A,conventional,AFLOW AGL,,aflowlib.duke.edu:AFLOWDATA/ICSD_WEB/FCC/Er1Pd2Sn1_ICSD_103283,,Materials Project,https://next-gen.materialsproject.org/materials/mp-5850,"Materials Project (OPTIMADE, keyless)",mp-5850,False,stoichiometric,ErSnPd2
FeSiRu2,17.4881,W/m/K,300.0,AGL Debye-Gruneisen (quasi-harmonic),3,semi-empirical,0.3,5.8762,225.0,Fm-3m,full_Heusler_L21,,"[""Fe"", ""Si"", ""Ru"", ""Ru""]","[[0.0, 0.0, 0.0], [0.5, 0.5, 0.5], [0.25, 0.25, 0.25], [0.75, 0.75, 0.75]]",A,conventional,AFLOW AGL,,aflowlib.duke.edu:AFLOWDATA/ICSD_WEB/FCC/Fe1Ru2Si1_ICSD_53525,,Materials Project,https://next-gen.materialsproject.org/materials/mp-3464,"Materials Project (OPTIMADE, keyless)",mp-3464,False,stoichiometric,FeSiRu2
FeSnRu2,6.25432,W/m/K,300.0,AGL Debye-Gruneisen (quasi-harmonic),3,semi-empirical,0.3,6.22643,225.0,Fm-3m,full_Heusler_L21,,"[""Fe"", ""Sn"", ""Ru"", ""Ru""]","[[0.0, 1e-05, 0.0], [0.5, 0.5, 0.5], [0.75, 0.75, 0.75], [0.25, 0.25, 0.25]]",A,conventional,AFLOW AGL,,aflowlib.duke.edu:AFLOWDATA/ICSD_WEB/FCC/Fe1Ru2Sn1_ICSD_103615,,JARVIS-DFT (NIST),https://www.ctcms.nist.gov/~knc6/static/JARVIS-DFT/JVASP-51470.xml,JARVIS-DFT (NIST),JVASP-51470,False,stoichiometric,FeSnRu2
GaFeCo2,20.0452,W/m/K,300.0,AGL Debye-Gruneisen (quasi-harmonic),3,semi-empirical,0.3,5.70631,225.0,Fm-3m,full_Heusler_L21,,"[""Ga"", ""Fe"", ""Co"", ""Co""]","[[0.5, 0.5, 0.5], [0.0, 0.0, 0.0], [0.25, 0.25, 0.25], [0.75, 0.75, 0.75]]",A,conventional,AFLOW AGL,,aflowlib.duke.edu:AFLOWDATA/ICSD_WEB/FCC/Co2Fe1Ga1_ICSD_102386,,JARVIS-DFT (NIST),https://www.ctcms.nist.gov/~knc6/static/JARVIS-DFT/JVASP-18665.xml,JARVIS-DFT (NIST),JVASP-18665,False,stoichiometric,GaFeCo2
GaFeNi2,3.80415,W/m/K,300.0,AGL Debye-Gruneisen (quasi-harmonic),3,semi-empirical,0.3,5.74381,225.0,Fm-3m,full_Heusler_L21,,"[""Ga"", ""Fe"", ""Ni"", ""Ni""]","[[0.0, 0.0, 0.0], [0.5, 0.5, 0.5], [0.25, 0.25, 0.25], [0.75, 0.75, 0.75]]",A,conventional,AFLOW AGL,,aflowlib.duke.edu:AFLOWDATA/ICSD_WEB/FCC/Fe1Ga1Ni2_ICSD_187492,,JARVIS-DFT (NIST),https://www.ctcms.nist.gov/~knc6/static/JARVIS-DFT/JVASP-35725.xml,JARVIS-DFT (NIST),JVASP-35725,False,stoichiometric,GaFeNi2
HfAlAu2,1.29073,W/m/K,300.0,AGL Debye-Gruneisen (quasi-harmonic),3,semi-empirical,0.3,6.62399,225.0,Fm-3m,full_Heusler_L21,,"[""Hf"", ""Al"", ""Au"", ""Au""]","[[0.5, 0.5, 0.5], [0.0, 0.0, 0.0], [0.25, 0.25, 0.25], [0.75, 0.75, 0.75]]",A,conventional,AFLOW AGL,,aflowlib.duke.edu:AFLOWDATA/ICSD_WEB/FCC/Al1Au2Hf1_ICSD_57503,,Materials Project,https://next-gen.materialsproject.org/materials/mp-10872,"Materials Project (OPTIMADE, keyless)",mp-10872,False,stoichiometric,HfAlAu2
HfAlCo2,61.6353,W/m/K,300.0,AGL Debye-Gruneisen (quasi-harmonic),3,semi-empirical,0.3,6.0193,225.0,Fm-3m,full_Heusler_L21,,"[""Hf"", ""Al"", ""Co"", ""Co""]","[[0.5, 0.5, 0.5], [0.0, 0.0, 0.0], [0.25, 0.25, 0.25], [0.75, 0.75, 0.75]]",A,conventional,AFLOW AGL,,aflowlib.duke.edu:AFLOWDATA/ICSD_WEB/FCC/Al1Co2Hf1_ICSD_110809,,JARVIS-DFT (NIST),https://www.ctcms.nist.gov/~knc6/static/JARVIS-DFT/JVASP-96779.xml,JARVIS-DFT (NIST),JVASP-96779,False,stoichiometric,HfAlCo2
HfAlCu2,6.12275,W/m/K,300.0,AGL Debye-Gruneisen (quasi-harmonic),3,semi-empirical,0.3,6.20895,225.0,Fm-3m,full_Heusler_L21,,"[""Hf"", ""Al"", ""Cu"", ""Cu""]","[[0.5, 0.5, 0.5], [0.0, 0.0, 0.0], [0.25, 0.25, 0.25], [0.75, 0.75, 0.75]]",A,conventional,AFLOW AGL,,aflowlib.duke.edu:AFLOWDATA/ICSD_WEB/FCC/Al1Cu2Hf1_ICSD_185283,,JARVIS-DFT (NIST),https://www.ctcms.nist.gov/~knc6/static/JARVIS-DFT/JVASP-16363.xml,JARVIS-DFT (NIST),JVASP-16363,False,stoichiometric,HfAlCu2
HfAlNi2,3.56834,W/m/K,300.0,AGL Debye-Gruneisen (quasi-harmonic),3,semi-empirical,0.3,6.06727,225.0,Fm-3m,full_Heusler_L21,,"[""Ni"", ""Ni"", ""Hf"", ""Al""]","[[0.75, 0.75, 0.75], [0.25, 0.25, 0.25], [0.5, 0.5, 0.5], [0.0, 0.0, 0.0]]",A,conventional,AFLOW AGL,,aflowlib.duke.edu:AFLOWDATA/ICSD_WEB/FCC/Al1Hf1Ni2_ICSD_57901,,JARVIS-DFT (NIST),https://www.ctcms.nist.gov/~knc6/static/JARVIS-DFT/JVASP-190435.xml,JARVIS-DFT (NIST),JVASP-190435,False,stoichiometric,HfAlNi2
HfAlPd2,0.71177,W/m/K,300.0,AGL Debye-Gruneisen (quasi-harmonic),3,semi-empirical,0.3,6.41974,225.0,Fm-3m,full_Heusler_L21,,"[""Hf"", ""Al"", ""Pd"", ""Pd""]","[[0.5, 0.5, 0.5], [0.0, 0.0, 0.0], [0.25, 0.25, 0.25], [0.75, 0.75, 0.75]]",A,conventional,AFLOW AGL,,aflowlib.duke.edu:AFLOWDATA/ICSD_WEB/FCC/Al1Hf1Pd2_ICSD_57906,,JARVIS-DFT (NIST),https://www.ctcms.nist.gov/~knc6/static/JARVIS-DFT/JVASP-17419.xml,JARVIS-DFT (NIST),JVASP-17419,False,stoichiometric,HfAlPd2
HfCo2Sn,8.32087,W/m/K,300.0,AGL Debye-Gruneisen (quasi-harmonic),3,semi-empirical,0.3,6.23689,225.0,Fm-3m,full_Heusler_L21,,"[""Hf"", ""Co"", ""Co"", ""Sn""]","[[0.5, 0.5, 0.5], [0.75, 0.75, 0.75], [0.25, 0.25, 0.25], [0.0, 0.0, 0.0]]",A,conventional,AFLOW AGL,,aflowlib.duke.edu:AFLOWDATA/ICSD_WEB/FCC/Co2Hf1Sn1_ICSD_102483,,JARVIS-DFT (NIST),https://www.ctcms.nist.gov/~knc6/static/JARVIS-DFT/JVASP-17809.xml,JARVIS-DFT (NIST),JVASP-17809,False,stoichiometric,HfCo2Sn
HfCuHg2,0.638006,W/m/K,300.0,AGL Debye-Gruneisen (quasi-harmonic),3,semi-empirical,0.3,6.70742,216.0,F-43m,inverse_Heusler_XA,,"[""Hf"", ""Cu"", ""Hg"", ""Hg""]","[[0.25, 0.25, 0.25], [0.5, 0.5, 0.5], [0.0, 0.0, 0.0], [0.75, 0.75, 0.75]]",A,conventional,AFLOW AGL,,aflowlib.duke.edu:AFLOWDATA/ICSD_WEB/FCC/Cu1Hf1Hg2_ICSD_102969,,JARVIS-DFT (NIST),https://www.ctcms.nist.gov/~knc6/static/JARVIS-DFT/JVASP-18679.xml,JARVIS-DFT (NIST),JVASP-18679,False,stoichiometric,HfCuHg2
HfGaCo2,18.1245,W/m/K,300.0,AGL Debye-Gruneisen (quasi-harmonic),3,semi-empirical,0.3,5.97707,225.0,Fm-3m,full_Heusler_L21,,"[""Hf"", ""Ga"", ""Co"", ""Co""]","[[0.5, 0.5, 0.5], [0.0, 0.0, 0.0], [0.25, 0.25, 0.25], [0.75, 0.75, 0.75]]",A,conventional,AFLOW AGL,,aflowlib.duke.edu:AFLOWDATA/ICSD_WEB/FCC/Co2Ga1Hf1_ICSD_102433,,Materials Project,https://next-gen.materialsproject.org/materials/mp-3576,"Materials Project (OPTIMADE, keyless)",mp-3576,False,stoichiometric,HfGaCo2
HfGaNi2,0.716183,W/m/K,300.0,AGL Debye-Gruneisen (quasi-harmonic),3,semi-empirical,0.3,6.06763,225.0,Fm-3m,full_Heusler_L21,,"[""Hf"", ""Ga"", ""Ni"", ""Ni""]","[[0.5, 0.5, 0.5], [0.0, 0.0, 0.0], [0.75, 0.75, 0.75], [0.25, 0.25, 0.25]]",A,conventional,AFLOW AGL,,aflowlib.duke.edu:AFLOWDATA/ICSD_WEB/FCC/Ga1Hf1Ni2_ICSD_103734,,JARVIS-DFT (NIST),https://www.ctcms.nist.gov/~knc6/static/JARVIS-DFT/JVASP-15219.xml,JARVIS-DFT (NIST),JVASP-15219,False,stoichiometric,HfGaNi2
HfInAu2,1.44263,W/m/K,300.0,AGL Debye-Gruneisen (quasi-harmonic),3,semi-empirical,0.3,6.752007090058482,225.0,,full_L21,,,,C,primitive->conventional (x sqrt2),AFLOW AGL,,aflowlib.duke.edu:AFLOWDATA/ICSD_WEB/FCC/Au2Hf1In1_ICSD_58472,,AFLOW,aflowlib.duke.edu:AFLOWDATA/ICSD_WEB/FCC/Au2Hf1In1_ICSD_58472,AFLOW_AGL,aflow:b70cd3a6f42425de,False,stoichiometric,HfInAu2
HfInCu2,4.78808,W/m/K,300.0,AGL Debye-Gruneisen (quasi-harmonic),3,semi-empirical,0.3,6.38433,225.0,Fm-3m,full_Heusler_L21,,"[""Hf"", ""Cu"", ""Cu"", ""In""]","[[0.75, 0.75, 0.75], [1.0, 0.0, 1.0], [0.5, 0.5, 0.5], [0.25, 0.25, 0.25]]",A,conventional,AFLOW AGL,,aflowlib.duke.edu:AFLOWDATA/ICSD_WEB/FCC/Cu2Hf1In1_ICSD_54594,,JARVIS-DFT (NIST),https://www.ctcms.nist.gov/~knc6/static/JARVIS-DFT/JVASP-189550.xml,JARVIS-DFT (NIST),JVASP-189550,False,stoichiometric,HfInCu2
HfInNi2,5.06415,W/m/K,300.0,AGL Debye-Gruneisen (quasi-harmonic),3,semi-empirical,0.3,6.26891,225.0,Fm-3m,full_Heusler_L21,,"[""Hf"", ""In"", ""Ni"", ""Ni""]","[[0.49999, 0.5, 0.5], [0.0, 0.0, 1.0], [0.75, 0.75001, 0.75], [0.25, 0.24999, 0.25]]",A,conventional,AFLOW AGL,,aflowlib.duke.edu:AFLOWDATA/ICSD_WEB/FCC/Hf1In1Ni2_ICSD_54595,,JARVIS-DFT (NIST),https://www.ctcms.nist.gov/~knc6/static/JARVIS-DFT/JVASP-51568.xml,JARVIS-DFT (NIST),JVASP-51568,False,stoichiometric,HfInNi2
HfNi2Sn,5.13884,W/m/K,300.0,AGL Debye-Gruneisen (quasi-harmonic),3,semi-empirical,0.3,6.27266,225.0,Fm-3m,full_Heusler_L21,,"[""Hf"", ""Ni"", ""Ni"", ""Sn""]","[[0.5, 0.5, 0.5], [0.75, 0.75, 0.75], [0.25, 0.25, 0.25], [0.0, 0.0, 0.0]]",A,conventional,AFLOW AGL,,aflowlib.duke.edu:AFLOWDATA/ICSD_WEB/FCC/Hf1Ni2Sn1_ICSD_104250,,JARVIS-DFT (NIST),https://www.ctcms.nist.gov/~knc6/static/JARVIS-DFT/JVASP-15455.xml,JARVIS-DFT (NIST),JVASP-15455,False,stoichiometric,HfNi2Sn
HoInAg2,0.995523,W/m/K,300.0,AGL Debye-Gruneisen (quasi-harmonic),3,semi-empirical,0.3,6.94739,225.0,Fm-3m,full_Heusler_L21,,"[""Ho"", ""In"", ""Ag"", ""Ag""]","[[0.0, 0.0, 0.0], [0.5, 0.5, 0.5], [0.25, 0.25, 0.25], [0.75, 0.75, 0.75]]",A,conventional,AFLOW AGL,,aflowlib.duke.edu:AFLOWDATA/ICSD_WEB/FCC/Ag2Ho1In1_ICSD_58280,,JARVIS-DFT (NIST),https://www.ctcms.nist.gov/~knc6/static/JARVIS-DFT/JVASP-18584.xml,JARVIS-DFT (NIST),JVASP-18584,False,stoichiometric,HoInAg2
HoInAu2,0.966895,W/m/K,300.0,AGL Debye-Gruneisen (quasi-harmonic),3,semi-empirical,0.3,6.96227,225.0,Fm-3m,full_Heusler_L21,,"[""Ho"", ""In"", ""Au"", ""Au""]","[[0.5, 0.5, 0.5], [0.0, 0.0, 0.0], [0.75, 0.75, 0.75], [0.25, 0.25, 0.25]]",A,conventional,AFLOW AGL,,aflowlib.duke.edu:AFLOWDATA/ICSD_WEB/FCC/Au2Ho1In1_ICSD_58486,,JARVIS-DFT (NIST),https://www.ctcms.nist.gov/~knc6/static/JARVIS-DFT/JVASP-18610.xml,JARVIS-DFT (NIST),JVASP-18610,False,stoichiometric,HoInAu2
HoInCu2,3.45826,W/m/K,300.0,AGL Debye-Gruneisen (quasi-harmonic),3,semi-empirical,0.3,6.60281,225.0,Fm-3m,full_Heusler_L21,,"[""Ho"", ""In"", ""Cu"", ""Cu""]","[[0.5, 0.5, 0.5], [0.0, 0.0, 0.0], [0.25, 0.25, 0.25], [0.75, 0.75, 0.75]]",A,conventional,AFLOW AGL,,aflowlib.duke.edu:AFLOWDATA/ICSD_WEB/FCC/Cu2Ho1In1_ICSD_102979,,JARVIS-DFT (NIST),https://www.ctcms.nist.gov/~knc6/static/JARVIS-DFT/JVASP-18683.xml,JARVIS-DFT (NIST),JVASP-18683,False,stoichiometric,HoInCu2
HoSnPd2,1.92516,W/m/K,300.0,AGL Debye-Gruneisen (quasi-harmonic),3,semi-empirical,0.3,6.76387,225.0,Fm-3m,full_Heusler_L21,,"[""Ho"", ""Sn"", ""Pd"", ""Pd""]","[[0.0, 0.0, 0.0], [0.5, 0.5, 0.5], [0.75, 0.75, 0.75], [0.25, 0.25, 0.25]]",A,conventional,AFLOW AGL,,aflowlib.duke.edu:AFLOWDATA/ICSD_WEB/FCC/Ho1Pd2Sn1_ICSD_104437,,JARVIS-DFT (NIST),https://www.ctcms.nist.gov/~knc6/static/JARVIS-DFT/JVASP-18723.xml,JARVIS-DFT (NIST),JVASP-18723,False,stoichiometric,HoSnPd2
InFeCo2,9.14975,W/m/K,300.0,AGL Debye-Gruneisen (quasi-harmonic),3,semi-empirical,0.3,5.96621,225.0,Fm-3m,full_Heusler_L21,,"[""In"", ""Fe"", ""Co"", ""Co""]","[[0.5, 0.5, 0.5], [0.0, 0.0, 0.0], [0.25, 0.25, 0.25], [0.75, 0.75, 0.75]]",A,conventional,AFLOW AGL,,aflowlib.duke.edu:AFLOWDATA/ICSD_WEB/FCC/Co2Fe1In1_ICSD_102392,,JARVIS-DFT (NIST),https://www.ctcms.nist.gov/~knc6/static/JARVIS-DFT/JVASP-18006.xml,JARVIS-DFT (NIST),JVASP-18006,False,stoichiometric,InFeCo2
LaInAg2,0.956782,W/m/K,300.0,AGL Debye-Gruneisen (quasi-harmonic),3,semi-empirical,0.3,7.22331,225.0,Fm-3m,full_Heusler_L21,,"[""La"", ""In"", ""Ag"", ""Ag""]","[[0.5, 0.5, 0.5], [0.0, 0.0, 0.0], [0.25, 0.25, 0.25], [0.75, 0.75, 0.75]]",A,conventional,AFLOW AGL,,aflowlib.duke.edu:AFLOWDATA/ICSD_WEB/FCC/Ag2In1La1_ICSD_58290,,JARVIS-DFT (NIST),https://www.ctcms.nist.gov/~knc6/static/JARVIS-DFT/JVASP-79268.xml,JARVIS-DFT (NIST),JVASP-79268,False,stoichiometric,LaInAg2
LiAg2Ge,1.19221,W/m/K,300.0,AGL Debye-Gruneisen (quasi-harmonic),3,semi-empirical,0.3,6.4246,225.0,Fm-3m,full_Heusler_L21,,"[""Li"", ""Ag"", ""Ag"", ""Ge""]","[[0.5, 0.5, 0.5], [0.25, 0.25, 0.25], [0.75, 0.75, 0.75], [0.0, 0.0, 0.0]]",A,conventional,AFLOW AGL,,aflowlib.duke.edu:AFLOWDATA/ICSD_WEB/FCC/Ag2Ge1Li1_ICSD_85307,,JARVIS-DFT (NIST),https://www.ctcms.nist.gov/~knc6/static/JARVIS-DFT/JVASP-16156.xml,JARVIS-DFT (NIST),JVASP-16156,False,stoichiometric,LiAg2Ge
LiAg2Sn,0.82723,W/m/K,300.0,AGL Debye-Gruneisen (quasi-harmonic),3,semi-empirical,0.3,6.66754,225.0,Fm-3m,full_Heusler_L21,,"[""Li"", ""Ag"", ""Ag"", ""Sn""]","[[0.0, 0.0, 0.0], [0.75, 0.75, 0.75], [0.25, 0.25, 0.25], [0.5, 0.5, 0.5]]",A,conventional,AFLOW AGL,,aflowlib.duke.edu:AFLOWDATA/ICSD_WEB/FCC/Ag2Li1Sn1_ICSD_151446,,JARVIS-DFT (NIST),https://www.ctcms.nist.gov/~knc6/static/JARVIS-DFT/JVASP-15102.xml,JARVIS-DFT (NIST),JVASP-15102,False,stoichiometric,LiAg2Sn
LiAl2Ir,8.64435,W/m/K,300.0,AGL Debye-Gruneisen (quasi-harmonic),3,semi-empirical,0.3,6.04467,225.0,Fm-3m,full_Heusler_L21,,"[""Li"", ""Al"", ""Al"", ""Ir""]","[[0.5, 0.5, 0.5], [0.75, 0.75, 0.75], [0.25, 0.25, 0.25], [0.0, 0.0, 0.0]]",A,conventional,AFLOW AGL,,aflowlib.duke.edu:AFLOWDATA/ICSD_WEB/FCC/Al2Ir1Li1_ICSD_105155,,JARVIS-DFT (NIST),https://www.ctcms.nist.gov/~knc6/static/JARVIS-DFT/JVASP-16583.xml,JARVIS-DFT (NIST),JVASP-16583,False,stoichiometric,LiAl2Ir
LiAl2Pt,7.86111,W/m/K,300.0,AGL Debye-Gruneisen (quasi-harmonic),3,semi-empirical,0.3,6.08914,225.0,Fm-3m,full_Heusler_L21,,"[""Li"", ""Al"", ""Al"", ""Pt""]","[[0.0, 0.0, 0.0], [0.25, 0.25, 0.25], [0.75, 0.75, 0.75], [0.5, 0.5, 0.5]]",A,conventional,AFLOW AGL,,aflowlib.duke.edu:AFLOWDATA/ICSD_WEB/FCC/Al2Li1Pt1_ICSD_105507,,JARVIS-DFT (NIST),https://www.ctcms.nist.gov/~knc6/static/JARVIS-DFT/JVASP-18766.xml,JARVIS-DFT (NIST),JVASP-18766,False,stoichiometric,LiAl2Pt
LiAl2Rh,9.40332,W/m/K,300.0,AGL Debye-Gruneisen (quasi-harmonic),3,semi-empirical,0.3,6.03582,225.0,Fm-3m,full_Heusler_L21,,"[""Li"", ""Al"", ""Al"", ""Rh""]","[[0.0, 0.0, 0.0], [0.25, 0.25, 0.25], [0.75, 0.75, 0.75], [0.5, 0.5, 0.5]]",A,conventional,AFLOW AGL,,aflowlib.duke.edu:AFLOWDATA/ICSD_WEB/FCC/Al2Li1Rh1_ICSD_105509,,JARVIS-DFT (NIST),https://www.ctcms.nist.gov/~knc6/static/JARVIS-DFT/JVASP-18768.xml,JARVIS-DFT (NIST),JVASP-18768,False,stoichiometric,LiAl2Rh
LiCu2Ge,2.17903,W/m/K,300.0,AGL Debye-Gruneisen (quasi-harmonic),3,semi-empirical,0.3,5.900876799679859,225.0,,full_L21,,,,C,primitive->conventional (x sqrt2),AFLOW AGL,,aflowlib.duke.edu:AFLOWDATA/ICSD_WEB/FCC/Cu2Ge1Li1_ICSD_15129,,AFLOW,aflowlib.duke.edu:AFLOWDATA/ICSD_WEB/FCC/Cu2Ge1Li1_ICSD_15129,AFLOW_AGL,aflow:3cb72890f73b7821,False,stoichiometric,LiCu2Ge
LiCu2Si,4.60526,W/m/K,300.0,AGL Debye-Gruneisen (quasi-harmonic),3,semi-empirical,0.3,5.78634,225.0,Fm-3m,full_Heusler_L21,,"[""Li"", ""Si"", ""Cu"", ""Cu""]","[[0.5, 0.5, 0.5], [0.0, 0.0, 0.0], [0.25, 0.25, 0.25], [0.75, 0.75, 0.75]]",A,conventional,AFLOW AGL,,aflowlib.duke.edu:AFLOWDATA/ICSD_WEB/FCC/Cu2Li1Si1_ICSD_15128,,JARVIS-DFT (NIST),https://www.ctcms.nist.gov/~knc6/static/JARVIS-DFT/JVASP-15810.xml,JARVIS-DFT (NIST),JVASP-15810,False,stoichiometric,LiCu2Si
LiGeRh2,9.65804,W/m/K,300.0,AGL Debye-Gruneisen (quasi-harmonic),3,semi-empirical,0.3,5.91143,225.0,Fm-3m,full_Heusler_L21,,"[""Li"", ""Ge"", ""Rh"", ""Rh""]","[[0.0, 0.0, 0.0], [0.5, 0.5, 0.5], [0.75, 0.75, 0.75], [0.25, 0.25, 0.25]]",A,conventional,AFLOW AGL,,aflowlib.duke.edu:AFLOWDATA/ICSD_WEB/FCC/Ge1Li1Rh2_ICSD_417739,,JARVIS-DFT (NIST),https://www.ctcms.nist.gov/~knc6/static/JARVIS-DFT/JVASP-17216.xml,JARVIS-DFT (NIST),JVASP-17216,False,stoichiometric,LiGeRh2
LiIn2Ir,3.03407,W/m/K,300.0,AGL Debye-Gruneisen (quasi-harmonic),3,semi-empirical,0.3,6.53374,225.0,Fm-3m,full_Heusler_L21,,"[""Li"", ""In"", ""In"", ""Ir""]","[[0.5, 0.5, 0.5], [0.75, 0.75, 0.75], [0.25, 0.25, 0.25], [0.0, 0.0, 0.0]]",A,conventional,AFLOW AGL,,aflowlib.duke.edu:AFLOWDATA/ICSD_WEB/FCC/In2Ir1Li1_ICSD_106798,,JARVIS-DFT (NIST),https://www.ctcms.nist.gov/~knc6/static/JARVIS-DFT/JVASP-18831.xml,JARVIS-DFT (NIST),JVASP-18831,False,stoichiometric,LiIn2Ir
LiIn2Pd,1.63892,W/m/K,300.0,AGL Debye-Gruneisen (quasi-harmonic),3,semi-empirical,0.3,6.63566,225.0,Fm-3m,full_Heusler_L21,,"[""Li"", ""In"", ""In"", ""Pd""]","[[0.0, 0.0, 0.0], [0.75, 0.75, 0.75], [0.25, 0.25, 0.25], [0.5, 0.5, 0.5]]",A,conventional,AFLOW AGL,,aflowlib.duke.edu:AFLOWDATA/ICSD_WEB/FCC/In2Li1Pd1_ICSD_106803,,JARVIS-DFT (NIST),https://www.ctcms.nist.gov/~knc6/static/JARVIS-DFT/JVASP-17839.xml,JARVIS-DFT (NIST),JVASP-17839,False,stoichiometric,LiIn2Pd
LiIn2Rh,2.54831,W/m/K,300.0,AGL Debye-Gruneisen (quasi-harmonic),3,semi-empirical,0.3,6.51827,225.0,Fm-3m,full_Heusler_L21,,"[""Li"", ""Rh"", ""In"", ""In""]","[[0.0, 0.0, 0.0], [0.5, 0.5, 0.5], [0.25, 0.25, 0.25], [0.75, 0.75, 0.75]]",A,conventional,AFLOW AGL,,aflowlib.duke.edu:AFLOWDATA/ICSD_WEB/FCC/In2Li1Rh1_ICSD_106806,,JARVIS-DFT (NIST),https://www.ctcms.nist.gov/~knc6/static/JARVIS-DFT/JVASP-188073.xml,JARVIS-DFT (NIST),JVASP-188073,False,stoichiometric,LiIn2Rh
LiInAg2,0.62658,W/m/K,300.0,AGL Debye-Gruneisen (quasi-harmonic),3,semi-empirical,0.3,6.672061597377531,225.0,,full_L21,,,,C,primitive->conventional (x sqrt2),AFLOW AGL,,aflowlib.duke.edu:AFLOWDATA/ICSD_WEB/FCC/Ag2In1Li1_ICSD_171472,,AFLOW,aflowlib.duke.edu:AFLOWDATA/ICSD_WEB/FCC/Ag2In1Li1_ICSD_171472,AFLOW_AGL,aflow:a19cdea5f11fd86f,False,stoichiometric,LiInAg2
LiMg2Ga,1.94365,W/m/K,300.0,AGL Debye-Gruneisen (quasi-harmonic),3,semi-empirical,0.3,6.63403,225.0,Fm-3m,full_Heusler_L21,,"[""Li"", ""Mg"", ""Mg"", ""Ga""]","[[0.5, 0.5, 0.5], [0.75, 0.75, 0.75], [0.25, 0.25, 0.25], [0.0, 0.0, 0.0]]",A,conventional,AFLOW AGL,,aflowlib.duke.edu:AFLOWDATA/ICSD_WEB/FCC/Ga1Li1Mg2_ICSD_103782,,JARVIS-DFT (NIST),https://www.ctcms.nist.gov/~knc6/static/JARVIS-DFT/JVASP-18703.xml,JARVIS-DFT (NIST),JVASP-18703,False,stoichiometric,LiMg2Ga
LiNi2Ge,6.22501,W/m/K,300.0,AGL Debye-Gruneisen (quasi-harmonic),3,semi-empirical,0.3,5.67532,225.0,Fm-3m,full_Heusler_L21,,"[""Li"", ""Ni"", ""Ni"", ""Ge""]","[[0.5, 0.5, 0.5], [0.25, 0.25, 0.25], [0.75, 0.75, 0.75], [0.0, 0.0, 0.0]]",A,conventional,AFLOW AGL,,aflowlib.duke.edu:AFLOWDATA/ICSD_WEB/FCC/Ge1Li1Ni2_ICSD_53673,,JARVIS-DFT (NIST),https://www.ctcms.nist.gov/~knc6/static/JARVIS-DFT/JVASP-17402.xml,JARVIS-DFT (NIST),JVASP-17402,False,stoichiometric,LiNi2Ge
LiPd2Pb,0.57286,W/m/K,300.0,AGL Debye-Gruneisen (quasi-harmonic),3,semi-empirical,0.3,6.48691,225.0,Fm-3m,full_Heusler_L21,,"[""Li"", ""Pd"", ""Pd"", ""Pb""]","[[0.5, 0.5, 0.5], [0.25, 0.25, 0.25], [0.75, 0.75, 0.75], [0.0, 0.0, 0.0]]",A,conventional,AFLOW AGL,,aflowlib.duke.edu:AFLOWDATA/ICSD_WEB/FCC/Li1Pb1Pd2_ICSD_104767,,JARVIS-DFT (NIST),https://www.ctcms.nist.gov/~knc6/static/JARVIS-DFT/JVASP-18739.xml,JARVIS-DFT (NIST),JVASP-18739,False,stoichiometric,LiPd2Pb
LiSnPd2,1.25016,W/m/K,300.0,AGL Debye-Gruneisen (quasi-harmonic),3,semi-empirical,0.3,6.34406,225.0,Fm-3m,full_Heusler_L21,,"[""Li"", ""Sn"", ""Pd"", ""Pd""]","[[0.5, 0.5, 0.5], [0.0, 0.0, 0.0], [0.25, 0.25, 0.25], [0.75, 0.75, 0.75]]",A,conventional,AFLOW AGL,,aflowlib.duke.edu:AFLOWDATA/ICSD_WEB/FCC/Li1Pd2Sn1_ICSD_642271,,JARVIS-DFT (NIST),https://www.ctcms.nist.gov/~knc6/static/JARVIS-DFT/JVASP-8123.xml,JARVIS-DFT (NIST),JVASP-8123,False,stoichiometric,LiSnPd2
LuInCu2,3.80571,W/m/K,300.0,AGL Debye-Gruneisen (quasi-harmonic),3,semi-empirical,0.3,6.48314,225.0,Fm-3m,full_Heusler_L21,,"[""Lu"", ""In"", ""Cu"", ""Cu""]","[[0.5, 0.5, 0.5], [0.0, 0.0, 0.0], [0.25, 0.25, 0.25], [0.75, 0.75, 0.75]]",A,conventional,AFLOW AGL,,aflowlib.duke.edu:AFLOWDATA/ICSD_WEB/FCC/Cu2In1Lu1_ICSD_102992,,Materials Project,https://next-gen.materialsproject.org/materials/mp-4972,"Materials Project (OPTIMADE, keyless)",mp-4972,False,stoichiometric,LuInCu2
MgInAg2,0.931927,W/m/K,300.0,AGL Debye-Gruneisen (quasi-harmonic),3,semi-empirical,0.3,6.73649,225.0,Fm-3m,full_Heusler_L21,,"[""Mg"", ""In"", ""Ag"", ""Ag""]","[[0.75, 0.75, 0.75], [0.25, 0.25, 0.25], [0.5, 0.5, 0.5], [0.0, 0.0, 0.0]]",A,conventional,AFLOW AGL,,aflowlib.duke.edu:AFLOWDATA/ICSD_WEB/FCC/Ag2In1Mg1_ICSD_605394,,JARVIS-DFT (NIST),https://www.ctcms.nist.gov/~knc6/static/JARVIS-DFT/JVASP-39159.xml,JARVIS-DFT (NIST),JVASP-39159,False,stoichiometric,MgInAg2
MgNi2Sb,3.62403,W/m/K,300.0,AGL Debye-Gruneisen (quasi-harmonic),3,semi-empirical,0.3,6.18741,225.0,Fm-3m,full_Heusler_L21,,"[""Mg"", ""Ni"", ""Ni"", ""Sb""]","[[0.0, 0.0, 0.0], [0.25, 0.25, 0.25], [0.75, 0.75, 0.75], [0.5, 0.5, 0.5]]",A,conventional,AFLOW AGL,,aflowlib.duke.edu:AFLOWDATA/ICSD_WEB/FCC/Mg1Ni2Sb1_ICSD_104841,,JARVIS-DFT (NIST),https://www.ctcms.nist.gov/~knc6/static/JARVIS-DFT/JVASP-18741.xml,JARVIS-DFT (NIST),JVASP-18741,False,stoichiometric,MgNi2Sb
MgNi2Sn,4.31094,W/m/K,300.0,AGL Debye-Gruneisen (quasi-harmonic),3,semi-empirical,0.3,6.16903,225.0,Fm-3m,full_Heusler_L21,,"[""Mg"", ""Ni"", ""Ni"", ""Sn""]","[[0.5, 0.5, 0.5], [0.25, 0.25, 0.25], [0.75, 0.75, 0.75], [0.0, 0.0, 0.0]]",A,conventional,AFLOW AGL,,aflowlib.duke.edu:AFLOWDATA/ICSD_WEB/FCC/Mg1Ni2Sn1_ICSD_104842,,JARVIS-DFT (NIST),https://www.ctcms.nist.gov/~knc6/static/JARVIS-DFT/JVASP-18742.xml,JARVIS-DFT (NIST),JVASP-18742,False,stoichiometric,MgNi2Sn
Mn2SnW,15.1916,W/m/K,300.0,AGL Debye-Gruneisen (quasi-harmonic),3,semi-empirical,0.3,6.09181,225.0,Fm-3m,full_Heusler_L21,,"[""Mn"", ""Mn"", ""Sn"", ""W""]","[[0.25, 0.25, 0.25], [0.75, 0.75, 0.75], [0.5, 0.5, 0.5], [0.0, 0.0, 0.0]]",A,conventional,AFLOW AGL,,aflowlib.duke.edu:AFLOWDATA/ICSD_WEB/FCC/Mn2Sn1W1_ICSD_104980,,JARVIS-DFT (NIST),https://www.ctcms.nist.gov/~knc6/static/JARVIS-DFT/JVASP-18254.xml,JARVIS-DFT (NIST),JVASP-18254,False,stoichiometric,Mn2SnW
MnAlAu2,1.37962,W/m/K,300.0,AGL Debye-Gruneisen (quasi-harmonic),3,semi-empirical,0.3,6.38082,225.0,Fm-3m,full_Heusler_L21,,"[""Mn"", ""Al"", ""Au"", ""Au""]","[[0.5, 0.5, 0.5], [0.0, 0.0, 0.0], [0.25, 0.25, 0.25], [0.75, 0.75, 0.75]]",A,conventional,AFLOW AGL,,aflowlib.duke.edu:AFLOWDATA/ICSD_WEB/FCC/Al1Au2Mn1_ICSD_57504,,JARVIS-DFT (NIST),https://www.ctcms.nist.gov/~knc6/static/JARVIS-DFT/JVASP-15583.xml,JARVIS-DFT (NIST),JVASP-15583,False,stoichiometric,MnAlAu2
MnAlNi2,10.4247,W/m/K,300.0,AGL Debye-Gruneisen (quasi-harmonic),3,semi-empirical,0.3,5.78647,225.0,Fm-3m,full_Heusler_L21,,"[""Mn"", ""Al"", ""Ni"", ""Ni""]","[[0.5, 0.5, 0.5], [0.0, 0.0, 0.0], [0.25, 0.25, 0.25], [0.75, 0.75, 0.75]]",A,conventional,AFLOW AGL,,aflowlib.duke.edu:AFLOWDATA/ICSD_WEB/FCC/Al1Mn1Ni2_ICSD_57976,,JARVIS-DFT (NIST),https://www.ctcms.nist.gov/~knc6/static/JARVIS-DFT/JVASP-15480.xml,JARVIS-DFT (NIST),JVASP-15480,False,stoichiometric,MnAlNi2
MnAlPd2,2.62667,W/m/K,300.0,AGL Debye-Gruneisen (quasi-harmonic),3,semi-empirical,0.3,6.17226,225.0,Fm-3m,full_Heusler_L21,,"[""Mn"", ""Al"", ""Pd"", ""Pd""]","[[0.5, 0.5, 0.5], [0.0, 0.0, 0.0], [0.25, 0.25, 0.25], [0.75, 0.75, 0.75]]",A,conventional,AFLOW AGL,,aflowlib.duke.edu:AFLOWDATA/ICSD_WEB/FCC/Al1Mn1Pd2_ICSD_57981,,JARVIS-DFT (NIST),https://www.ctcms.nist.gov/~knc6/static/JARVIS-DFT/JVASP-16366.xml,JARVIS-DFT (NIST),JVASP-16366,False,stoichiometric,MnAlPd2
MnAlRh2,10.9375,W/m/K,300.0,AGL Debye-Gruneisen (quasi-harmonic),3,semi-empirical,0.3,6.03226,225.0,Fm-3m,full_Heusler_L21,,"[""Mn"", ""Al"", ""Rh"", ""Rh""]","[[0.5, 0.5, 0.5], [0.0, 0.0, 0.0], [0.25, 0.25, 0.25], [0.75, 0.75, 0.75]]",A,conventional,AFLOW AGL,,aflowlib.duke.edu:AFLOWDATA/ICSD_WEB/FCC/Al1Mn1Rh2_ICSD_57986,,JARVIS-DFT (NIST),https://www.ctcms.nist.gov/~knc6/static/JARVIS-DFT/JVASP-16369.xml,JARVIS-DFT (NIST),JVASP-16369,False,stoichiometric,MnAlRh2
MnAsPd2,1.34173,W/m/K,300.0,AGL Debye-Gruneisen (quasi-harmonic),3,semi-empirical,0.3,6.27754,216.0,F-43m,inverse_Heusler_XA,,"[""Mn"", ""As"", ""Pd"", ""Pd""]","[[0.75, 0.75, 0.75], [0.5, 0.5, 0.5], [0.0, 0.0, 0.0], [0.25, 0.25, 0.25]]",A,conventional,AFLOW AGL,,aflowlib.duke.edu:AFLOWDATA/ICSD_WEB/FCC/As1Mn1Pd2_ICSD_107955,,JARVIS-DFT (NIST),https://www.ctcms.nist.gov/~knc6/static/JARVIS-DFT/JVASP-75518.xml,JARVIS-DFT (NIST),JVASP-75518,False,stoichiometric,MnAsPd2
MnCo2Ge,14.6521,W/m/K,300.0,AGL Debye-Gruneisen (quasi-harmonic),3,semi-empirical,0.3,5.73089,225.0,Fm-3m,full_Heusler_L21,,"[""Mn"", ""Co"", ""Co"", ""Ge""]","[[0.75, 0.75, 0.75], [0.5, 0.5, 0.5], [0.0, 0.0, 0.0], [0.25, 0.25, 0.25]]",A,conventional,AFLOW AGL,,aflowlib.duke.edu:AFLOWDATA/ICSD_WEB/FCC/Co2Ge1Mn1_ICSD_185088,,JARVIS-DFT (NIST),https://www.ctcms.nist.gov/~knc6/static/JARVIS-DFT/JVASP-80738.xml,JARVIS-DFT (NIST),JVASP-80738,False,stoichiometric,MnCo2Ge
MnCo2Sn,4.13052,W/m/K,300.0,AGL Debye-Gruneisen (quasi-harmonic),3,semi-empirical,0.3,5.98157,225.0,Fm-3m,full_Heusler_L21,,"[""Mn"", ""Co"", ""Co"", ""Sn""]","[[0.0, 0.0, 0.0], [0.25, 0.25, 0.25], [0.75, 0.75, 0.75], [0.5, 0.5, 0.5]]",A,conventional,AFLOW AGL,,aflowlib.duke.edu:AFLOWDATA/ICSD_WEB/FCC/Co2Mn1Sn1_ICSD_102531,,JARVIS-DFT (NIST),https://www.ctcms.nist.gov/~knc6/static/JARVIS-DFT/JVASP-17849.xml,JARVIS-DFT (NIST),JVASP-17849,False,stoichiometric,MnCo2Sn
MnGaCo2,4.26312,W/m/K,300.0,AGL Debye-Gruneisen (quasi-harmonic),3,semi-empirical,0.3,5.67887,225.0,Fm-3m,full_Heusler_L21,,"[""Mn"", ""Ga"", ""Co"", ""Co""]","[[0.5, 0.5, 0.5], [0.0, 0.0, 0.0], [0.75, 0.75, 0.75], [0.25, 0.25, 0.25]]",A,conventional,AFLOW AGL,,aflowlib.duke.edu:AFLOWDATA/ICSD_WEB/FCC/Co2Ga1Mn1_ICSD_102438,,Materials Project,https://next-gen.materialsproject.org/materials/mp-21171,"Materials Project (OPTIMADE, keyless)",mp-21171,False,stoichiometric,MnGaCo2
MnGaNi2,10.6305,W/m/K,300.0,AGL Debye-Gruneisen (quasi-harmonic),3,semi-empirical,0.3,5.78826,225.0,Fm-3m,full_Heusler_L21,,"[""Mn"", ""Ga"", ""Ni"", ""Ni""]","[[0.5, 0.5, 0.5], [0.0, 0.0, 0.0], [0.25, 0.25, 0.25], [0.75, 0.75, 0.75]]",A,conventional,AFLOW AGL,,aflowlib.duke.edu:AFLOWDATA/ICSD_WEB/FCC/Ga1Mn1Ni2_ICSD_103803,,JARVIS-DFT (NIST),https://www.ctcms.nist.gov/~knc6/static/JARVIS-DFT/JVASP-17637.xml,JARVIS-DFT (NIST),JVASP-17637,False,stoichiometric,MnGaNi2
MnGePd2,1.79043,W/m/K,300.0,AGL Debye-Gruneisen (quasi-harmonic),3,semi-empirical,0.3,6.302584162071936,225.0,,full_L21,,,,C,primitive->conventional (x sqrt2),AFLOW AGL,,aflowlib.duke.edu:AFLOWDATA/ICSD_WEB/FCC/Ge1Mn1Pd2_ICSD_53705,,AFLOW,aflowlib.duke.edu:AFLOWDATA/ICSD_WEB/FCC/Ge1Mn1Pd2_ICSD_53705,AFLOW_AGL,aflow:2bc72b69d5ebd9ad,False,stoichiometric,MnGePd2
MnGeRh2,3.91436,W/m/K,300.0,AGL Debye-Gruneisen (quasi-harmonic),3,semi-empirical,0.3,6.07648,225.0,Fm-3m,full_Heusler_L21,,"[""Mn"", ""Ge"", ""Rh"", ""Rh""]","[[0.5, 0.5, 0.5], [0.0, 0.0, 0.0], [0.25, 0.25, 0.25], [0.75, 0.75, 0.75]]",A,conventional,AFLOW AGL,,aflowlib.duke.edu:AFLOWDATA/ICSD_WEB/FCC/Ge1Mn1Rh2_ICSD_53706,,JARVIS-DFT (NIST),https://www.ctcms.nist.gov/~knc6/static/JARVIS-DFT/JVASP-15427.xml,JARVIS-DFT (NIST),JVASP-15427,False,stoichiometric,MnGeRh2
MnInCu2,2.36892,W/m/K,300.0,AGL Debye-Gruneisen (quasi-harmonic),3,semi-empirical,0.3,6.20061,225.0,Fm-3m,full_Heusler_L21,,"[""Mn"", ""In"", ""Cu"", ""Cu""]","[[0.5, 0.5, 0.5], [0.0, 0.0, 0.0], [0.75, 0.75, 0.75], [0.25, 0.25, 0.25]]",A,conventional,AFLOW AGL,,aflowlib.duke.edu:AFLOWDATA/ICSD_WEB/FCC/Cu2In1Mn1_ICSD_102996,,JARVIS-DFT (NIST),https://www.ctcms.nist.gov/~knc6/static/JARVIS-DFT/JVASP-18265.xml,JARVIS-DFT (NIST),JVASP-18265,False,stoichiometric,MnInCu2
MnInPd2,2.11036,W/m/K,300.0,AGL Debye-Gruneisen (quasi-harmonic),3,semi-empirical,0.3,6.38209,225.0,Fm-3m,full_Heusler_L21,,"[""Mn"", ""In"", ""Pd"", ""Pd""]","[[0.5, 0.5, 0.5], [0.0, 0.0, 0.0], [0.25, 0.25, 0.25], [0.75, 0.75, 0.75]]",A,conventional,AFLOW AGL,,aflowlib.duke.edu:AFLOWDATA/ICSD_WEB/FCC/In1Mn1Pd2_ICSD_51988,,Materials Project,https://next-gen.materialsproject.org/materials/mp-31328,"Materials Project (OPTIMADE, keyless)",mp-31328,False,stoichiometric,MnInPd2
MnNi2Ge,1.25593,W/m/K,300.0,AGL Debye-Gruneisen (quasi-harmonic),3,semi-empirical,0.3,5.80116,225.0,Fm-3m,full_Heusler_L21,,"[""Mn"", ""Ni"", ""Ni"", ""Ge""]","[[0.5, 0.5, 0.5], [0.25, 0.25, 0.25], [0.75, 0.75, 0.75], [0.0, 0.0, 0.0]]",A,conventional,AFLOW AGL,,aflowlib.duke.edu:AFLOWDATA/ICSD_WEB/FCC/Ge1Mn1Ni2_ICSD_53687,,JARVIS-DFT (NIST),https://www.ctcms.nist.gov/~knc6/static/JARVIS-DFT/JVASP-18142.xml,JARVIS-DFT (NIST),JVASP-18142,False,stoichiometric,MnNi2Ge
MnNi2Sb,2.46844,W/m/K,300.0,AGL Debye-Gruneisen (quasi-harmonic),3,semi-empirical,0.3,6.06549,225.0,Fm-3m,full_Heusler_L21,,"[""Mn"", ""Ni"", ""Ni"", ""Sb""]","[[0.0, 0.0, 0.0], [0.25, 0.25, 0.25], [0.75, 0.75, 0.75], [0.5, 0.5, 0.5]]",A,conventional,AFLOW AGL,,aflowlib.duke.edu:AFLOWDATA/ICSD_WEB/FCC/Mn1Ni2Sb1_ICSD_643107,,JARVIS-DFT (NIST),https://www.ctcms.nist.gov/~knc6/static/JARVIS-DFT/JVASP-15520.xml,JARVIS-DFT (NIST),JVASP-15520,False,stoichiometric,MnNi2Sb
MnRh2Pb,3.53935,W/m/K,300.0,AGL Debye-Gruneisen (quasi-harmonic),3,semi-empirical,0.3,6.39408,225.0,Fm-3m,full_Heusler_L21,,"[""Mn"", ""Rh"", ""Rh"", ""Pb""]","[[0.0, 0.0, 0.0], [0.25, 0.25, 0.25], [0.75, 0.75, 0.75], [0.5, 0.5, 0.5]]",A,conventional,AFLOW AGL,,aflowlib.duke.edu:AFLOWDATA/ICSD_WEB/FCC/Mn1Pb1Rh2_ICSD_104936,,JARVIS-DFT (NIST),https://www.ctcms.nist.gov/~knc6/static/JARVIS-DFT/JVASP-15424.xml,JARVIS-DFT (NIST),JVASP-15424,False,stoichiometric,MnRh2Pb
MnSbPd2,1.91199,W/m/K,300.0,AGL Debye-Gruneisen (quasi-harmonic),3,semi-empirical,0.3,6.47379,225.0,Fm-3m,full_Heusler_L21,,"[""Mn"", ""Sb"", ""Pd"", ""Pd""]","[[0.0, 0.0, 0.0], [0.5, 0.5, 0.5], [0.25, 0.25, 0.25], [0.75, 0.75, 0.75]]",A,conventional,AFLOW AGL,,aflowlib.duke.edu:AFLOWDATA/ICSD_WEB/FCC/Mn1Pd2Sb1_ICSD_643311,,JARVIS-DFT (NIST),https://www.ctcms.nist.gov/~knc6/static/JARVIS-DFT/JVASP-15220.xml,JARVIS-DFT (NIST),JVASP-15220,False,stoichiometric,MnSbPd2
MnSnPd2,2.05658,W/m/K,300.0,AGL Debye-Gruneisen (quasi-harmonic),3,semi-empirical,0.3,6.41678,225.0,Fm-3m,full_Heusler_L21,,"[""Mn"", ""Sn"", ""Pd"", ""Pd""]","[[0.0, 0.0, 0.0], [0.5, 0.5, 0.5], [0.25, 0.25, 0.25], [0.75, 0.75, 0.75]]",A,conventional,AFLOW AGL,,aflowlib.duke.edu:AFLOWDATA/ICSD_WEB/FCC/Mn1Pd2Sn1_ICSD_104945,,JARVIS-DFT (NIST),https://www.ctcms.nist.gov/~knc6/static/JARVIS-DFT/JVASP-17721.xml,JARVIS-DFT (NIST),JVASP-17721,False,stoichiometric,MnSnPd2
MnSnRh2,5.34893,W/m/K,300.0,AGL Debye-Gruneisen (quasi-harmonic),3,semi-empirical,0.3,6.28885,225.0,Fm-3m,full_Heusler_L21,,"[""Mn"", ""Sn"", ""Rh"", ""Rh""]","[[0.0, 0.0, 0.0], [0.5, 0.5, 0.5], [0.25, 0.25, 0.25], [0.75, 0.75, 0.75]]",A,conventional,AFLOW AGL,,aflowlib.duke.edu:AFLOWDATA/ICSD_WEB/FCC/Mn1Rh2Sn1_ICSD_104964,,JARVIS-DFT (NIST),https://www.ctcms.nist.gov/~knc6/static/JARVIS-DFT/JVASP-15496.xml,JARVIS-DFT (NIST),JVASP-15496,False,stoichiometric,MnSnRh2
NbAlCo2,23.0936,W/m/K,300.0,AGL Debye-Gruneisen (quasi-harmonic),3,semi-empirical,0.3,5.96899,225.0,Fm-3m,full_Heusler_L21,,"[""Nb"", ""Al"", ""Co"", ""Co""]","[[0.0, 0.0, 0.0], [0.5, 0.5, 0.5], [0.25, 0.25, 0.25], [0.75, 0.75, 0.75]]",A,conventional,AFLOW AGL,,aflowlib.duke.edu:AFLOWDATA/ICSD_WEB/FCC/Al1Co2Nb1_ICSD_57620,,JARVIS-DFT (NIST),https://www.ctcms.nist.gov/~knc6/static/JARVIS-DFT/JVASP-15524.xml,JARVIS-DFT (NIST),JVASP-15524,False,stoichiometric,NbAlCo2
NbCo2Sn,4.34209,W/m/K,300.0,AGL Debye-Gruneisen (quasi-harmonic),3,semi-empirical,0.3,6.1734,225.0,Fm-3m,full_Heusler_L21,,"[""Nb"", ""Co"", ""Co"", ""Sn""]","[[0.5, 0.5, 0.5], [0.25, 0.25, 0.25], [0.75, 0.75, 0.75], [0.0, 0.0, 0.0]]",A,conventional,AFLOW AGL,,aflowlib.duke.edu:AFLOWDATA/ICSD_WEB/FCC/Co2Nb1Sn1_ICSD_102554,,JARVIS-DFT (NIST),https://www.ctcms.nist.gov/~knc6/static/JARVIS-DFT/JVASP-15412.xml,JARVIS-DFT (NIST),JVASP-15412,False,stoichiometric,NbCo2Sn
NbGaNi2,6.63232,W/m/K,300.0,AGL Debye-Gruneisen (quasi-harmonic),3,semi-empirical,0.3,5.99076,225.0,Fm-3m,full_Heusler_L21,,"[""Nb"", ""Ga"", ""Ni"", ""Ni""]","[[0.5, 0.5, 0.5], [0.0, 0.0, 0.0], [0.75, 0.75, 0.75], [0.25, 0.25, 0.25]]",A,conventional,AFLOW AGL,,aflowlib.duke.edu:AFLOWDATA/ICSD_WEB/FCC/Ga1Nb1Ni2_ICSD_103839,,JARVIS-DFT (NIST),https://www.ctcms.nist.gov/~knc6/static/JARVIS-DFT/JVASP-15228.xml,JARVIS-DFT (NIST),JVASP-15228,False,stoichiometric,NbGaNi2
ScAlAg2,1.73563,W/m/K,300.0,AGL Debye-Gruneisen (quasi-harmonic),3,semi-empirical,0.3,6.58695,225.0,Fm-3m,full_Heusler_L21,,"[""Sc"", ""Al"", ""Ag"", ""Ag""]","[[0.5, 0.5, 0.5], [0.0, 0.0, 0.0], [0.25, 0.25, 0.25], [0.75, 0.75, 0.75]]",A,conventional,AFLOW AGL,,aflowlib.duke.edu:AFLOWDATA/ICSD_WEB/FCC/Ag2Al1Sc1_ICSD_57333,,JARVIS-DFT (NIST),https://www.ctcms.nist.gov/~knc6/static/JARVIS-DFT/JVASP-193857.xml,JARVIS-DFT (NIST),JVASP-193857,False,stoichiometric,ScAlAg2
ScAlAu2,0.903351,W/m/K,300.0,AGL Debye-Gruneisen (quasi-harmonic),3,semi-empirical,0.3,6.58632,225.0,Fm-3m,full_Heusler_L21,,"[""Sc"", ""Al"", ""Au"", ""Au""]","[[0.5, 0.5, 0.5], [0.0, 0.0, 0.0], [0.25, 0.25, 0.25], [0.75, 0.75, 0.75]]",A,conventional,AFLOW AGL,,aflowlib.duke.edu:AFLOWDATA/ICSD_WEB/FCC/Al1Au2Sc1_ICSD_57505,,JARVIS-DFT (NIST),https://www.ctcms.nist.gov/~knc6/static/JARVIS-DFT/JVASP-16356.xml,JARVIS-DFT (NIST),JVASP-16356,False,stoichiometric,ScAlAu2
ScAlCu2,5.8271,W/m/K,300.0,AGL Debye-Gruneisen (quasi-harmonic),3,semi-empirical,0.3,6.20912,225.0,Fm-3m,full_Heusler_L21,,"[""Sc"", ""Al"", ""Cu"", ""Cu""]","[[0.5, 0.5, 0.5], [0.0, 0.0, 0.0], [0.25, 0.25, 0.25], [0.75, 0.75, 0.75]]",A,conventional,AFLOW AGL,,aflowlib.duke.edu:AFLOWDATA/ICSD_WEB/FCC/Al1Cu2Sc1_ICSD_57709,,JARVIS-DFT (NIST),https://www.ctcms.nist.gov/~knc6/static/JARVIS-DFT/JVASP-17418.xml,JARVIS-DFT (NIST),JVASP-17418,False,stoichiometric,ScAlCu2
ScCo2Sn,4.41102,W/m/K,300.0,AGL Debye-Gruneisen (quasi-harmonic),3,semi-empirical,0.3,6.19201,225.0,Fm-3m,full_Heusler_L21,,"[""Sc"", ""Co"", ""Co"", ""Sn""]","[[0.5, 0.5, 0.5], [0.25, 0.25, 0.25], [0.75, 0.75, 0.75], [0.0, 0.0, 0.0]]",A,conventional,AFLOW AGL,,aflowlib.duke.edu:AFLOWDATA/ICSD_WEB/FCC/Co2Sc1Sn1_ICSD_102646,,JARVIS-DFT (NIST),https://www.ctcms.nist.gov/~knc6/static/JARVIS-DFT/JVASP-15267.xml,JARVIS-DFT (NIST),JVASP-15267,False,stoichiometric,ScCo2Sn
ScGaCu2,2.76616,W/m/K,300.0,AGL Debye-Gruneisen (quasi-harmonic),3,semi-empirical,0.3,6.18643,225.0,Fm-3m,full_Heusler_L21,,"[""Sc"", ""Ga"", ""Cu"", ""Cu""]","[[0.5, 0.5, 0.5], [0.0, 0.0, 0.0], [0.75, 0.75, 0.75], [0.25, 0.25, 0.25]]",A,conventional,AFLOW AGL,,aflowlib.duke.edu:AFLOWDATA/ICSD_WEB/FCC/Cu2Ga1Sc1_ICSD_102930,,JARVIS-DFT (NIST),https://www.ctcms.nist.gov/~knc6/static/JARVIS-DFT/JVASP-16499.xml,JARVIS-DFT (NIST),JVASP-16499,False,stoichiometric,ScGaCu2
ScGaPd2,2.43747,W/m/K,300.0,AGL Debye-Gruneisen (quasi-harmonic),3,semi-empirical,0.3,6.34682,225.0,Fm-3m,full_Heusler_L21,,"[""Sc"", ""Ga"", ""Pd"", ""Pd""]","[[0.5, 0.5, 0.5], [0.0, 0.0, 0.0], [0.25, 0.25, 0.25], [0.75, 0.75, 0.75]]",A,conventional,AFLOW AGL,,aflowlib.duke.edu:AFLOWDATA/ICSD_WEB/FCC/Ga1Pd2Sc1_ICSD_103909,,Materials Project,https://next-gen.materialsproject.org/materials/mp-30661,"Materials Project (OPTIMADE, keyless)",mp-30661,False,stoichiometric,ScGaPd2
ScInAg2,0.930198,W/m/K,300.0,AGL Debye-Gruneisen (quasi-harmonic),3,semi-empirical,0.3,6.76755,225.0,Fm-3m,full_Heusler_L21,,"[""Sc"", ""In"", ""Ag"", ""Ag""]","[[0.5, 0.5, 0.5], [0.0, 0.0, 0.0], [0.75, 0.75, 0.75], [0.25, 0.25, 0.25]]",A,conventional,AFLOW AGL,,aflowlib.duke.edu:AFLOWDATA/ICSD_WEB/FCC/Ag2In1Sc1_ICSD_58298,,JARVIS-DFT (NIST),https://www.ctcms.nist.gov/~knc6/static/JARVIS-DFT/JVASP-18587.xml,JARVIS-DFT (NIST),JVASP-18587,False,stoichiometric,ScInAg2
ScInCu2,3.51917,W/m/K,300.0,AGL Debye-Gruneisen (quasi-harmonic),3,semi-empirical,0.3,6.4119,225.0,Fm-3m,full_Heusler_L21,,"[""Sc"", ""In"", ""Cu"", ""Cu""]","[[0.5, 0.5, 0.5], [0.0, 0.0, 0.0], [0.75, 0.75, 0.75], [0.25, 0.25, 0.25]]",A,conventional,AFLOW AGL,,aflowlib.duke.edu:AFLOWDATA/ICSD_WEB/FCC/Cu2In1Sc1_ICSD_103009,,JARVIS-DFT (NIST),https://www.ctcms.nist.gov/~knc6/static/JARVIS-DFT/JVASP-17953.xml,JARVIS-DFT (NIST),JVASP-17953,False,stoichiometric,ScInCu2
ScInNi2,6.19793,W/m/K,300.0,AGL Debye-Gruneisen (quasi-harmonic),3,semi-empirical,0.3,6.26095,225.0,Fm-3m,full_Heusler_L21,,"[""Sc"", ""In"", ""Ni"", ""Ni""]","[[0.5, 0.5, 0.5], [0.0, 0.0, 0.0], [0.75, 0.75, 0.75], [0.25, 0.25, 0.25]]",A,conventional,AFLOW AGL,,aflowlib.duke.edu:AFLOWDATA/ICSD_WEB/FCC/In1Ni2Sc1_ICSD_59446,,JARVIS-DFT (NIST),https://www.ctcms.nist.gov/~knc6/static/JARVIS-DFT/JVASP-18039.xml,JARVIS-DFT (NIST),JVASP-18039,False,stoichiometric,ScInNi2
ScInPd2,3.73186,W/m/K,300.0,AGL Debye-Gruneisen (quasi-harmonic),3,semi-empirical,0.3,6.56749,225.0,Fm-3m,full_Heusler_L21,,"[""Sc"", ""In"", ""Pd"", ""Pd""]","[[0.5, 0.5, 0.5], [0.0, 0.0, 0.0], [0.75, 0.75, 0.75], [0.25, 0.25, 0.25]]",A,conventional,AFLOW AGL,,aflowlib.duke.edu:AFLOWDATA/ICSD_WEB/FCC/In1Pd2Sc1_ICSD_59481,,JARVIS-DFT (NIST),https://www.ctcms.nist.gov/~knc6/static/JARVIS-DFT/JVASP-18839.xml,JARVIS-DFT (NIST),JVASP-18839,False,stoichiometric,ScInPd2
ScInPt2,2.77742,W/m/K,300.0,AGL Debye-Gruneisen (quasi-harmonic),3,semi-empirical,0.3,6.55834,225.0,Fm-3m,full_Heusler_L21,,"[""Sc"", ""In"", ""Pt"", ""Pt""]","[[0.5, 0.5, 0.5], [0.0, 0.0, 0.0], [0.25, 0.25, 0.25], [0.75, 0.75, 0.75]]",A,conventional,AFLOW AGL,,aflowlib.duke.edu:AFLOWDATA/ICSD_WEB/FCC/In1Pt2Sc1_ICSD_59502,,Materials Project,https://next-gen.materialsproject.org/materials/mp-20521,"Materials Project (OPTIMADE, keyless)",mp-20521,False,stoichiometric,ScInPt2
ScNi2Sn,5.89955,W/m/K,300.0,AGL Debye-Gruneisen (quasi-harmonic),3,semi-empirical,0.3,6.25669,225.0,Fm-3m,full_Heusler_L21,,"[""Sc"", ""Ni"", ""Ni"", ""Sn""]","[[0.0, 0.0, 0.0], [0.25, 0.25, 0.25], [0.75, 0.75, 0.75], [0.5, 0.5, 0.5]]",A,conventional,AFLOW AGL,,aflowlib.duke.edu:AFLOWDATA/ICSD_WEB/FCC/Ni2Sc1Sn1_ICSD_105339,,JARVIS-DFT (NIST),https://www.ctcms.nist.gov/~knc6/static/JARVIS-DFT/JVASP-15403.xml,JARVIS-DFT (NIST),JVASP-15403,False,stoichiometric,ScNi2Sn
ScSnPd2,2.92126,W/m/K,300.0,AGL Debye-Gruneisen (quasi-harmonic),3,semi-empirical,0.3,6.57867,225.0,Fm-3m,full_Heusler_L21,,"[""Sc"", ""Sn"", ""Pd"", ""Pd""]","[[0.5, 0.5, 0.5], [0.0, 0.0, 0.0], [0.25, 0.25, 0.25], [0.75, 0.75, 0.75]]",A,conventional,AFLOW AGL,,aflowlib.duke.edu:AFLOWDATA/ICSD_WEB/FCC/Pd2Sc1Sn1_ICSD_601324,,JARVIS-DFT (NIST),https://www.ctcms.nist.gov/~knc6/static/JARVIS-DFT/JVASP-8073.xml,JARVIS-DFT (NIST),JVASP-8073,False,stoichiometric,ScSnPd2
ScSnPt2,1.47765,W/m/K,300.0,AGL Debye-Gruneisen (quasi-harmonic),3,semi-empirical,0.3,6.62505,225.0,Fm-3m,full_Heusler_L21,,"[""Sc"", ""Sn"", ""Pt"", ""Pt""]","[[0.5, 0.5, 0.5], [0.0, 0.0, 0.0], [0.25, 0.25, 0.25], [0.75, 0.75, 0.75]]",A,conventional,AFLOW AGL,,aflowlib.duke.edu:AFLOWDATA/ICSD_WEB/FCC/Pt2Sc1Sn1_ICSD_105788,,Materials Project,https://next-gen.materialsproject.org/materials/mp-30844,"Materials Project (OPTIMADE, keyless)",mp-30844,False,stoichiometric,ScSnPt2
TaAlCo2,13.6196,W/m/K,300.0,AGL Debye-Gruneisen (quasi-harmonic),3,semi-empirical,0.3,5.94745,225.0,Fm-3m,full_Heusler_L21,,"[""Ta"", ""Al"", ""Co"", ""Co""]","[[0.0, 0.0, 0.0], [0.5, 0.5, 0.5], [0.25, 0.25, 0.25], [0.75, 0.75, 0.75]]",A,conventional,AFLOW AGL,,aflowlib.duke.edu:AFLOWDATA/ICSD_WEB/FCC/Al1Co2Ta1_ICSD_57634,,JARVIS-DFT (NIST),https://www.ctcms.nist.gov/~knc6/static/JARVIS-DFT/JVASP-15192.xml,JARVIS-DFT (NIST),JVASP-15192,False,stoichiometric,TaAlCo2
TaGaCo2,11.2182,W/m/K,300.0,AGL Debye-Gruneisen (quasi-harmonic),3,semi-empirical,0.3,5.94021,225.0,Fm-3m,full_Heusler_L21,,"[""Ta"", ""Ga"", ""Co"", ""Co""]","[[0.5, 0.5, 0.5], [0.0, 0.0, 0.0], [0.25, 0.25, 0.25], [0.75, 0.75, 0.75]]",A,conventional,AFLOW AGL,,aflowlib.duke.edu:AFLOWDATA/ICSD_WEB/FCC/Co2Ga1Ta1_ICSD_102451,,JARVIS-DFT (NIST),https://www.ctcms.nist.gov/~knc6/static/JARVIS-DFT/JVASP-18667.xml,JARVIS-DFT (NIST),JVASP-18667,False,stoichiometric,TaGaCo2
TaGaNi2,5.1066,W/m/K,300.0,AGL Debye-Gruneisen (quasi-harmonic),3,semi-empirical,0.3,5.9722,225.0,Fm-3m,full_Heusler_L21,,"[""Ta"", ""Ga"", ""Ni"", ""Ni""]","[[0.5, 0.5, 0.5], [0.0, 0.0, 0.0], [0.75, 0.75, 0.75], [0.25, 0.25, 0.25]]",A,conventional,AFLOW AGL,,aflowlib.duke.edu:AFLOWDATA/ICSD_WEB/FCC/Ga1Ni2Ta1_ICSD_103881,,JARVIS-DFT (NIST),https://www.ctcms.nist.gov/~knc6/static/JARVIS-DFT/JVASP-17991.xml,JARVIS-DFT (NIST),JVASP-17991,False,stoichiometric,TaGaNi2
TbInAg2,1.21589,W/m/K,300.0,AGL Debye-Gruneisen (quasi-harmonic),3,semi-empirical,0.3,6.98357,225.0,Fm-3m,full_Heusler_L21,,"[""Tb"", ""In"", ""Ag"", ""Ag""]","[[0.5, 0.5, 0.5], [0.0, 0.0, 0.0], [0.25, 0.25, 0.25], [0.75, 0.75, 0.75]]",A,conventional,AFLOW AGL,,aflowlib.duke.edu:AFLOWDATA/ICSD_WEB/FCC/Ag2In1Tb1_ICSD_56987,,JARVIS-DFT (NIST),https://www.ctcms.nist.gov/~knc6/static/JARVIS-DFT/JVASP-18208.xml,JARVIS-DFT (NIST),JVASP-18208,False,stoichiometric,TbInAg2
TbInAu2,1.17634,W/m/K,300.0,AGL Debye-Gruneisen (quasi-harmonic),3,semi-empirical,0.3,6.9989,225.0,Fm-3m,full_Heusler_L21,,"[""Tb"", ""In"", ""Au"", ""Au""]","[[0.5, 0.5, 0.5], [0.0, 0.0, 0.0], [0.25, 0.25, 0.25], [0.75, 0.75, 0.75]]",A,conventional,AFLOW AGL,,aflowlib.duke.edu:AFLOWDATA/ICSD_WEB/FCC/Au2In1Tb1_ICSD_58508,,JARVIS-DFT (NIST),https://www.ctcms.nist.gov/~knc6/static/JARVIS-DFT/JVASP-56740.xml,JARVIS-DFT (NIST),JVASP-56740,False,stoichiometric,TbInAu2
TbSnPd2,1.00417,W/m/K,300.0,AGL Debye-Gruneisen (quasi-harmonic),3,semi-empirical,0.3,6.80056,225.0,Fm-3m,full_Heusler_L21,,"[""Tb"", ""Sn"", ""Pd"", ""Pd""]","[[0.5, 0.5, 0.5], [0.0, 0.0, 0.0], [0.25, 0.25, 0.25], [0.75, 0.75, 0.75]]",A,conventional,AFLOW AGL,,aflowlib.duke.edu:AFLOWDATA/ICSD_WEB/FCC/Pd2Sn1Tb1_ICSD_105694,,JARVIS-DFT (NIST),https://www.ctcms.nist.gov/~knc6/static/JARVIS-DFT/JVASP-15565.xml,JARVIS-DFT (NIST),JVASP-15565,False,stoichiometric,TbSnPd2
ThInAu2,0.595008,W/m/K,300.0,AGL Debye-Gruneisen (quasi-harmonic),3,semi-empirical,0.3,7.18174,225.0,Fm-3m,full_Heusler_L21,,"[""Th"", ""In"", ""Au"", ""Au""]","[[0.5, 0.5, 0.5], [0.0, 0.0, 0.0], [0.25, 0.25, 0.25], [0.75, 0.75, 0.75]]",A,conventional,AFLOW AGL,,aflowlib.duke.edu:AFLOWDATA/ICSD_WEB/FCC/Au2In1Th1_ICSD_58509,,JARVIS-DFT (NIST),https://www.ctcms.nist.gov/~knc6/static/JARVIS-DFT/JVASP-54595.xml,JARVIS-DFT (NIST),JVASP-54595,False,stoichiometric,ThInAu2
Ti2AlCu,6.26188,W/m/K,300.0,AGL Debye-Gruneisen (quasi-harmonic),3,semi-empirical,0.3,6.30178,216.0,F-43m,inverse_Heusler_XA,,"[""Ti"", ""Ti"", ""Al"", ""Cu""]","[[0.0, 0.0, 0.0], [0.75, 0.75, 0.75], [0.25, 0.25, 0.25], [0.5, 0.5, 0.5]]",A,conventional,AFLOW AGL,,aflowlib.duke.edu:AFLOWDATA/ICSD_WEB/FCC/Al1Cu1Ti2_ICSD_185881,,JARVIS-DFT (NIST),https://www.ctcms.nist.gov/~knc6/static/JARVIS-DFT/JVASP-37058.xml,JARVIS-DFT (NIST),JVASP-37058,False,stoichiometric,Ti2AlCu
Ti2MnAl,4.38099,W/m/K,300.0,AGL Debye-Gruneisen (quasi-harmonic),3,semi-empirical,0.3,6.12728,216.0,F-43m,inverse_Heusler_XA,,"[""Ti"", ""Ti"", ""Mn"", ""Al""]","[[0.0, 0.0, 0.0], [0.75, 0.75, 0.75], [0.5, 0.5, 0.5], [0.25, 0.25, 0.25]]",A,conventional,AFLOW AGL,,aflowlib.duke.edu:AFLOWDATA/ICSD_WEB/FCC/Al1Mn1Ti2_ICSD_185877,,JARVIS-DFT (NIST),https://www.ctcms.nist.gov/~knc6/static/JARVIS-DFT/JVASP-37048.xml,JARVIS-DFT (NIST),JVASP-37048,False,stoichiometric,Ti2MnAl
Ti2MnGa,2.48344,W/m/K,300.0,AGL Debye-Gruneisen (quasi-harmonic),3,semi-empirical,0.3,6.08399,216.0,F-43m,inverse_Heusler_XA,,"[""Ti"", ""Ti"", ""Mn"", ""Ga""]","[[0.0, 0.0, 0.0], [0.75, 0.75, 0.75], [0.5, 0.5, 0.5], [0.25, 0.25, 0.25]]",A,conventional,AFLOW AGL,,aflowlib.duke.edu:AFLOWDATA/ICSD_WEB/FCC/Ga1Mn1Ti2_ICSD_189697,,JARVIS-DFT (NIST),https://www.ctcms.nist.gov/~knc6/static/JARVIS-DFT/JVASP-79540.xml,JARVIS-DFT (NIST),JVASP-79540,False,stoichiometric,Ti2MnGa
Ti2MnIn,0.923756,W/m/K,300.0,AGL Debye-Gruneisen (quasi-harmonic),3,semi-empirical,0.3,6.32479,216.0,F-43m,inverse_Heusler_XA,,"[""Ti"", ""Ti"", ""Mn"", ""In""]","[[0.0, 0.0, 0.0], [0.75, 0.75, 0.75], [0.5, 0.5, 0.5], [0.25, 0.25, 0.25]]",A,conventional,AFLOW AGL,,aflowlib.duke.edu:AFLOWDATA/ICSD_WEB/FCC/In1Mn1Ti2_ICSD_189700,,JARVIS-DFT (NIST),https://www.ctcms.nist.gov/~knc6/static/JARVIS-DFT/JVASP-35696.xml,JARVIS-DFT (NIST),JVASP-35696,False,stoichiometric,Ti2MnIn
TiAlAu2,1.18828,W/m/K,300.0,AGL Debye-Gruneisen (quasi-harmonic),3,semi-empirical,0.3,6.45212,225.0,Fm-3m,full_Heusler_L21,,"[""Ti"", ""Al"", ""Au"", ""Au""]","[[0.5, 0.5, 0.5], [0.0, 0.0, 0.0], [0.25, 0.25, 0.25], [0.75, 0.75, 0.75]]",A,conventional,AFLOW AGL,,aflowlib.duke.edu:AFLOWDATA/ICSD_WEB/FCC/Al1Au2Ti1_ICSD_57507,,JARVIS-DFT (NIST),https://www.ctcms.nist.gov/~knc6/static/JARVIS-DFT/JVASP-17414.xml,JARVIS-DFT (NIST),JVASP-17414,False,stoichiometric,TiAlAu2
TiAlCo2,213.507,W/m/K,300.0,AGL Debye-Gruneisen (quasi-harmonic),3,semi-empirical,0.3,5.82133,225.0,Fm-3m,full_Heusler_L21,,"[""Ti"", ""Al"", ""Co"", ""Co""]","[[0.5, 0.5, 0.5], [0.0, 0.0, 0.0], [0.25, 0.25, 0.25], [0.75, 0.75, 0.75]]",A,conventional,AFLOW AGL,,aflowlib.duke.edu:AFLOWDATA/ICSD_WEB/FCC/Al1Co2Ti1_ICSD_185966,,JARVIS-DFT (NIST),https://www.ctcms.nist.gov/~knc6/static/JARVIS-DFT/JVASP-15570.xml,JARVIS-DFT (NIST),JVASP-15570,False,stoichiometric,TiAlCo2
TiAlCu2,7.30709,W/m/K,300.0,AGL Debye-Gruneisen (quasi-harmonic),3,semi-empirical,0.3,6.03548,225.0,Fm-3m,full_Heusler_L21,,"[""Ti"", ""Al"", ""Cu"", ""Cu""]","[[0.5, 0.5, 0.5], [0.0, 0.0, 0.0], [0.25, 0.25, 0.25], [0.75, 0.75, 0.75]]",A,conventional,AFLOW AGL,,aflowlib.duke.edu:AFLOWDATA/ICSD_WEB/FCC/Al1Cu2Ti1_ICSD_185280,,JARVIS-DFT (NIST),https://www.ctcms.nist.gov/~knc6/static/JARVIS-DFT/JVASP-15444.xml,JARVIS-DFT (NIST),JVASP-15444,False,stoichiometric,TiAlCu2
TiCo2Si,6.29005,W/m/K,300.0,AGL Debye-Gruneisen (quasi-harmonic),3,semi-empirical,0.3,5.75015,225.0,Fm-3m,full_Heusler_L21,,"[""Ti"", ""Co"", ""Co"", ""Si""]","[[0.5, 0.5, 0.5], [0.75, 0.75, 0.75], [0.25, 0.25, 0.25], [0.0, 0.0, 0.0]]",A,conventional,AFLOW AGL,,aflowlib.duke.edu:AFLOWDATA/ICSD_WEB/FCC/Co2Si1Ti1_ICSD_185969,,JARVIS-DFT (NIST),https://www.ctcms.nist.gov/~knc6/static/JARVIS-DFT/JVASP-15250.xml,JARVIS-DFT (NIST),JVASP-15250,False,stoichiometric,TiCo2Si
TiCo2Sn,3.67036,W/m/K,300.0,AGL Debye-Gruneisen (quasi-harmonic),3,semi-empirical,0.3,6.07655,225.0,Fm-3m,full_Heusler_L21,,"[""Ti"", ""Co"", ""Co"", ""Sn""]","[[0.5, 0.5, 0.5], [0.75, 0.75, 0.75], [0.25, 0.25, 0.25], [0.0, 0.0, 0.0]]",A,conventional,AFLOW AGL,,aflowlib.duke.edu:AFLOWDATA/ICSD_WEB/FCC/Co2Sn1Ti1_ICSD_102682,,JARVIS-DFT (NIST),https://www.ctcms.nist.gov/~knc6/static/JARVIS-DFT/JVASP-18102.xml,JARVIS-DFT (NIST),JVASP-18102,False,stoichiometric,TiCo2Sn
TiGaCo2,31.807,W/m/K,300.0,AGL Debye-Gruneisen (quasi-harmonic),3,semi-empirical,0.3,5.8159,225.0,Fm-3m,full_Heusler_L21,,"[""Ti"", ""Ga"", ""Co"", ""Co""]","[[0.5, 0.5, 0.5], [0.0, 0.0, 0.0], [0.75, 0.75, 0.75], [0.25, 0.25, 0.25]]",A,conventional,AFLOW AGL,,aflowlib.duke.edu:AFLOWDATA/ICSD_WEB/FCC/Co2Ga1Ti1_ICSD_102453,,JARVIS-DFT (NIST),https://www.ctcms.nist.gov/~knc6/static/JARVIS-DFT/JVASP-17613.xml,JARVIS-DFT (NIST),JVASP-17613,False,stoichiometric,TiGaCo2
TiInAu2,0.768261,W/m/K,300.0,AGL Debye-Gruneisen (quasi-harmonic),3,semi-empirical,0.3,6.65194,225.0,Fm-3m,full_Heusler_L21,,"[""Ti"", ""In"", ""Au"", ""Au""]","[[0.5, 0.5, 0.49999], [1e-05, 0.99999, 1.0], [0.24999, 0.25, 0.24999], [0.75001, 0.75001, 0.75002]]",A,conventional,AFLOW AGL,,aflowlib.duke.edu:AFLOWDATA/ICSD_WEB/FCC/Au2In1Ti1_ICSD_58510,,JARVIS-DFT (NIST),https://www.ctcms.nist.gov/~knc6/static/JARVIS-DFT/JVASP-54577.xml,JARVIS-DFT (NIST),JVASP-54577,False,stoichiometric,TiInAu2
TiInCu2,4.08727,W/m/K,300.0,AGL Debye-Gruneisen (quasi-harmonic),3,semi-empirical,0.3,6.2363,225.0,Fm-3m,full_Heusler_L21,,"[""Ti"", ""Cu"", ""Cu"", ""In""]","[[0.75, 0.75, 0.75], [1.0, 0.0, 0.0], [0.49999, 0.5, 0.5], [0.25, 0.25, 0.25]]",A,conventional,AFLOW AGL,,aflowlib.duke.edu:AFLOWDATA/ICSD_WEB/FCC/Cu2In1Ti1_ICSD_103020,,JARVIS-DFT (NIST),https://www.ctcms.nist.gov/~knc6/static/JARVIS-DFT/JVASP-193550.xml,JARVIS-DFT (NIST),JVASP-193550,False,stoichiometric,TiInCu2
TiInNi2,8.80582,W/m/K,300.0,AGL Debye-Gruneisen (quasi-harmonic),3,semi-empirical,0.3,6.11307,225.0,Fm-3m,full_Heusler_L21,,"[""Ti"", ""In"", ""Ni"", ""Ni""]","[[0.5, 0.5, 0.5], [0.0, 0.0, 0.0], [0.25, 0.25, 0.25], [0.75, 0.75, 0.75]]",A,conventional,AFLOW AGL,,aflowlib.duke.edu:AFLOWDATA/ICSD_WEB/FCC/In1Ni2Ti1_ICSD_54596,,JARVIS-DFT (NIST),https://www.ctcms.nist.gov/~knc6/static/JARVIS-DFT/JVASP-18219.xml,JARVIS-DFT (NIST),JVASP-18219,False,stoichiometric,TiInNi2
TiNi2Sb,3.79611,W/m/K,300.0,AGL Debye-Gruneisen (quasi-harmonic),3,semi-empirical,0.3,6.12924,225.0,Fm-3m,full_Heusler_L21,,"[""Ti"", ""Ni"", ""Ni"", ""Sb""]","[[0.5, 0.5, 0.5], [0.25, 0.25, 0.25], [0.75, 0.75, 0.75], [0.0, 0.0, 0.0]]",A,conventional,AFLOW AGL,,aflowlib.duke.edu:AFLOWDATA/ICSD_WEB/FCC/Ni2Sb1Ti1_ICSD_76700,,JARVIS-DFT (NIST),https://www.ctcms.nist.gov/~knc6/static/JARVIS-DFT/JVASP-15947.xml,JARVIS-DFT (NIST),JVASP-15947,False,stoichiometric,TiNi2Sb
TiNi2Sn,4.8569,W/m/K,300.0,AGL Debye-Gruneisen (quasi-harmonic),3,semi-empirical,0.3,6.11411,225.0,Fm-3m,full_Heusler_L21,,"[""Ti"", ""Ni"", ""Ni"", ""Sn""]","[[0.5, 0.5, 0.5], [0.75, 0.75, 0.75], [0.25, 0.25, 0.25], [0.0, 0.0, 0.0]]",A,conventional,AFLOW AGL,,aflowlib.duke.edu:AFLOWDATA/ICSD_WEB/FCC/Ni2Sn1Ti1_ICSD_105369,,JARVIS-DFT (NIST),https://www.ctcms.nist.gov/~knc6/static/JARVIS-DFT/JVASP-8045.xml,JARVIS-DFT (NIST),JVASP-8045,False,stoichiometric,TiNi2Sn
TiSnRu2,30.2,W/m/K,300.0,Slack model,3,semi-empirical,0.3,6.3031676800000005,225.0,Fm-3m,full_L21,,,,C,primitive->conventional (x sqrt2),"paper mining (PDF, batch 2)",10.1038/s41524-022-00887-4,,Table 1,Materials Project,https://materialsproject.org/materials/mp-aaabxgxk,MaterialsProject,mp-aaabxgxk,False,stoichiometric,TiSnRu2
UInAu2,0.665201,W/m/K,300.0,AGL Debye-Gruneisen (quasi-harmonic),3,semi-empirical,0.3,7.04551,225.0,Fm-3m,full_Heusler_L21,,"[""U"", ""In"", ""Au"", ""Au""]","[[0.5, 0.5, 0.5], [0.0, 0.0, 0.0], [0.25, 0.25, 0.25], [0.75, 0.75, 0.75]]",A,conventional,AFLOW AGL,,aflowlib.duke.edu:AFLOWDATA/ICSD_WEB/FCC/Au2In1U1_ICSD_58512,,Materials Project,https://next-gen.materialsproject.org/materials/mp-20358,"Materials Project (OPTIMADE, keyless)",mp-20358,False,stoichiometric,UInAu2
USnAu2,0.642032,W/m/K,300.0,AGL Debye-Gruneisen (quasi-harmonic),3,semi-empirical,0.3,7.07176,225.0,Fm-3m,full_Heusler_L21,,"[""U"", ""Sn"", ""Au"", ""Au""]","[[0.5, 0.5, 0.5], [0.0, 0.0, 0.0], [0.25, 0.25, 0.25], [0.75, 0.75, 0.75]]",A,conventional,AFLOW AGL,,aflowlib.duke.edu:AFLOWDATA/ICSD_WEB/FCC/Au2Sn1U1_ICSD_58593,,JARVIS-DFT (NIST),https://www.ctcms.nist.gov/~knc6/static/JARVIS-DFT/JVASP-18624.xml,JARVIS-DFT (NIST),JVASP-18624,False,stoichiometric,USnAu2
VCo2Si,8.30361,W/m/K,300.0,AGL Debye-Gruneisen (quasi-harmonic),3,semi-empirical,0.3,5.6748,225.0,Fm-3m,full_Heusler_L21,,"[""V"", ""Co"", ""Co"", ""Si""]","[[0.0, 0.0, 0.0], [0.75, 0.75, 0.75], [0.25, 0.25, 0.25], [0.5, 0.5, 0.5]]",A,conventional,AFLOW AGL,,aflowlib.duke.edu:AFLOWDATA/ICSD_WEB/FCC/Co2Si1V1_ICSD_53086,,JARVIS-DFT (NIST),https://www.ctcms.nist.gov/~knc6/static/JARVIS-DFT/JVASP-17764.xml,JARVIS-DFT (NIST),JVASP-17764,False,stoichiometric,VCo2Si
VGaNi2,5.6256,W/m/K,300.0,AGL Debye-Gruneisen (quasi-harmonic),3,semi-empirical,0.3,5.793,225.0,Fm-3m,full_Heusler_L21,,"[""V"", ""Ga"", ""Ni"", ""Ni""]","[[0.5, 0.5, 0.5], [0.0, 0.0, 0.0], [0.25, 0.25, 0.25], [0.75, 0.75, 0.75]]",A,conventional,AFLOW AGL,,aflowlib.duke.edu:AFLOWDATA/ICSD_WEB/FCC/Ga1Ni2V1_ICSD_103892,,JARVIS-DFT (NIST),https://www.ctcms.nist.gov/~knc6/static/JARVIS-DFT/JVASP-18707.xml,JARVIS-DFT (NIST),JVASP-18707,False,stoichiometric,VGaNi2
YInAg2,1.15397,W/m/K,300.0,AGL Debye-Gruneisen (quasi-harmonic),3,semi-empirical,0.3,6.95482,225.0,Fm-3m,full_Heusler_L21,,"[""Y"", ""In"", ""Ag"", ""Ag""]","[[0.5, 0.5, 0.5], [0.0, 0.0, 0.0], [0.25, 0.25, 0.25], [0.75, 0.75, 0.75]]",A,conventional,AFLOW AGL,,aflowlib.duke.edu:AFLOWDATA/ICSD_WEB/FCC/Ag2In1Y1_ICSD_58304,,Materials Project,https://next-gen.materialsproject.org/materials/mp-569823,"Materials Project (OPTIMADE, keyless)",mp-569823,False,stoichiometric,YInAg2
YInAu2,1.0512,W/m/K,300.0,AGL Debye-Gruneisen (quasi-harmonic),3,semi-empirical,0.3,6.99309,225.0,Fm-3m,full_Heusler_L21,,"[""Y"", ""Au"", ""Au"", ""In""]","[[0.0, 0.0, 0.0], [0.25, 0.25, 0.25], [0.75, 0.75, 0.75], [0.5, 0.5, 0.5]]",A,conventional,AFLOW AGL,,aflowlib.duke.edu:AFLOWDATA/ICSD_WEB/FCC/Au2In1Y1_ICSD_58514,,JARVIS-DFT (NIST),https://www.ctcms.nist.gov/~knc6/static/JARVIS-DFT/JVASP-188117.xml,JARVIS-DFT (NIST),JVASP-188117,False,stoichiometric,YInAu2
YInCu2,3.39449,W/m/K,300.0,AGL Debye-Gruneisen (quasi-harmonic),3,semi-empirical,0.3,6.64471,225.0,Fm-3m,full_Heusler_L21,,"[""Y"", ""In"", ""Cu"", ""Cu""]","[[0.5, 0.5, 0.5], [0.0, 0.0, 0.0], [0.25, 0.25, 0.25], [0.75, 0.75, 0.75]]",A,conventional,AFLOW AGL,,aflowlib.duke.edu:AFLOWDATA/ICSD_WEB/FCC/Cu2In1Y1_ICSD_103023,,JARVIS-DFT (NIST),https://www.ctcms.nist.gov/~knc6/static/JARVIS-DFT/JVASP-17561.xml,JARVIS-DFT (NIST),JVASP-17561,False,stoichiometric,YInCu2
YSnPd2,1.60686,W/m/K,300.0,AGL Debye-Gruneisen (quasi-harmonic),3,semi-empirical,0.3,6.78698,225.0,Fm-3m,full_Heusler_L21,,"[""Y"", ""Sn"", ""Pd"", ""Pd""]","[[0.75, 0.75, 0.75], [0.25, 0.25, 0.25], [0.0, 0.99998, 0.99998], [0.5, 0.50002, 0.50002]]",A,conventional,AFLOW AGL,,aflowlib.duke.edu:AFLOWDATA/ICSD_WEB/FCC/Pd2Sn1Y1_ICSD_105699,,JARVIS-DFT (NIST),https://www.ctcms.nist.gov/~knc6/static/JARVIS-DFT/JVASP-187982.xml,JARVIS-DFT (NIST),JVASP-187982,False,stoichiometric,YSnPd2
YbNi2Sn,1.62399,W/m/K,300.0,AGL Debye-Gruneisen (quasi-harmonic),3,semi-empirical,0.3,6.495214191402775,225.0,,full_L21,,,,C,primitive->conventional (x sqrt2),AFLOW AGL,,aflowlib.duke.edu:AFLOWDATA/ICSD_WEB/FCC/Ni2Sn1Yb1_ICSD_105381,,AFLOW,aflowlib.duke.edu:AFLOWDATA/ICSD_WEB/FCC/Ni2Sn1Yb1_ICSD_105381,AFLOW_AGL,aflow:7b7c072ca150e580,False,stoichiometric,YbNi2Sn
Zn2AgAu,1.08876,W/m/K,300.0,AGL quasi-harmonic Debye-Gruneisen,3,semi-empirical,0.3,6.36034,225.0,Fm-3m,full_Heusler_L21,,"[""Zn"", ""Zn"", ""Ag"", ""Au""]","[[0.75, 0.75, 0.75], [0.25, 0.25, 0.25], [0.0, 0.0, 0.0], [0.5, 0.5, 0.5]]",A,conventional,AFLOW AGL (gap-targeted),10.1016/j.commatsci.2012.02.005,http://aflowlib.duke.edu/AFLOWDATA/ICSD_WEB/FCC/Ag1Au1Zn2_ICSD_57340,,JARVIS-DFT (NIST),https://www.ctcms.nist.gov/~knc6/static/JARVIS-DFT/JVASP-18822.xml,JARVIS-DFT (NIST),JVASP-18822,False,stoichiometric,Zn2AgAu
Zn2AgAu,1.08876,W/m/K,300.0,AGL Debye-Gruneisen (quasi-harmonic),3,semi-empirical,0.3,6.36034,225.0,Fm-3m,full_Heusler_L21,,"[""Zn"", ""Zn"", ""Ag"", ""Au""]","[[0.75, 0.75, 0.75], [0.25, 0.25, 0.25], [0.0, 0.0, 0.0], [0.5, 0.5, 0.5]]",A,conventional,AFLOW AGL,,aflowlib.duke.edu:AFLOWDATA/ICSD_WEB/FCC/Ag1Au1Zn2_ICSD_57340,,JARVIS-DFT (NIST),https://www.ctcms.nist.gov/~knc6/static/JARVIS-DFT/JVASP-18822.xml,JARVIS-DFT (NIST),JVASP-18822,False,stoichiometric,Zn2AgAu
ZnCo2Ge,10.6235,W/m/K,300.0,AGL quasi-harmonic Debye-Gruneisen,3,semi-empirical,0.3,5.74789,225.0,Fm-3m,full_Heusler_L21,,"[""Zn"", ""Co"", ""Co"", ""Ge""]","[[0.5, 0.5, 0.5], [0.25, 0.25, 0.25], [0.75, 0.75, 0.75], [0.0, 0.0, 0.0]]",A,conventional,AFLOW AGL (gap-targeted),10.1016/j.commatsci.2012.02.005,http://aflowlib.duke.edu/AFLOWDATA/ICSD_WEB/FCC/Co2Ge1Zn1_ICSD_52994,,JARVIS-DFT (NIST),https://www.ctcms.nist.gov/~knc6/static/JARVIS-DFT/JVASP-7935.xml,JARVIS-DFT (NIST),JVASP-7935,False,stoichiometric,ZnCo2Ge
ZnCo2Ge,10.6235,W/m/K,300.0,AGL Debye-Gruneisen (quasi-harmonic),3,semi-empirical,0.3,5.74789,225.0,Fm-3m,full_Heusler_L21,,"[""Zn"", ""Co"", ""Co"", ""Ge""]","[[0.5, 0.5, 0.5], [0.25, 0.25, 0.25], [0.75, 0.75, 0.75], [0.0, 0.0, 0.0]]",A,conventional,AFLOW AGL,,aflowlib.duke.edu:AFLOWDATA/ICSD_WEB/FCC/Co2Ge1Zn1_ICSD_52994,,JARVIS-DFT (NIST),https://www.ctcms.nist.gov/~knc6/static/JARVIS-DFT/JVASP-7935.xml,JARVIS-DFT (NIST),JVASP-7935,False,stoichiometric,ZnCo2Ge
ZnNi2Ge,2.85205,W/m/K,300.0,AGL quasi-harmonic Debye-Gruneisen,3,semi-empirical,0.3,5.82854,225.0,Fm-3m,full_Heusler_L21,,"[""Zn"", ""Ni"", ""Ni"", ""Ge""]","[[0.0, 0.0, 0.0], [0.25, 0.25, 0.25], [0.75, 0.75, 0.75], [0.5, 0.5, 0.5]]",A,conventional,AFLOW AGL (gap-targeted),10.1016/j.commatsci.2012.02.005,http://aflowlib.duke.edu/AFLOWDATA/ICSD_WEB/FCC/Ge1Ni2Zn1_ICSD_53865,,JARVIS-DFT (NIST),https://www.ctcms.nist.gov/~knc6/static/JARVIS-DFT/JVASP-17403.xml,JARVIS-DFT (NIST),JVASP-17403,False,stoichiometric,ZnNi2Ge
ZnNi2Ge,2.85205,W/m/K,300.0,AGL Debye-Gruneisen (quasi-harmonic),3,semi-empirical,0.3,5.82854,225.0,Fm-3m,full_Heusler_L21,,"[""Zn"", ""Ni"", ""Ni"", ""Ge""]","[[0.0, 0.0, 0.0], [0.25, 0.25, 0.25], [0.75, 0.75, 0.75], [0.5, 0.5, 0.5]]",A,conventional,AFLOW AGL,,aflowlib.duke.edu:AFLOWDATA/ICSD_WEB/FCC/Ge1Ni2Zn1_ICSD_53865,,JARVIS-DFT (NIST),https://www.ctcms.nist.gov/~knc6/static/JARVIS-DFT/JVASP-17403.xml,JARVIS-DFT (NIST),JVASP-17403,False,stoichiometric,ZnNi2Ge
Zr2TiAl,7.56552,W/m/K,300.0,AGL Debye-Gruneisen (quasi-harmonic),3,semi-empirical,0.3,6.899240864037145,225.0,,full_L21,,,,C,primitive->conventional (x sqrt2),AFLOW AGL,,aflowlib.duke.edu:AFLOWDATA/ICSD_WEB/FCC/Al1Ti1Zr2_ICSD_185119,,AFLOW,aflowlib.duke.edu:AFLOWDATA/ICSD_WEB/FCC/Al1Ti1Zr2_ICSD_185119,AFLOW_AGL,aflow:f5e766579122a1ce,False,stoichiometric,Zr2TiAl
ZrAlCu2,6.4612,W/m/K,300.0,AGL Debye-Gruneisen (quasi-harmonic),3,semi-empirical,0.3,6.25242,225.0,Fm-3m,full_Heusler_L21,,"[""Zr"", ""Al"", ""Cu"", ""Cu""]","[[0.5, 0.5, 0.5], [0.0, 0.0, 0.0], [0.25, 0.25, 0.25], [0.75, 0.75, 0.75]]",A,conventional,AFLOW AGL,,aflowlib.duke.edu:AFLOWDATA/ICSD_WEB/FCC/Al1Cu2Zr1_ICSD_185282,,JARVIS-DFT (NIST),https://www.ctcms.nist.gov/~knc6/static/JARVIS-DFT/JVASP-15263.xml,JARVIS-DFT (NIST),JVASP-15263,False,stoichiometric,ZrAlCu2
ZrCdCu2,4.91248,W/m/K,300.0,AGL Debye-Gruneisen (quasi-harmonic),3,semi-empirical,0.3,6.39987,225.0,Fm-3m,full_Heusler_L21,,"[""Zr"", ""Cd"", ""Cu"", ""Cu""]","[[0.5, 0.5, 0.5], [0.0, 0.0, 0.0], [0.75, 0.75, 0.75], [0.25, 0.25, 0.25]]",A,conventional,AFLOW AGL,,aflowlib.duke.edu:AFLOWDATA/ICSD_WEB/FCC/Cd1Cu2Zr1_ICSD_58961,,JARVIS-DFT (NIST),https://www.ctcms.nist.gov/~knc6/static/JARVIS-DFT/JVASP-16469.xml,JARVIS-DFT (NIST),JVASP-16469,False,stoichiometric,ZrCdCu2
ZrCo2Sn,9.27328,W/m/K,300.0,AGL Debye-Gruneisen (quasi-harmonic),3,semi-empirical,0.3,6.28093,225.0,Fm-3m,full_Heusler_L21,,"[""Zr"", ""Co"", ""Co"", ""Sn""]","[[0.0, 0.0, 0.0], [0.25, 0.25, 0.25], [0.75, 0.75, 0.75], [0.5, 0.5, 0.5]]",A,conventional,AFLOW AGL,,aflowlib.duke.edu:AFLOWDATA/ICSD_WEB/FCC/Co2Sn1Zr1_ICSD_102687,,JARVIS-DFT (NIST),https://www.ctcms.nist.gov/~knc6/static/JARVIS-DFT/JVASP-18232.xml,JARVIS-DFT (NIST),JVASP-18232,False,stoichiometric,ZrCo2Sn
ZrCuHg2,1.01794,W/m/K,300.0,AGL Debye-Gruneisen (quasi-harmonic),3,semi-empirical,0.3,6.73468,216.0,F-43m,inverse_Heusler_XA,,"[""Zr"", ""Cu"", ""Hg"", ""Hg""]","[[0.25, 0.25, 0.25], [0.5, 0.5, 0.5], [0.0, 0.0, 0.0], [0.75, 0.75, 0.75]]",A,conventional,AFLOW AGL,,aflowlib.duke.edu:AFLOWDATA/ICSD_WEB/FCC/Cu1Hg2Zr1_ICSD_102973,,JARVIS-DFT (NIST),https://www.ctcms.nist.gov/~knc6/static/JARVIS-DFT/JVASP-18680.xml,JARVIS-DFT (NIST),JVASP-18680,False,stoichiometric,ZrCuHg2
ZrInAu2,1.61793,W/m/K,300.0,AGL Debye-Gruneisen (quasi-harmonic),3,semi-empirical,0.3,6.788819069087054,225.0,,full_L21,,,,C,primitive->conventional (x sqrt2),AFLOW AGL,,aflowlib.duke.edu:AFLOWDATA/ICSD_WEB/FCC/Au2In1Zr1_ICSD_58517,,AFLOW,aflowlib.duke.edu:AFLOWDATA/ICSD_WEB/FCC/Au2In1Zr1_ICSD_58517,AFLOW_AGL,aflow:ecc597354487e7b8,False,stoichiometric,ZrInAu2
ZrInCu2,5.51684,W/m/K,300.0,AGL Debye-Gruneisen (quasi-harmonic),3,semi-empirical,0.3,6.432507962047152,225.0,,full_L21,,,,C,primitive->conventional (x sqrt2),AFLOW AGL,,aflowlib.duke.edu:AFLOWDATA/ICSD_WEB/FCC/Cu2In1Zr1_ICSD_103026,,AFLOW,aflowlib.duke.edu:AFLOWDATA/ICSD_WEB/FCC/Cu2In1Zr1_ICSD_103026,AFLOW_AGL,aflow:9e3577fb21874572,False,stoichiometric,ZrInCu2
ZrInNi2,4.33064,W/m/K,300.0,AGL Debye-Gruneisen (quasi-harmonic),3,semi-empirical,0.3,6.31148,225.0,Fm-3m,full_Heusler_L21,,"[""Zr"", ""In"", ""Ni"", ""Ni""]","[[0.5, 0.5, 0.5], [0.0, 0.0, 0.0], [0.75, 0.75, 0.75], [0.25, 0.25, 0.25]]",A,conventional,AFLOW AGL,,aflowlib.duke.edu:AFLOWDATA/ICSD_WEB/FCC/In1Ni2Zr1_ICSD_54546,,JARVIS-DFT (NIST),https://www.ctcms.nist.gov/~knc6/static/JARVIS-DFT/JVASP-17814.xml,JARVIS-DFT (NIST),JVASP-17814,False,stoichiometric,ZrInNi2
ZrInPt2,1.1837,W/m/K,300.0,AGL Debye-Gruneisen (quasi-harmonic),3,semi-empirical,0.3,6.621234761945842,225.0,,full_L21,,,,C,primitive->conventional (x sqrt2),AFLOW AGL,,aflowlib.duke.edu:AFLOWDATA/ICSD_WEB/FCC/In1Pt2Zr1_ICSD_59506,,AFLOW,aflowlib.duke.edu:AFLOWDATA/ICSD_WEB/FCC/In1Pt2Zr1_ICSD_59506,AFLOW_AGL,aflow:6ce3609360a26f2b,False,stoichiometric,ZrInPt2
ZrNi2Sn,4.99108,W/m/K,300.0,AGL Debye-Gruneisen (quasi-harmonic),3,semi-empirical,0.3,6.30954,225.0,Fm-3m,full_Heusler_L21,,"[""Zr"", ""Ni"", ""Ni"", ""Sn""]","[[0.0, 0.0, 0.0], [0.25, 0.25, 0.25], [0.75, 0.75, 0.75], [0.5, 0.5, 0.5]]",A,conventional,AFLOW AGL,,aflowlib.duke.edu:AFLOWDATA/ICSD_WEB/FCC/Ni2Sn1Zr1_ICSD_105383,,JARVIS-DFT (NIST),https://www.ctcms.nist.gov/~knc6/static/JARVIS-DFT/JVASP-17540.xml,JARVIS-DFT (NIST),JVASP-17540,False,stoichiometric,ZrNi2Sn
ZrZnCu2,4.03791,W/m/K,300.0,AGL quasi-harmonic Debye-Gruneisen,3,semi-empirical,0.3,6.21825,225.0,Fm-3m,full_Heusler_L21,,"[""Zr"", ""Zn"", ""Cu"", ""Cu""]","[[0.0, 0.0, 0.0], [0.5, 0.5, 0.5], [0.25, 0.25, 0.25], [0.75, 0.75, 0.75]]",A,conventional,AFLOW AGL (gap-targeted),10.1016/j.commatsci.2012.02.005,http://aflowlib.duke.edu/AFLOWDATA/ICSD_WEB/FCC/Cu2Zn1Zr1_ICSD_103161,,JARVIS-DFT (NIST),https://www.ctcms.nist.gov/~knc6/static/JARVIS-DFT/JVASP-16503.xml,JARVIS-DFT (NIST),JVASP-16503,False,stoichiometric,ZrZnCu2
ZrZnCu2,4.03791,W/m/K,300.0,AGL Debye-Gruneisen (quasi-harmonic),3,semi-empirical,0.3,6.21825,225.0,Fm-3m,full_Heusler_L21,,"[""Zr"", ""Zn"", ""Cu"", ""Cu""]","[[0.0, 0.0, 0.0], [0.5, 0.5, 0.5], [0.25, 0.25, 0.25], [0.75, 0.75, 0.75]]",A,conventional,AFLOW AGL,,aflowlib.duke.edu:AFLOWDATA/ICSD_WEB/FCC/Cu2Zn1Zr1_ICSD_103161,,JARVIS-DFT (NIST),https://www.ctcms.nist.gov/~knc6/static/JARVIS-DFT/JVASP-16503.xml,JARVIS-DFT (NIST),JVASP-16503,False,stoichiometric,ZrZnCu2
