compound,family,a_conv_A,a_method,kappa_theory_300,seed_spread_300,kappa_exp_300,transfer,family_members_heldout_err_pct,literature,papers,structure
DyCoSe,Co-Se,6.087,two-anchor line La + Y (Y at Ho's Z),8.1,1.156,3.4,shared constant (family never measured),42.8,"NAMED, no kappa",2010 https://doi.org/10.70675/b6672a58z4153z4b5bzacbfzfb73325e7e3d Composition dynamique de services : application à la conception et au développement de sys; 2010 https://openalex.org/W4392227718 Composition dynamique de services : application à la conception et au développement de sys,NO DATABASE STRUCTURE: lattice from the rare-earth contraction; cubic phase unconfirmed
ErCoSe,Co-Se,6.041,two-anchor line La + Y (Y at Ho's Z),8.76,1.257,3.68,shared constant (family never measured),42.8,NO PAPER FOUND,,NO DATABASE STRUCTURE: lattice from the rare-earth contraction; cubic phase unconfirmed
GdCoSe,Co-Se,6.134,two-anchor line La + Y (Y at Ho's Z),8.16,1.314,3.43,shared constant (family never measured),42.8,NO PAPER FOUND,,NO DATABASE STRUCTURE: lattice from the rare-earth contraction; cubic phase unconfirmed
HoCoSe,Co-Se,6.064,two-anchor line La + Y (Y at Ho's Z),7.7,1.394,3.23,shared constant (family never measured),42.8,NO PAPER FOUND,,NO DATABASE STRUCTURE: lattice from the rare-earth contraction; cubic phase unconfirmed
LuCoSe,Co-Se,5.971,two-anchor line La + Y (Y at Ho's Z),8.65,1.411,3.63,shared constant (family never measured),42.8,NO PAPER FOUND,,NO DATABASE STRUCTURE: lattice from the rare-earth contraction; cubic phase unconfirmed
TbCoSe,Co-Se,6.111,two-anchor line La + Y (Y at Ho's Z),8.57,1.283,3.6,shared constant (family never measured),42.8,NO PAPER FOUND,,NO DATABASE STRUCTURE: lattice from the rare-earth contraction; cubic phase unconfirmed
TmCoSe,Co-Se,6.017,two-anchor line La + Y (Y at Ho's Z),8.53,1.185,3.58,shared constant (family never measured),42.8,NO PAPER FOUND,,NO DATABASE STRUCTURE: lattice from the rare-earth contraction; cubic phase unconfirmed
DyCoTe,Co-Te,6.333,two-anchor line La + Y (Y at Ho's Z),4.89,1.242,2.05,shared constant (family never measured),87.2,NO PAPER FOUND,,NO DATABASE STRUCTURE: lattice from the rare-earth contraction; cubic phase unconfirmed
ErCoTe,Co-Te,6.286,two-anchor line La + Y (Y at Ho's Z),7.28,1.204,3.06,shared constant (family never measured),87.2,NO PAPER FOUND,,NO DATABASE STRUCTURE: lattice from the rare-earth contraction; cubic phase unconfirmed
GdCoTe,Co-Te,6.381,two-anchor line La + Y (Y at Ho's Z),5.3,1.272,2.23,shared constant (family never measured),87.2,NO PAPER FOUND,,NO DATABASE STRUCTURE: lattice from the rare-earth contraction; cubic phase unconfirmed
HoCoTe,Co-Te,6.309,two-anchor line La + Y (Y at Ho's Z),6.64,1.245,2.79,shared constant (family never measured),87.2,NO PAPER FOUND,,NO DATABASE STRUCTURE: lattice from the rare-earth contraction; cubic phase unconfirmed
LuCoTe,Co-Te,6.214,two-anchor line La + Y (Y at Ho's Z),7.69,1.554,3.23,shared constant (family never measured),87.2,NO PAPER FOUND,,NO DATABASE STRUCTURE: lattice from the rare-earth contraction; cubic phase unconfirmed
TbCoTe,Co-Te,6.357,two-anchor line La + Y (Y at Ho's Z),6.45,1.334,2.71,shared constant (family never measured),87.2,NO PAPER FOUND,,NO DATABASE STRUCTURE: lattice from the rare-earth contraction; cubic phase unconfirmed
TmCoTe,Co-Te,6.262,two-anchor line La + Y (Y at Ho's Z),5.95,1.267,2.5,shared constant (family never measured),87.2,NO PAPER FOUND,,NO DATABASE STRUCTURE: lattice from the rare-earth contraction; cubic phase unconfirmed
LuTeRh,Te-Rh,6.41,rare-earth series fit (9 members),7.6,1.543,3.19,shared constant (family never measured),110.4,NO PAPER FOUND,,NO DATABASE STRUCTURE: lattice from the rare-earth contraction; cubic phase unconfirmed
TbTeRh,Te-Rh,6.552,rare-earth series fit (9 members),6.34,1.286,2.66,shared constant (family never measured),110.4,NO PAPER FOUND,,NO DATABASE STRUCTURE: lattice from the rare-earth contraction; cubic phase unconfirmed
