compound,tier,family,a_conv_A,structure_source,formation_energy_eV_atom,cubic_is_lowest_3atom,lower_noncubic_eV_atom,family_members_heldout,family_members_median_err_pct,kappa_theory_300,seed_spread_300,kappa_exp_shared_300,kappa_theory_600,seed_spread_600,kappa_exp_shared_600,kappa_theory_900,seed_spread_900,kappa_exp_shared_900,exp_label
HfTeOs,STRONG,Te-Os,6.33,AFLOW aflow:78931701f1e020b4,-0.38,True,,TiTeOs 0%,0.5,12.99,1.23,5.46,8.93,1.176,6.09,7.76,1.227,7.03,"SHARED-CONSTANT ESTIMATE (family never measured; shared constant on unseen families 33.0% median, 79.4% within 2x)"
TmPbAu,STRONG,Pb-Au,6.782,OQMD 5579597,-0.649,True,,"DyPbAu 13%, ErPbAu 1%, GdPbAu 3%, HoPbAu 8%, TbPbAu 10%, YPbAu 10%",8.6,3.31,1.107,1.39,2.0,1.34,1.36,1.89,1.302,1.71,"SHARED-CONSTANT ESTIMATE (family never measured; shared constant on unseen families 33.0% median, 79.4% within 2x)"
DyTeRh,WEAK,Te-Rh,6.521,OQMD 5674490,-1.1252,True,,"LaTeRh 160%, ScTeRh 61%",110.4,5.21,1.434,2.19,2.25,1.177,1.54,1.98,1.414,1.8,"SHARED-CONSTANT ESTIMATE (family never measured; shared constant on unseen families 33.0% median, 79.4% within 2x)"
ErTeRh,WEAK,Te-Rh,6.486,OQMD 5673767,-1.1168,True,,"LaTeRh 160%, ScTeRh 61%",110.4,6.19,1.337,2.6,3.07,1.726,2.09,2.78,1.89,2.52,"SHARED-CONSTANT ESTIMATE (family never measured; shared constant on unseen families 33.0% median, 79.4% within 2x)"
GdTeRh,WEAK,Te-Rh,6.557,OQMD 5671879,-1.1267,True,,"LaTeRh 160%, ScTeRh 61%",110.4,5.14,1.184,2.16,2.33,1.42,1.59,2.13,1.681,1.93,"SHARED-CONSTANT ESTIMATE (family never measured; shared constant on unseen families 33.0% median, 79.4% within 2x)"
HoTeRh,WEAK,Te-Rh,6.504,OQMD 5673503,-1.1215,True,,"LaTeRh 160%, ScTeRh 61%",110.4,5.72,1.237,2.4,2.87,1.466,1.96,2.47,1.64,2.24,"SHARED-CONSTANT ESTIMATE (family never measured; shared constant on unseen families 33.0% median, 79.4% within 2x)"
TmTeRh,WEAK,Te-Rh,6.473,OQMD 5673013,-1.1084,True,,"LaTeRh 160%, ScTeRh 61%",110.4,5.73,1.486,2.41,2.79,1.506,1.9,2.32,1.783,2.1,"SHARED-CONSTANT ESTIMATE (family never measured; shared constant on unseen families 33.0% median, 79.4% within 2x)"
BaCdSi,FAILING,Cd-Si,7.259,AFLOW aflow:cf4138fa666948ad,-0.173,False,-0.322,"CaCdSi 129%, SrCdSi 75%",102.1,5.01,1.273,2.11,2.41,1.589,1.65,2.13,1.736,1.93,"SHARED-CONSTANT ESTIMATE (family never measured; shared constant on unseen families 33.0% median, 79.4% within 2x)"
BaTePd,FAILING,Te-Pd,7.189,AFLOW aflow:5d36d1570d9c96a0,-0.994,False,-1.191,SrTePd 259%,258.5,1.08,1.694,0.45,0.62,2.345,0.42,0.5,1.97,0.46,"SHARED-CONSTANT ESTIMATE (family never measured; shared constant on unseen families 33.0% median, 79.4% within 2x)"
HfPIr,FAILING,P-Ir,6.017,AFLOW aflow:10751f751ed1abae,-0.935,False,-1.005,TiPIr 45%,44.5,16.54,1.167,6.94,11.28,1.436,7.69,9.5,1.481,8.61,"SHARED-CONSTANT ESTIMATE (family never measured; shared constant on unseen families 33.0% median, 79.4% within 2x)"
KCdP,FAILING,Cd-P,6.877,AFLOW aflow:a1a25c2739cc3fef,-0.14,False,-0.372,"LiCdP 79%, NaCdP 68%",73.3,3.79,1.409,1.59,2.17,1.57,1.48,1.71,1.795,1.55,"SHARED-CONSTANT ESTIMATE (family never measured; shared constant on unseen families 33.0% median, 79.4% within 2x)"
YCoSe,FAILING,Co-Se,6.064,AFLOW aflow:17ceabed8f27fac3,-0.719,False,-0.921,ScCoSe 43%,42.8,8.37,1.249,3.52,5.23,1.554,3.57,4.6,1.481,4.17,"SHARED-CONSTANT ESTIMATE (family never measured; shared constant on unseen families 33.0% median, 79.4% within 2x)"
