compound,cluster,T,k_ref,k_pred,n_ref_rows,klass,Yfam,ref_doi,ref_reason,ratio,ape,suspect_ref
MnCo2Si,full:X2=Co,300.0,60.63283943704386,19.2345,1,full,,10.1021/acsaem.5c00578,sole source,0.3172290821044513,68.27709178955486,False
MnCo2Si,full:X2=Co,400.0,57.009193363569466,15.4956,2,full,,10.1021/acsaem.5c00578,sole source,0.2718087923324686,72.81912076675314,False
MnCo2Si,full:X2=Co,500.0,52.62577738078987,14.5155,2,full,,10.1021/acsaem.5c00578,sole source,0.27582490411435956,72.41750958856403,False
MnCo2Si,full:X2=Co,600.0,37.30965316752498,12.3588,2,full,,10.1021/acsaem.5c00578,sole source,0.3312493939439065,66.87506060560933,False
MnCo2Si,full:X2=Co,700.0,29.49605223653983,11.1148,2,full,,10.1021/acsaem.5c00578,sole source,0.3768233087894705,62.31766912105295,False
MnCo2Si,full:X2=Co,800.0,21.84277797892365,10.6623,2,full,,10.1021/acsaem.5c00578,sole source,0.4881384597823673,51.18615402176327,False
MnCo2Si,full:X2=Co,900.0,19.504640602154105,9.8128,2,full,,10.1021/acsaem.5c00578,sole source,0.5031007850980995,49.689921490190045,False
MnCo2Si,full:X2=Co,1000.0,13.884844472419111,9.8128,2,full,,10.1021/acsaem.5c00578,sole source,0.7067273975947062,29.327260240529384,False
MnCo2Sn,full:X2=Co,200.0,3.295118446683503,4.3057,4,full,,10.1002/adfm.201102792,sole source; every curve fails the curve-shape gate,1.3066905089052672,30.669050890526712,False
MnCo2Sn,full:X2=Co,300.0,3.5541973894126766,4.3057,8,full,,10.1002/adfm.201102792,sole source; every curve fails the curve-shape gate,1.211440876307522,21.144087630752196,False
MnCo2Sn,full:X2=Co,400.0,4.744871025441132,4.1893,4,full,,10.1002/adfm.201102792,sole source; every curve fails the curve-shape gate,0.8829112482800352,11.70887517199648,False
MnGaCo2,full:X2=Co,200.0,18.01860605934925,6.4937,3,full,,10.1103/physrevb.101.180404,sole source,0.36038858825212156,63.961141174787834,False
MnGaCo2,full:X2=Co,300.0,16.93364772992916,6.4937,3,full,,10.1103/physrevb.101.180404,sole source,0.3834791005202495,61.652089947975035,False
MnGaCo2,full:X2=Co,400.0,15.699515316409922,7.6193,2,full,,10.1103/physrevb.101.180404,sole source,0.4853207150946835,51.467928490531655,False
TiCo2Ge,full:X2=Co,200.0,3.7281815717602598,8.4511,6,full,,10.1103/physrevb.81.064404,sole source,2.2668155607050586,126.68155607050586,False
TiCo2Ge,full:X2=Co,300.0,3.7731378178890815,8.4511,13,full,,10.1103/physrevb.81.064404,sole source,2.239806868419148,123.98068684191479,False
TiCo2Ge,full:X2=Co,400.0,3.8786345582732,9.0402,7,full,,10.1103/physrevb.81.064404,sole source,2.330768692997149,133.07686929971487,False
TiCo2Si,full:X2=Co,200.0,2.832069992474927,20.3614,6,full,,10.1103/physrevb.81.064404,sole source; every curve fails the curve-shape gate,7.189582197509995,618.9582197509995,False
TiCo2Si,full:X2=Co,300.0,3.013941580516548,20.3614,13,full,,10.1103/physrevb.81.064404,sole source; every curve fails the curve-shape gate,6.755738111058654,575.5738111058655,False
TiCo2Si,full:X2=Co,400.0,3.506263339854188,16.3504,7,full,,10.1103/physrevb.81.064404,sole source; every curve fails the curve-shape gate,4.663197944704276,366.3197944704276,False
TiCo2Sn,full:X2=Co,200.0,5.133909,6.3141,5,full,,10.1103/physrevb.82.104420,sole source,1.2298815580876092,22.988155808760922,False
TiCo2Sn,full:X2=Co,300.0,5.135944,6.3141,7,full,,10.1103/physrevb.82.104420,sole source,1.2293942457316511,22.93942457316512,False
AlVFe2,full:X2=Fe,300.0,25.863895,4.3485,2,full,,10.15541/jim20250041,central of 14 labs; nanostructured source demoted,0.1681301288920327,83.18698711079672,False
AlVFe2,full:X2=Fe,400.0,21.495145,4.7065,4,full,,10.15541/jim20250041,central of 14 labs; nanostructured source demoted,0.21895642015906383,78.10435798409362,False
AlVFe2,full:X2=Fe,500.0,17.876035,4.3192,4,full,,10.15541/jim20250041,central of 14 labs; nanostructured source demoted,0.24161957615321294,75.8380423846787,False
AlVFe2,full:X2=Fe,600.0,15.1348,4.2185,4,full,,10.15541/jim20250041,central of 14 labs; nanostructured source demoted,0.27872849327377963,72.12715067262202,False
AlVFe2,full:X2=Fe,700.0,12.63767,3.9115,4,full,,10.15541/jim20250041,central of 14 labs; nanostructured source demoted,0.3095111678022927,69.04888321977073,False
AlVFe2,full:X2=Fe,800.0,11.0168,4.2295,2,full,,10.15541/jim20250041,central of 14 labs; nanostructured source demoted,0.38391365913876985,61.60863408612301,False
TiFe2Si,full:X2=Fe,200.0,4.092225041752744,8.7506,5,full,,10.1134/s1063782617070363,sole source,2.1383476985547265,113.83476985547264,False
TiFe2Si,full:X2=Fe,300.0,4.884374246785141,8.7506,10,full,,10.1134/s1063782617070363,sole source,1.7915498604062907,79.15498604062907,False
TiFe2Si,full:X2=Fe,400.0,5.750385362602919,9.3022,1,full,,10.1134/s1063782617070363,sole source,1.6176654977761955,61.766549777619545,False
TiFe2Sn,full:X2=Fe,300.0,2.49375,3.9776,2,full,,10.3390/inorganics12120322,central of 6 labs,1.5950275689223057,59.50275689223057,False
TiFe2Sn,full:X2=Fe,400.0,2.5351150000000002,3.9819,2,full,,10.3390/inorganics12120322,central of 6 labs,1.5706979762259303,57.06979762259305,False
TiFe2Sn,full:X2=Fe,500.0,2.74634,4.1855,2,full,,10.3390/inorganics12120322,central of 6 labs,1.5240283431767372,52.402834317673715,False
TiFe2Sn,full:X2=Fe,600.0,2.749035,3.903,2,full,,10.3390/inorganics12120322,central of 6 labs,1.4197709378018104,41.977093780181036,False
TiFe2Sn,full:X2=Fe,700.0,2.598165,3.5936,2,full,,10.3390/inorganics12120322,central of 6 labs,1.3831300167618301,38.313001676183006,False
TiFe2Sn,full:X2=Fe,800.0,2.406885,3.5912,2,full,,10.3390/inorganics12120322,central of 6 labs,1.4920530062715918,49.20530062715918,False
TiFe2Sn,full:X2=Fe,900.0,2.53538,3.5617,1,full,,10.3390/inorganics12120322,central of 6 labs,1.4047992805812146,40.479928058121466,False
VGaFe2,full:X2=Fe,200.0,15.09741014307205,4.0366,4,full,,10.1088/0953-8984/16/24/010,central of 4 labs,0.2673703609921685,73.26296390078316,False
VGaFe2,full:X2=Fe,300.0,14.425576665100147,4.0366,4,full,,10.1088/0953-8984/16/24/010,central of 4 labs,0.2798224357828108,72.01775642171891,False
Li2ZnGe,full:X2=Li,300.0,2.417418,2.736,1,full,,10.1016/j.jallcom.2017.12.211,sole source,1.1317860626503153,13.178606265031538,False
Li2ZnGe,full:X2=Li,400.0,1.629194,3.0114,1,full,,10.1016/j.jallcom.2017.12.211,sole source,1.8483986560225485,84.83986560225485,False
Li2ZnGe,full:X2=Li,500.0,1.180511,3.1707,1,full,,10.1016/j.jallcom.2017.12.211,sole source,2.685870779687779,168.58707796877792,False
Li2ZnGe,full:X2=Li,600.0,0.8161189,2.7231,2,full,,10.1016/j.jallcom.2017.12.211,sole source,3.3366461676111165,233.66461676111166,False
Li2ZnGe,full:X2=Li,700.0,0.6336797,2.7501,1,full,,10.1016/j.jallcom.2017.12.211,sole source,4.339889695062033,333.98896950620326,False
Li2ZnGe,full:X2=Li,800.0,0.5178231,2.5302,1,full,,10.1016/j.jallcom.2017.12.211,sole source,4.886224658575486,388.6224658575486,False
Li2ZnGe,full:X2=Li,900.0,0.5274346,2.6572,1,full,,10.1016/j.jallcom.2017.12.211,sole source,5.037970584409897,403.79705844098964,False
Li2ZnGe,full:X2=Li,1000.0,0.4312217,2.6572,1,full,,10.1016/j.jallcom.2017.12.211,sole source,6.162027560301349,516.2027560301349,True
Li2ZnGe,full:X2=Li,1100.0,0.4346628,2.7144,1,full,,10.1016/j.jallcom.2017.12.211,sole source,6.244840828338656,524.4840828338657,True
Li2ZnGe,full:X2=Li,1200.0,0.3384048,2.7144,1,full,,10.1016/j.jallcom.2017.12.211,sole source,8.021162820385527,702.1162820385526,True
Mn2AlV,full:X2=Mn,400.0,4.468919117509341,21.8072,4,full,,10.1016/j.jmat.2023.11.013,sole source,4.879748195611514,387.9748195611513,False
Mn2AlV,full:X2=Mn,500.0,4.329839781597954,20.4325,4,full,,10.1016/j.jmat.2023.11.013,sole source,4.718996782938527,371.89967829385273,False
Mn2AlV,full:X2=Mn,600.0,3.9607248724410713,15.7482,4,full,,10.1016/j.jmat.2023.11.013,sole source,3.9760903640585568,297.6090364058557,False
Mn2AlV,full:X2=Mn,700.0,3.656638428603502,13.1517,4,full,,10.1016/j.jmat.2023.11.013,sole source,3.59666405546767,259.666405546767,False
Mn2AlV,full:X2=Mn,800.0,3.441845479249345,12.2557,4,full,,10.1016/j.jmat.2023.11.013,sole source,3.560793206403016,256.0793206403016,False
Mn2AlV,full:X2=Mn,900.0,3.5539984313566038,11.4305,4,full,,10.1016/j.jmat.2023.11.013,sole source,3.2162366474756268,221.6236647475627,False
Mn2AlV,full:X2=Mn,1000.0,5.107894505803857,11.4305,1,full,,10.1016/j.jmat.2023.11.013,sole source,2.237810508226446,123.78105082264459,False
TiNi2Sn,full:X2=Ni,200.0,2.971059124838205,6.2671,10,full,,10.1007/s11664-012-2048-z,sole source,2.109382458129738,110.93824581297376,False
TiNi2Sn,full:X2=Ni,300.0,3.062314797594281,6.2671,13,full,,10.1007/s11664-012-2048-z,sole source,2.0465237619997008,104.65237619997008,False
NbAlRu2,full:X2=Ru,200.0,5.752854850358567,8.8383,5,full,,10.1103/physrevb.98.205130,sole source,1.5363328694881155,53.633286948811545,False
NbAlRu2,full:X2=Ru,300.0,5.800016002870231,8.8383,5,full,,10.1103/physrevb.98.205130,sole source,1.5238406231338373,52.38406231338373,False
NbGaRu2,full:X2=Ru,200.0,5.1887050150684075,9.4511,4,full,,10.1016/j.jallcom.2020.156617,sole source,1.8214756808400674,82.14756808400675,False
NbGaRu2,full:X2=Ru,300.0,5.174857072822206,9.4511,5,full,,10.1016/j.jallcom.2020.156617,sole source,1.8263499584628458,82.63499584628458,False
TaAlRu2,full:X2=Ru,200.0,6.748971875446516,6.2622,8,full,,10.1103/physrevb.96.125106,sole source,0.9278746623293179,7.212533767068204,False
TaAlRu2,full:X2=Ru,300.0,6.490730849874355,6.2622,8,full,,10.1103/physrevb.96.125106,sole source,0.964791199148432,3.520880085156802,False
TiGeRu2,full:X2=Ru,300.0,11.2,7.0837,1,full,,10.1016/j.jallcom.2023.171050,sole source,0.6324732142857143,36.75267857142856,False
VGaRu2,full:X2=Ru,200.0,12.048765660804914,6.8905,6,full,,10.1016/j.intermet.2017.09.012,sole source,0.5718843069888109,42.81156930111891,False
VGaRu2,full:X2=Ru,300.0,10.738065521235926,6.8905,5,full,,10.1016/j.intermet.2017.09.012,sole source,0.6416891372447986,35.831086275520136,False
AlNiSb,half:X=Al,300.0,14.5,14.1727,1,half,Ni,10.1016/j.jpcs.2023.111854,sole source,0.9774275862068966,2.2572413793103396,False
AlNiSb,half:X=Al,400.0,11.5,12.0575,1,half,Ni,10.1016/j.jpcs.2023.111854,sole source,1.048478260869565,4.847826086956515,False
AlNiSb,half:X=Al,500.0,9.5,11.2324,1,half,Ni,10.1016/j.jpcs.2023.111854,sole source,1.182357894736842,18.23578947368421,False
AlNiSb,half:X=Al,600.0,8.0,9.0411,1,half,Ni,10.1016/j.jpcs.2023.111854,sole source,1.1301375,13.013750000000002,False
AlNiSb,half:X=Al,700.0,6.5,7.7518,1,half,Ni,10.1016/j.jpcs.2023.111854,sole source,1.1925846153846154,19.258461538461543,False
AlVNi,half:X=Al,300.0,13.0,11.6963,1,half,V,10.1016/j.jpcs.2023.111854,sole source,0.8997153846153847,10.028461538461531,False
AlVNi,half:X=Al,400.0,10.5,10.6305,1,half,V,10.1016/j.jpcs.2023.111854,sole source,1.0124285714285715,1.242857142857139,False
AlVNi,half:X=Al,500.0,8.8,8.6204,1,half,V,10.1016/j.jpcs.2023.111854,sole source,0.9795909090909091,2.040909090909098,False
AlVNi,half:X=Al,600.0,7.5,6.7771,1,half,V,10.1016/j.jpcs.2023.111854,sole source,0.9036133333333333,9.638666666666667,False
AlVNi,half:X=Al,700.0,6.2,5.6853,1,half,V,10.1016/j.jpcs.2023.111854,sole source,0.9169838709677419,8.301612903225813,False
BaAgSb,half:X=Ba,300.0,1.844,1.5809,1,half,Ag,10.1002/adma.202210380,closest to consensus,0.8573210412147505,14.26789587852495,False
BaAgSb,half:X=Ba,400.0,1.4329999999999998,1.0845,2,half,Ag,10.1002/adma.202210380,closest to consensus,0.7568039078855548,24.31960921144451,False
BaAgSb,half:X=Ba,500.0,1.0845,0.7882,2,half,Ag,10.1002/adma.202210380,closest to consensus,0.7267865375749193,27.32134624250807,False
BaAgSb,half:X=Ba,600.0,0.89115,0.7267,2,half,Ag,10.1002/adma.202210380,closest to consensus,0.8154631655725748,18.453683442742523,False
BaAgSb,half:X=Ba,700.0,0.75535,0.6636,2,half,Ag,10.1002/adma.202210380,closest to consensus,0.8785331303369299,12.146686966307012,False
BaAgSb,half:X=Ba,800.0,0.6493,0.6593,2,half,Ag,10.1002/adma.202210380,closest to consensus,1.0154012012937008,1.5401201293700924,False
BaAgSb,half:X=Ba,900.0,0.54325,0.5832,2,half,Ag,10.1002/adma.202210380,closest to consensus,1.0735388863322597,7.353888633225962,False
BaAgSb,half:X=Ba,1000.0,0.44094999999999995,0.5832,2,half,Ag,10.1002/adma.202210380,closest to consensus,1.322598934119515,32.259893411951495,True
DyNiSb,half:X=Dy,200.0,5.628203751741514,7.8063,4,half,Ni,10.1103/physrevapplied.14.054046,sole source,1.3869966945643226,38.69966945643227,False
DyNiSb,half:X=Dy,300.0,6.094034039419161,7.8063,5,half,Ni,10.1103/physrevapplied.14.054046,sole source,1.2809741379035748,28.097413790357493,False
DyNiSb,half:X=Dy,400.0,3.0619015362722415,6.5026,4,half,Ni,10.1103/physrevapplied.14.054046,sole source,2.123712968221927,112.3712968221927,False
DyNiSb,half:X=Dy,500.0,3.0220319076636883,4.7923,4,half,Ni,10.1103/physrevapplied.14.054046,sole source,1.585787359771755,58.578735977175484,False
DyNiSb,half:X=Dy,600.0,2.909573606506069,4.48,4,half,Ni,10.1103/physrevapplied.14.054046,sole source,1.5397445144478616,53.97445144478615,False
DyNiSb,half:X=Dy,700.0,2.745830356026726,4.2724,4,half,Ni,10.1103/physrevapplied.14.054046,sole source,1.5559591985071695,55.59591985071694,False
DyNiSb,half:X=Dy,800.0,2.7173893325073335,4.0873,4,half,Ni,10.1103/physrevapplied.14.054046,sole source,1.5041274914510137,50.412749145101365,False
DyNiSb,half:X=Dy,900.0,2.6456603009673723,3.9208,4,half,Ni,10.1103/physrevapplied.14.054046,sole source,1.4819740835837387,48.19740835837387,False
DySbPt,half:X=Dy,300.0,3.8,5.0811,1,half,Sb,10.1002/adma.73841,sole source,1.3371315789473686,33.71315789473685,False
DySbPt,half:X=Dy,500.0,3.5,2.898,1,half,Sb,10.1002/adma.73841,sole source,0.8280000000000001,17.199999999999996,False
DySbPt,half:X=Dy,700.0,3.5,2.4337,1,half,Sb,10.1002/adma.73841,sole source,0.6953428571428572,30.465714285714284,False
DySbPt,half:X=Dy,900.0,3.8,2.1611,1,half,Sb,10.1002/adma.73841,sole source,0.5687105263157894,43.12894736842106,False
ErBiPd,half:X=Er,400.0,5.4430180228533125,4.8841,2,half,Bi,10.1063/1.2196109,sole source,0.8973146845175576,10.268531548244242,False
ErBiPd,half:X=Er,500.0,5.465659157335727,4.0994,1,half,Bi,10.1063/1.2196109,sole source,0.7500284745158314,24.997152548416857,False
ErBiPd,half:X=Er,600.0,5.566154452177786,3.7174,2,half,Bi,10.1063/1.2196109,sole source,0.667857859845328,33.2142140154672,False
ErBiPd,half:X=Er,700.0,5.428967707980956,3.4269,1,half,Bi,10.1063/1.2196109,sole source,0.6312249739415877,36.87750260584123,False
ErBiPd,half:X=Er,800.0,5.265734270917282,3.591,2,half,Bi,10.1063/1.2196109,sole source,0.6819561746275613,31.804382537243868,False
ErBiPd,half:X=Er,900.0,5.159320413873155,3.3135,2,half,Bi,10.1063/1.2196109,sole source,0.6422357469968648,35.77642530031351,False
ErBiPd,half:X=Er,1000.0,4.908259831932599,3.3135,1,half,Bi,10.1063/1.2196109,sole source,0.6750865099770662,32.49134900229338,False
ErNiSb,half:X=Er,200.0,6.873749058922181,9.3998,2,half,Ni,10.1103/physrevapplied.14.054046,density 97.3%,1.3674924585440003,36.749245854400016,False
ErNiSb,half:X=Er,300.0,6.991022860374787,9.3998,3,half,Ni,10.1103/physrevapplied.14.054046,density 97.3%,1.3445528912912295,34.45528912912295,False
ErNiSb,half:X=Er,400.0,3.7493746022700214,6.9332,4,half,Ni,10.1103/physrevapplied.14.054046,density 97.3%,1.8491617230783939,84.91617230783937,False
ErNiSb,half:X=Er,500.0,3.62364580989109,5.8422,3,half,Ni,10.1103/physrevapplied.14.054046,density 97.3%,1.6122436646686475,61.22436646686475,False
ErNiSb,half:X=Er,600.0,3.67474964816638,5.2574,3,half,Ni,10.1103/physrevapplied.14.054046,density 97.3%,1.4306824963227978,43.06824963227979,False
ErNiSb,half:X=Er,700.0,3.7543998987417737,4.7452,3,half,Ni,10.1103/physrevapplied.14.054046,density 97.3%,1.2639037204295356,26.390372042953565,False
ErNiSb,half:X=Er,800.0,3.8468733972321036,4.2074,4,half,Ni,10.1103/physrevapplied.14.054046,density 97.3%,1.0937193833899763,9.371938338997632,False
ErNiSb,half:X=Er,900.0,4.014633309708111,4.0159,4,half,Ni,10.1103/physrevapplied.14.054046,density 97.3%,1.0003155183037082,0.03155183037082245,False
ErSbPd,half:X=Er,200.0,2.145705210737223,7.561,7,half,Sb,10.1088/1361-6463/aac567,sole source,3.5237832122345387,252.3783212234539,False
ErSbPd,half:X=Er,300.0,2.2173606602427403,7.561,7,half,Sb,10.1088/1361-6463/aac567,sole source,3.4099098696791517,240.99098696791518,False
GdBiPd,half:X=Gd,300.0,3.533854202554079,6.8567,1,half,Bi,10.2320/matertrans.e-mra2007807,sole source,1.9402894423443806,94.02894423443806,False
GdBiPd,half:X=Gd,400.0,3.548746120990254,4.2417,2,half,Bi,10.2320/matertrans.e-mra2007807,sole source,1.1952672452140312,19.526724521403107,False
GdBiPd,half:X=Gd,500.0,3.683310982078742,3.2778,2,half,Bi,10.2320/matertrans.e-mra2007807,sole source,0.8899058526277668,11.009414737223317,False
GdBiPd,half:X=Gd,600.0,3.8316026851067573,3.4531,2,half,Bi,10.2320/matertrans.e-mra2007807,sole source,0.9012155705553768,9.878442944462318,False
GdBiPd,half:X=Gd,700.0,3.984187549465276,2.9451,2,half,Bi,10.2320/matertrans.e-mra2007807,sole source,0.7391971295114524,26.08028704885475,False
GdBiPd,half:X=Gd,800.0,3.800600678382332,2.9736,2,half,Bi,10.2320/matertrans.e-mra2007807,sole source,0.7824026388548843,21.759736114511572,False
GdBiPd,half:X=Gd,900.0,3.604218541408006,2.9897,2,half,Bi,10.2320/matertrans.e-mra2007807,sole source,0.8295001997387369,17.049980026126306,False
GdBiPd,half:X=Gd,1000.0,3.438096672285773,2.9897,1,half,Bi,10.2320/matertrans.e-mra2007807,sole source,0.8695799696674432,13.042003033255678,False
HfCoSb,half:X=Hf,300.0,14.211320123330584,18.5141,1,half,Co,10.2320/matertrans.47.1445,methodology on record,1.3027713005778812,30.277130057788117,False
HfCoSb,half:X=Hf,400.0,11.872989839773657,15.8217,2,half,Co,10.2320/matertrans.47.1445,methodology on record,1.3325792587641614,33.25792587641614,False
HfCoSb,half:X=Hf,500.0,10.213925960499422,13.6851,2,half,Co,10.2320/matertrans.47.1445,methodology on record,1.339847190289487,33.9847190289487,False
HfCoSb,half:X=Hf,600.0,9.217342850593628,10.2743,2,half,Co,10.2320/matertrans.47.1445,methodology on record,1.1146704822136784,11.46704822136784,False
HfCoSb,half:X=Hf,700.0,8.16148639894419,8.5712,2,half,Co,10.2320/matertrans.47.1445,methodology on record,1.0502008557055014,5.02008557055014,False
HfCoSb,half:X=Hf,800.0,7.469718420699261,7.3135,2,half,Co,10.2320/matertrans.47.1445,methodology on record,0.9790864378145279,2.091356218547208,False
HfCoSb,half:X=Hf,900.0,7.044830286509718,6.5732,2,half,Co,10.2320/matertrans.47.1445,methodology on record,0.9330529952704677,6.694700472953229,False
HfCoSb,half:X=Hf,1000.0,6.69443878308855,6.5732,1,half,Co,10.2320/matertrans.47.1445,methodology on record,0.9818896270446414,1.811037295535857,False
HfNiSn,half:X=Hf,400.0,3.2561174416934446,13.3361,1,half,Ni,10.1016/j.actamat.2015.11.022,central of 7 labs; nanostructured source demoted,4.095706079036311,309.57060790363107,False
HfNiSn,half:X=Hf,500.0,3.162735342771502,11.3288,2,half,Ni,10.1016/j.actamat.2015.11.022,central of 7 labs; nanostructured source demoted,3.5819626912167055,258.1962691216706,False
HfNiSn,half:X=Hf,600.0,3.0510168861725226,8.795,2,half,Ni,10.1016/j.actamat.2015.11.022,central of 7 labs; nanostructured source demoted,2.882645468092856,188.2645468092856,False
HfNiSn,half:X=Hf,700.0,2.7194561579631644,7.2632,2,half,Ni,10.1016/j.actamat.2015.11.022,central of 7 labs; nanostructured source demoted,2.670828128165169,167.08281281651688,False
HfNiSn,half:X=Hf,800.0,2.401862047225667,6.3872,2,half,Ni,10.1016/j.actamat.2015.11.022,central of 7 labs; nanostructured source demoted,2.6592701305962603,165.927013059626,False
HfSnPt,half:X=Hf,300.0,14.9375,11.3489,1,half,Sn,10.1063/1.2364721,methodology on record,0.7597589958158996,24.02410041841004,False
HfSnPt,half:X=Hf,400.0,12.125,10.1732,1,half,Sn,10.1063/1.2364721,methodology on record,0.8390268041237113,16.09731958762887,False
HfSnPt,half:X=Hf,500.0,10.375,7.9811,1,half,Sn,10.1063/1.2364721,methodology on record,0.7692626506024096,23.07373493975904,False
HfSnPt,half:X=Hf,600.0,8.8125,6.6523,1,half,Sn,10.1063/1.2364721,methodology on record,0.7548709219858156,24.51290780141844,False
HfSnPt,half:X=Hf,700.0,7.875,6.2971,1,half,Sn,10.1063/1.2364721,methodology on record,0.799631746031746,20.036825396825392,False
HfSnPt,half:X=Hf,800.0,7.0625,5.7146,1,half,Sn,10.1063/1.2364721,methodology on record,0.8091469026548672,19.085309734513277,False
HfSnPt,half:X=Hf,900.0,6.375,6.0016,1,half,Sn,10.1063/1.2364721,methodology on record,0.9414274509803922,5.857254901960787,False
HfSnPt,half:X=Hf,1000.0,5.75,6.0016,1,half,Sn,10.1063/1.2364721,methodology on record,1.0437565217391305,4.37565217391304,False
HfSnPt,half:X=Hf,1100.0,5.625,6.0675,1,half,Sn,10.1063/1.2364721,methodology on record,1.0786666666666667,7.8666666666666645,False
HoNiSb,half:X=Ho,200.0,4.191471334541747,9.7326,5,half,Ni,10.1557/proc-545-421,sole source,2.3220008496286337,132.20008496286334,False
HoNiSb,half:X=Ho,300.0,4.39662494988665,9.7326,3,half,Ni,10.1557/proc-545-421,sole source,2.2136525427876026,121.36525427876028,False
HoSbPd,half:X=Ho,200.0,6.7999153924972005,6.7391,3,half,Sb,10.1063/1.123596,methodology on record,0.9910564486487137,0.8943551351286294,False
HoSbPd,half:X=Ho,300.0,5.831152257993258,6.7391,4,half,Sb,10.1063/1.123596,methodology on record,1.1557064027546424,15.570640275464251,False
LaBiPd,half:X=La,300.0,3.1663348834396845,3.5187,1,half,Bi,10.2320/matertrans.e-mra2007807,sole source,1.1112848544237148,11.128485442371487,False
LaBiPd,half:X=La,400.0,3.1999713336268534,3.3608,2,half,Bi,10.2320/matertrans.e-mra2007807,sole source,1.0502594084775325,5.025940847753248,False
LaBiPd,half:X=La,500.0,3.2285176020300366,2.8461,2,half,Bi,10.2320/matertrans.e-mra2007807,sole source,0.8815500953782692,11.844990462173076,False
LaBiPd,half:X=La,600.0,3.2157020297368266,2.6837,2,half,Bi,10.2320/matertrans.e-mra2007807,sole source,0.8345611549772957,16.543884502270434,False
LaBiPd,half:X=La,700.0,3.0966018075734443,2.3007,2,half,Bi,10.2320/matertrans.e-mra2007807,sole source,0.7429757337133611,25.70242662866389,False
LaBiPd,half:X=La,800.0,2.8602595455082245,2.1507,2,half,Bi,10.2320/matertrans.e-mra2007807,sole source,0.7519247696865403,24.807523031345973,False
LaBiPd,half:X=La,900.0,2.4025053458528576,1.9812,2,half,Bi,10.2320/matertrans.e-mra2007807,sole source,0.8246391640376144,17.536083596238562,False
LaBiPd,half:X=La,1000.0,2.0268280741232703,1.9812,1,half,Bi,10.2320/matertrans.e-mra2007807,sole source,0.9774879405383177,2.2512059461682354,False
LaSbPd,half:X=La,300.0,2.4809360108537644,5.3572,1,half,Sb,10.1063/1.2339886,sole source,2.15934630178407,115.93463017840702,False
LaSbPd,half:X=La,400.0,2.4510745328109707,4.861,2,half,Sb,10.1063/1.2339886,sole source,1.983211826049716,98.3211826049716,False
LaSbPd,half:X=La,500.0,2.1698299436261625,4.6572,2,half,Sb,10.1063/1.2339886,sole source,2.146343317678163,114.63433176781632,False
LaSbPd,half:X=La,600.0,1.9190009945986275,4.3907,2,half,Sb,10.1063/1.2339886,sole source,2.2880134050781695,128.80134050781697,False
LaSbPd,half:X=La,700.0,1.9073866700587567,3.6159,2,half,Sb,10.1063/1.2339886,sole source,1.8957351735548265,89.57351735548265,False
LaSbPd,half:X=La,800.0,1.7791590397378783,3.5044,2,half,Sb,10.1063/1.2339886,sole source,1.9696946263535269,96.9694626353527,False
LaSbPd,half:X=La,900.0,1.7022783948678986,3.186,2,half,Sb,10.1063/1.2339886,sole source,1.871609255927402,87.1609255927402,False
LaSbPd,half:X=La,1000.0,1.5644800915998989,3.186,1,half,Sb,10.1063/1.2339886,sole source,2.036459279415867,103.64592794158672,False
LiAlGe,half:X=Li,200.0,1.7100148401838555,7.4355,5,half,Al,10.1007/s11664-010-1076-9,sole source,4.348207878243067,334.82078782430676,False
LiAlGe,half:X=Li,300.0,1.3738735785931437,7.4355,8,half,Al,10.1007/s11664-010-1076-9,sole source,5.412070015651662,441.2070015651662,False
LiAlGe,half:X=Li,400.0,1.168075744349935,6.2177,5,half,Al,10.1007/s11664-010-1076-9,sole source,5.323028091350629,432.30280913506283,False
LiAlSi,half:X=Li,200.0,15.076574065111048,6.8624,4,half,Al,10.1007/s11664-010-1076-9,sole source,0.4551697202801792,54.48302797198209,False
LiAlSi,half:X=Li,300.0,11.688246979711124,6.8624,8,half,Al,10.1007/s11664-010-1076-9,sole source,0.5871196948449154,41.28803051550845,False
LiAlSi,half:X=Li,400.0,10.45207034296546,6.1666,4,half,Al,10.1007/s11664-010-1076-9,sole source,0.589988375283974,41.001162471602605,False
LiZnSb,half:X=Li,300.0,3.6043813501477295,5.3784,4,half,Zn,10.1063/1.3091267,sole source,1.4921839498974103,49.21839498974104,False
LiZnSb,half:X=Li,400.0,3.1509193661394743,3.7046,4,half,Zn,10.1063/1.3091267,sole source,1.1757203436592218,17.572034365922182,False
LiZnSb,half:X=Li,500.0,2.758306101027209,3.0333,4,half,Zn,10.1063/1.3091267,sole source,1.0996966576227278,9.96966576227279,False
LuNiSb,half:X=Lu,200.0,8.276913453225458,10.9847,2,half,Ni,10.1103/physrevapplied.14.054046,density 98.5%,1.3271493126123406,32.71493126123406,False
LuNiSb,half:X=Lu,300.0,6.521303116268275,10.9847,4,half,Ni,10.1103/physrevapplied.14.054046,density 98.5%,1.6844332803051552,68.4433280305155,False
LuNiSb,half:X=Lu,400.0,4.430040931303182,9.6667,3,half,Ni,10.1103/physrevapplied.14.054046,density 98.5%,2.1820791613219597,118.20791613219596,False
LuNiSb,half:X=Lu,500.0,4.115931896162374,7.6182,3,half,Ni,10.1103/physrevapplied.14.054046,density 98.5%,1.8509052608725332,85.09052608725332,False
LuNiSb,half:X=Lu,600.0,4.129258162178192,6.8209,3,half,Ni,10.1103/physrevapplied.14.054046,density 98.5%,1.6518463443326976,65.18463443326978,False
LuNiSb,half:X=Lu,700.0,4.250161013718832,6.5783,3,half,Ni,10.1103/physrevapplied.14.054046,density 98.5%,1.54777665569994,54.777665569993985,False
LuNiSb,half:X=Lu,800.0,4.301237956045393,6.1382,4,half,Ni,10.1103/physrevapplied.14.054046,density 98.5%,1.427077521105931,42.7077521105931,False
LuNiSb,half:X=Lu,900.0,4.3864026670699285,5.6982,3,half,Ni,10.1103/physrevapplied.14.054046,density 98.5%,1.2990599433057382,29.90599433057381,False
LuSbPt,half:X=Lu,300.0,3.8,6.9499,1,half,Sb,10.1002/adma.73841,sole source,1.8289210526315791,82.89210526315792,False
LuSbPt,half:X=Lu,500.0,3.4,3.7635,1,half,Sb,10.1002/adma.73841,sole source,1.1069117647058824,10.69117647058824,False
LuSbPt,half:X=Lu,700.0,3.2,3.5261,1,half,Sb,10.1002/adma.73841,sole source,1.1019062499999999,10.190624999999995,False
LuSbPt,half:X=Lu,900.0,3.5,2.923,1,half,Sb,10.1002/adma.73841,sole source,0.8351428571428572,16.485714285714284,False
MgAgSb,half:X=Mg,300.0,0.18444435635709133,6.3285,2,half,Ag,10.1103/physrevb.85.144120,sole source; every curve fails the curve-shape gate,34.31116096470733,3331.116096470733,True
MgAgSb,half:X=Mg,400.0,0.6967123947969183,5.6603,5,half,Ag,10.1103/physrevb.85.144120,sole source; every curve fails the curve-shape gate,8.124299269356184,712.4299269356184,False
MgAgSb,half:X=Mg,500.0,1.0450258373732524,5.1088,1,half,Ag,10.1103/physrevb.85.144120,sole source; every curve fails the curve-shape gate,4.888682956242819,388.868295624282,False
MgNiSb,half:X=Mg,200.0,3.997162641817191,15.0339,2,half,Ni,10.1016/j.jallcom.2005.04.012,sole source,3.761142927415454,276.1142927415454,False
MgNiSb,half:X=Mg,300.0,3.6339012801980033,15.0339,5,half,Ni,10.1016/j.jallcom.2005.04.012,sole source,4.137123944979825,313.7123944979825,False
MgNiSb,half:X=Mg,400.0,3.024397070297166,12.4693,2,half,Ni,10.1016/j.jallcom.2005.04.012,sole source,4.12290440381058,312.290440381058,False
NbCoSb,half:X=Nb,300.0,4.643904,18.7979,1,half,Co,10.3390/ma11050773,central of 4 labs,4.047865761221592,304.78657612215926,False
NbCoSb,half:X=Nb,400.0,4.014949,15.3259,1,half,Co,10.3390/ma11050773,central of 4 labs,3.8172091351596253,281.7209135159625,False
NbCoSb,half:X=Nb,500.0,3.456535,12.4918,1,half,Co,10.3390/ma11050773,central of 4 labs,3.613966009312794,261.3966009312794,False
NbCoSb,half:X=Nb,600.0,3.186647,9.4896,1,half,Co,10.3390/ma11050773,central of 4 labs,2.977926328206419,197.7926328206419,False
NbCoSb,half:X=Nb,700.0,2.975866,8.1468,1,half,Co,10.3390/ma11050773,central of 4 labs,2.7376232666390226,173.76232666390223,False
NbCoSb,half:X=Nb,800.0,2.755241,6.9937,1,half,Co,10.3390/ma11050773,central of 4 labs,2.538326048429157,153.83260484291574,False
NbCoSb,half:X=Nb,900.0,2.50099,6.071,1,half,Co,10.3390/ma11050773,central of 4 labs,2.4274387342612327,142.74387342612326,False
NbCoSb,half:X=Nb,1000.0,2.314088,6.071,1,half,Co,10.3390/ma11050773,central of 4 labs,2.6234957356850734,162.34957356850734,False
NbCoSn,half:X=Nb,300.0,8.240586956756609,16.7626,2,half,Co,10.3390/ma18133189,central of 10 labs; nanostructured source demoted,2.0341512185920245,103.41512185920246,False
NbCoSn,half:X=Nb,400.0,7.3264479020328395,13.8707,2,half,Co,10.3390/ma18133189,central of 10 labs; nanostructured source demoted,1.8932366933437625,89.32366933437625,False
NbCoSn,half:X=Nb,500.0,6.542310810070912,11.2546,2,half,Co,10.3390/ma18133189,central of 10 labs; nanostructured source demoted,1.7202790155850163,72.02790155850164,False
NbCoSn,half:X=Nb,600.0,5.98624657553219,8.6339,2,half,Co,10.3390/ma18133189,central of 10 labs; nanostructured source demoted,1.4422894030609537,44.22894030609536,False
NbCoSn,half:X=Nb,700.0,5.560715267092511,7.4122,2,half,Co,10.3390/ma18133189,central of 10 labs; nanostructured source demoted,1.3329580178047062,33.29580178047061,False
NbCoSn,half:X=Nb,800.0,5.134070895380196,6.3833,2,half,Co,10.3390/ma18133189,central of 10 labs; nanostructured source demoted,1.243321358445576,24.3321358445576,False
NbCoSn,half:X=Nb,900.0,4.886645964855253,5.5411,2,half,Co,10.3390/ma18133189,central of 10 labs; nanostructured source demoted,1.133927041134467,13.392704113446705,False
NbCoSn,half:X=Nb,1000.0,4.725422756933799,5.5411,1,half,Co,10.3390/ma18133189,central of 10 labs; nanostructured source demoted,1.1726146601104261,17.26146601104262,False
NbFeSb,half:X=Nb,300.0,17.04222175944358,15.8967,2,half,Fe,10.1039/c7tc01570d,central of 6 labs,0.9327833086781179,6.721669132188214,False
NbFeSb,half:X=Nb,400.0,13.648794339585878,12.9027,2,half,Fe,10.1039/c7tc01570d,central of 6 labs,0.9453362457501491,5.466375424985093,False
NbFeSb,half:X=Nb,500.0,10.982654340609452,10.4197,2,half,Fe,10.1039/c7tc01570d,central of 6 labs,0.9487415042711604,5.1258495728839595,False
NbFeSb,half:X=Nb,600.0,9.191478975400074,9.1309,2,half,Fe,10.1039/c7tc01570d,central of 6 labs,0.9934092243955291,0.6590775604470812,False
NbFeSb,half:X=Nb,700.0,7.725009105184701,7.8417,2,half,Fe,10.1039/c7tc01570d,central of 6 labs,1.015105599647382,1.510559964738182,False
NbFeSb,half:X=Nb,800.0,6.708739590056419,6.9298,2,half,Fe,10.1039/c7tc01570d,central of 6 labs,1.0329511090684207,3.295110906842068,False
NbFeSb,half:X=Nb,900.0,6.108196279271377,6.0143,2,half,Fe,10.1039/c7tc01570d,central of 6 labs,0.9846278221952328,1.5372177804767138,False
NbFeSb,half:X=Nb,1000.0,5.645193666492985,6.0143,2,half,Fe,10.1039/c7tc01570d,central of 6 labs,1.0653841755151543,6.5384175515154395,False
NbFeSb,half:X=Nb,1100.0,5.397427499003536,5.2191,1,half,Fe,10.1039/c7tc01570d,central of 6 labs,0.9669606494878424,3.3039350512157553,False
ScNiSb,half:X=Sc,200.0,13.679474448586053,9.0209,2,half,Ni,10.3390/ma12101723,central of 4 labs,0.6594478489582927,34.055215104170735,False
ScNiSb,half:X=Sc,300.0,11.12001590846009,9.0209,4,half,Ni,10.3390/ma12101723,central of 4 labs,0.811230853827908,18.876914617209195,False
ScNiSb,half:X=Sc,400.0,8.769652777872736,8.2896,4,half,Ni,10.3390/ma12101723,central of 4 labs,0.9452597736726832,5.4740226327316766,False
ScNiSb,half:X=Sc,500.0,6.933778368000478,8.1732,4,half,Ni,10.3390/ma12101723,central of 4 labs,1.178751261753545,17.875126175354495,False
ScNiSb,half:X=Sc,600.0,6.158688488189274,7.1636,4,half,Ni,10.3390/ma12101723,central of 4 labs,1.1631697257846179,16.31697257846178,False
ScNiSb,half:X=Sc,700.0,6.196139795701407,6.3941,3,half,Ni,10.3390/ma12101723,central of 4 labs,1.0319489570645144,3.1948957064514403,False
ScNiSb,half:X=Sc,800.0,6.674653396247294,5.784,4,half,Ni,10.3390/ma12101723,central of 4 labs,0.8665618507250057,13.34381492749943,False
ScNiSb,half:X=Sc,900.0,7.364123301971732,5.7591,4,half,Ni,10.3390/ma12101723,central of 4 labs,0.7820482851581274,21.79517148418726,False
ScSbPd,half:X=Sc,200.0,4.26444887118485,5.692,6,half,Sb,10.1088/0953-8984/15/4/304,sole source,1.3347563007405723,33.475630074057236,False
ScSbPd,half:X=Sc,300.0,3.5993325946112646,5.692,9,half,Sb,10.1088/0953-8984/15/4/304,sole source,1.5814042882621544,58.140428826215434,False
ScSbPd,half:X=Sc,400.0,3.355786122333426,5.6421,2,half,Sb,10.1088/0953-8984/15/4/304,sole source,1.681305004049781,68.1305004049781,False
TaCoSn,half:X=Ta,300.0,5.721771988446752,15.8367,1,half,Co,10.1021/acsami.9b13603,sole source (nanostructured),2.767796415512019,176.77964155120193,False
TaCoSn,half:X=Ta,400.0,4.972447101271777,12.5583,1,half,Co,10.1021/acsami.9b13603,sole source (nanostructured),2.525577395642485,152.55773956424855,False
TaCoSn,half:X=Ta,500.0,4.3529595856720125,11.0546,1,half,Co,10.1021/acsami.9b13603,sole source (nanostructured),2.539559530115276,153.95595301152755,False
TaCoSn,half:X=Ta,600.0,4.026161808911069,9.0761,1,half,Co,10.1021/acsami.9b13603,sole source (nanostructured),2.2542809829232264,125.42809829232266,False
TaCoSn,half:X=Ta,700.0,3.788104596599724,7.8792,1,half,Co,10.1021/acsami.9b13603,sole source (nanostructured),2.0799848048209975,107.99848048209974,False
TaCoSn,half:X=Ta,800.0,3.558582573615181,6.7614,1,half,Co,10.1021/acsami.9b13603,sole source (nanostructured),1.900026164948889,90.0026164948889,False
TaCoSn,half:X=Ta,900.0,3.3925737862202925,6.4844,1,half,Co,10.1021/acsami.9b13603,sole source (nanostructured),1.911351206667298,91.1351206667298,False
TaCoSn,half:X=Ta,1000.0,3.3078177005901104,6.4844,1,half,Co,10.1021/acsami.9b13603,sole source (nanostructured),1.9603256850712152,96.03256850712152,False
TaFeSb,half:X=Ta,200.0,16.79205035282916,17.1377,7,half,Fe,10.1016/j.intermet.2019.04.011,density 99.1%; nanostructured source demoted,1.0205841240294162,2.058412402941621,False
TaFeSb,half:X=Ta,300.0,14.029954045128074,17.1377,5,half,Fe,10.1016/j.intermet.2019.04.011,density 99.1%; nanostructured source demoted,1.2215079211860351,22.150792118603523,False
TaFeSb,half:X=Ta,400.0,12.193345594325766,13.5751,2,half,Fe,10.1016/j.intermet.2019.04.011,density 99.1%; nanostructured source demoted,1.1133203676534225,11.332036765342245,False
TaFeSb,half:X=Ta,500.0,10.992704559962531,11.8161,4,half,Fe,10.1016/j.intermet.2019.04.011,density 99.1%; nanostructured source demoted,1.0749038087529823,7.490380875298224,False
TaFeSb,half:X=Ta,600.0,9.199164847186722,9.981,4,half,Fe,10.1016/j.intermet.2019.04.011,density 99.1%; nanostructured source demoted,1.0849897969871012,8.498979698710125,False
TaFeSb,half:X=Ta,700.0,8.033863412146168,8.27,4,half,Fe,10.1016/j.intermet.2019.04.011,density 99.1%; nanostructured source demoted,1.0293926565264755,2.939265652647559,False
TaFeSb,half:X=Ta,800.0,6.844411790783118,7.0017,4,half,Fe,10.1016/j.intermet.2019.04.011,density 99.1%; nanostructured source demoted,1.0229805298139265,2.2980529813926496,False
TbSbPt,half:X=Tb,300.0,2.9,3.6251,1,half,Sb,10.1002/adma.73841,sole source,1.2500344827586207,25.00344827586208,False
TbSbPt,half:X=Tb,500.0,2.8,1.6988,1,half,Sb,10.1002/adma.73841,sole source,0.6067142857142858,39.32857142857142,False
TbSbPt,half:X=Tb,700.0,3.0,1.3435,1,half,Sb,10.1002/adma.73841,sole source,0.4478333333333333,55.21666666666667,False
TbSbPt,half:X=Tb,900.0,3.2,1.2662,1,half,Sb,10.1002/adma.73841,sole source,0.39568749999999997,60.431250000000006,False
TiCoSb,half:X=Ti,200.0,8.898284289079495,17.0132,6,half,Co,10.1007/s11664-011-1517-0,central of 23 labs; nanostructured source demoted,1.9119640873780146,91.19640873780146,False
TiCoSb,half:X=Ti,300.0,8.644938008865095,17.0132,11,half,Co,10.1007/s11664-011-1517-0,central of 23 labs; nanostructured source demoted,1.9679956041967603,96.79956041967603,False
TiCoSb,half:X=Ti,400.0,8.558201012313083,14.5608,5,half,Co,10.1007/s11664-011-1517-0,central of 23 labs; nanostructured source demoted,1.701385604176707,70.1385604176707,False
TiNiSn,half:X=Ti,300.0,5.308916100269534,15.057,2,half,Ni,10.1016/j.stam.2004.02.006,central of 28 labs; nanostructured source demoted,2.8361721518325664,183.61721518325663,False
TiNiSn,half:X=Ti,400.0,4.9714525914011825,13.2273,2,half,Ni,10.1016/j.stam.2004.02.006,central of 28 labs; nanostructured source demoted,2.6606509378925693,166.06509378925693,False
TiNiSn,half:X=Ti,500.0,4.386473765734131,10.4683,2,half,Ni,10.1016/j.stam.2004.02.006,central of 28 labs; nanostructured source demoted,2.386495522160726,138.64955221607255,False
TiNiSn,half:X=Ti,600.0,3.9339551544283173,9.4755,2,half,Ni,10.1016/j.stam.2004.02.006,central of 28 labs; nanostructured source demoted,2.4086446408352566,140.86446408352566,False
TiNiSn,half:X=Ti,700.0,3.7410926019877886,8.4663,2,half,Ni,10.1016/j.stam.2004.02.006,central of 28 labs; nanostructured source demoted,2.2630554494966324,126.30554494966321,False
TiNiSn,half:X=Ti,800.0,3.7314851391513395,6.9976,2,half,Ni,10.1016/j.stam.2004.02.006,central of 28 labs; nanostructured source demoted,1.8752855067222594,87.52855067222595,False
TiNiSn,half:X=Ti,900.0,2.9085962812697623,5.2067,3,half,Ni,10.1016/j.stam.2004.02.006,central of 28 labs; nanostructured source demoted,1.7901074939582158,79.01074939582158,False
TiNiSn,half:X=Ti,1000.0,6.046957442041589,5.2067,1,half,Ni,10.1016/j.stam.2004.02.006,central of 28 labs; nanostructured source demoted,0.861044591417217,13.8955408582783,False
TiSnPt,half:X=Ti,400.0,16.955116999419236,9.4756,1,half,Sn,10.1109/ict.2006.331294,sole source,0.5588637341944953,44.11362658055047,False
TiSnPt,half:X=Ti,500.0,13.982061224812057,9.04,1,half,Sn,10.1109/ict.2006.331294,sole source,0.6465427274741112,35.34572725258888,False
TiSnPt,half:X=Ti,600.0,11.494792850696845,8.6272,1,half,Sn,10.1109/ict.2006.331294,sole source,0.750531141540058,24.9468858459942,False
TiSnPt,half:X=Ti,700.0,10.246164714531064,8.0456,1,half,Sn,10.1109/ict.2006.331294,sole source,0.785230398315749,21.476960168425094,False
TiSnPt,half:X=Ti,800.0,9.132582196965467,7.1689,1,half,Sn,10.1109/ict.2006.331294,sole source,0.7849806161484152,21.50193838515848,False
TiSnPt,half:X=Ti,900.0,8.41290463265947,6.2722,1,half,Sn,10.1109/ict.2006.331294,sole source,0.7455451207245225,25.44548792754775,False
TiSnPt,half:X=Ti,1000.0,7.830879332455192,6.2722,1,half,Sn,10.1109/ict.2006.331294,sole source,0.8009573042461243,19.90426957538757,False
TiSnPt,half:X=Ti,1100.0,7.45058419631965,5.4126,1,half,Sn,10.1109/ict.2006.331294,sole source,0.7264665236148397,27.353347638516034,False
TmNiSb,half:X=Tm,200.0,5.643726835325853,10.0256,3,half,Ni,10.1103/physrevapplied.14.054046,density 96.9%,1.7764148217179172,77.64148217179174,False
TmNiSb,half:X=Tm,300.0,4.744930919846553,10.0256,4,half,Ni,10.1103/physrevapplied.14.054046,density 96.9%,2.112907473123807,111.29074731238069,False
TmNiSb,half:X=Tm,400.0,3.352340473650167,8.7272,4,half,Ni,10.1103/physrevapplied.14.054046,density 96.9%,2.603315524958437,160.3315524958437,False
TmNiSb,half:X=Tm,500.0,3.223159666786729,7.1119,4,half,Ni,10.1103/physrevapplied.14.054046,density 96.9%,2.206499440063446,120.6499440063446,False
TmNiSb,half:X=Tm,600.0,3.217150528911483,6.385,4,half,Ni,10.1103/physrevapplied.14.054046,density 96.9%,1.9846755514297783,98.46755514297783,False
TmNiSb,half:X=Tm,700.0,3.3072108194364893,6.3031,4,half,Ni,10.1103/physrevapplied.14.054046,density 96.9%,1.9058658017676586,90.58658017676585,False
TmNiSb,half:X=Tm,800.0,3.442960270620004,6.1124,4,half,Ni,10.1103/physrevapplied.14.054046,density 96.9%,1.775332713583502,77.5332713583502,False
TmNiSb,half:X=Tm,900.0,3.496507028935575,5.2924,4,half,Ni,10.1103/physrevapplied.14.054046,density 96.9%,1.5136248708217641,51.3624870821764,False
VCoSb,half:X=V,300.0,2.45322,17.5311,1,half,Co,10.1002/andp.201900440,closest to consensus,7.146158925819942,614.6158925819942,False
VCoSb,half:X=V,400.0,2.426793,16.0234,1,half,Co,10.1002/andp.201900440,closest to consensus,6.602705710787858,560.2705710787858,False
VCoSb,half:X=V,500.0,2.431923,14.727,1,half,Co,10.1002/andp.201900440,closest to consensus,6.055701599104906,505.57015991049064,False
VCoSb,half:X=V,600.0,2.410138,12.1407,1,half,Co,10.1002/andp.201900440,closest to consensus,5.037346409209763,403.73464092097635,False
VCoSb,half:X=V,700.0,2.442183,9.8227,1,half,Co,10.1002/andp.201900440,closest to consensus,4.022098262087648,302.20982620876487,False
VCoSb,half:X=V,800.0,2.371076,8.2041,1,half,Co,10.1002/andp.201900440,closest to consensus,3.4600746665227096,246.00746665227098,False
VCoSb,half:X=V,900.0,2.237175,7.0024,1,half,Co,10.1002/andp.201900440,closest to consensus,3.130018885424698,213.0018885424698,False
VCoSb,half:X=V,1000.0,2.466506,7.0024,1,half,Co,10.1002/andp.201900440,closest to consensus,2.838995729181279,183.89957291812792,False
VCoSn,half:X=V,300.0,12.80163145112045,15.2272,1,half,Co,10.3390/en13061459,sole source (nanostructured); every curve fails the curve-shape gate,1.1894733931484378,18.94733931484377,False
VCoSn,half:X=V,400.0,9.32784322402518,12.6845,1,half,Co,10.3390/en13061459,sole source (nanostructured); every curve fails the curve-shape gate,1.3598534725936726,35.98534725936725,False
VCoSn,half:X=V,500.0,3.771659881588847,10.9633,1,half,Co,10.3390/en13061459,sole source (nanostructured); every curve fails the curve-shape gate,2.906757328124085,190.6757328124085,False
VCoSn,half:X=V,600.0,0.3642936912614081,9.0532,1,half,Co,10.3390/en13061459,sole source (nanostructured); every curve fails the curve-shape gate,24.851377383594738,2385.137738359473,True
VFeSb,half:X=V,300.0,8.180985104248563,21.7731,1,half,Fe,10.1007/s11664-016-4804-y,central of 7 labs,2.661427654805624,166.14276548056242,False
VFeSb,half:X=V,400.0,7.2956224979338336,16.2786,2,half,Fe,10.1007/s11664-016-4804-y,central of 7 labs,2.2312832119000405,123.12832119000404,False
VFeSb,half:X=V,500.0,6.468481370449577,13.4957,2,half,Fe,10.1007/s11664-016-4804-y,central of 7 labs,2.0863784290472513,108.6378429047251,False
VFeSb,half:X=V,600.0,5.922576774632798,11.0181,2,half,Fe,10.1007/s11664-016-4804-y,central of 7 labs,1.8603557909442425,86.03557909442426,False
VFeSb,half:X=V,700.0,5.744849916132701,8.9145,1,half,Fe,10.1007/s11664-016-4804-y,central of 7 labs,1.5517376659338447,55.173766593384464,False
VNiSn,half:X=V,300.0,3.0,12.0372,1,half,Ni,10.1016/j.jpcs.2023.111854,sole source,4.0124,301.24,False
VNiSn,half:X=V,400.0,2.5,10.5664,1,half,Ni,10.1016/j.jpcs.2023.111854,sole source,4.22656,322.656,False
VNiSn,half:X=V,500.0,2.2,9.6171,1,half,Ni,10.1016/j.jpcs.2023.111854,sole source,4.371409090909091,337.1409090909091,False
VNiSn,half:X=V,600.0,2.0,8.4933,1,half,Ni,10.1016/j.jpcs.2023.111854,sole source,4.24665,324.66499999999996,False
VNiSn,half:X=V,700.0,1.8,6.827,1,half,Ni,10.1016/j.jpcs.2023.111854,sole source,3.792777777777778,279.27777777777777,False
YNiBi,half:X=Y,200.0,2.8394902726538573,7.5296,1,half,Ni,10.1063/1.4921811,sole source; every curve fails the curve-shape gate,2.6517435444364637,165.17435444364637,False
YNiBi,half:X=Y,300.0,3.1734725337117577,7.5296,2,half,Ni,10.1063/1.4921811,sole source; every curve fails the curve-shape gate,2.3726690305377334,137.26690305377332,False
YNiBi,half:X=Y,400.0,3.072540535521754,5.7266,2,half,Ni,10.1063/1.4921811,sole source; every curve fails the curve-shape gate,1.863799658228937,86.37996582289371,False
YNiBi,half:X=Y,500.0,3.9457950670671353,4.4756,2,half,Ni,10.1063/1.4921811,sole source; every curve fails the curve-shape gate,1.134270767723034,13.427076772303401,False
YNiBi,half:X=Y,600.0,4.528104664387406,3.8385,2,half,Ni,10.1063/1.4921811,sole source; every curve fails the curve-shape gate,0.8477056703633636,15.22943296366364,False
YNiBi,half:X=Y,700.0,5.238690333071573,3.4719,1,half,Ni,10.1063/1.4921811,sole source; every curve fails the curve-shape gate,0.662741979246622,33.72580207533779,False
YNiSb,half:X=Y,200.0,4.6657852022513175,7.7706,4,half,Ni,10.1557/proc-545-421,methodology on record,1.6654431490439292,66.54431490439292,False
YNiSb,half:X=Y,300.0,4.919204941923362,7.7706,2,half,Ni,10.1557/proc-545-421,methodology on record,1.5796455101465583,57.96455101465583,False
YSbPd,half:X=Y,200.0,2.4713378058086692,6.2301,6,half,Sb,10.1088/0953-8984/15/4/304,sole source,2.520942295042256,152.09422950422564,False
YSbPd,half:X=Y,300.0,2.2567844889520567,6.2301,9,half,Sb,10.1088/0953-8984/15/4/304,sole source,2.7606091899776226,176.06091899776226,False
YSbPd,half:X=Y,400.0,2.1993935019781596,4.7991,2,half,Sb,10.1088/0953-8984/15/4/304,sole source,2.1820106296047683,118.20106296047682,False
YSbPt,half:X=Y,200.0,2.042075,4.0221,5,half,Sb,10.1063/1.3663569,methodology on record,1.9696142404172226,96.96142404172227,False
YSbPt,half:X=Y,300.0,1.919582,4.0221,11,half,Sb,10.1063/1.3663569,methodology on record,2.0952999142521653,109.52999142521654,False
YbNiSb,half:X=Yb,200.0,2.70701415846888,8.2715,4,half,Ni,10.1557/proc-545-421,methodology on record; nanostructured source demoted,3.0555806197476487,205.55806197476485,False
YbNiSb,half:X=Yb,300.0,2.7532924016496554,8.2715,2,half,Ni,10.1557/proc-545-421,methodology on record; nanostructured source demoted,3.004221416891308,200.42214168913074,False
ZrCoBi,half:X=Zr,300.0,14.62296,12.2355,5,half,Co,10.3390/ma11050728,density 98.1%; nanostructured source demoted,0.8367320980157231,16.326790198427684,False
ZrCoBi,half:X=Zr,400.0,11.691635,10.3624,6,half,Co,10.3390/ma11050728,density 98.1%; nanostructured source demoted,0.8863088866527221,11.369111334727782,False
ZrCoBi,half:X=Zr,500.0,9.763931,8.5918,7,half,Co,10.3390/ma11050728,density 98.1%; nanostructured source demoted,0.8799529615684503,12.004703843154978,False
ZrCoBi,half:X=Zr,600.0,8.663835,6.1881,7,half,Co,10.3390/ma11050728,density 98.1%; nanostructured source demoted,0.7142449042485227,28.575509575147727,False
ZrCoBi,half:X=Zr,700.0,7.8034125,5.8749,6,half,Co,10.3390/ma11050728,density 98.1%; nanostructured source demoted,0.7528629301603625,24.713706983963746,False
ZrCoBi,half:X=Zr,800.0,7.351656500000001,5.1073,4,half,Co,10.3390/ma11050728,density 98.1%; nanostructured source demoted,0.694714177682268,30.52858223177321,False
ZrCoSb,half:X=Zr,300.0,16.28419286234364,14.3339,1,half,Co,10.1143/jjap.46.l673,central of 13 labs; nanostructured source demoted,0.8802339864904454,11.97660135095546,False
ZrCoSb,half:X=Zr,400.0,13.637692309393149,12.2828,2,half,Co,10.1143/jjap.46.l673,central of 13 labs; nanostructured source demoted,0.9006509108245573,9.93490891754427,False
ZrCoSb,half:X=Zr,500.0,10.980435550294196,10.6752,2,half,Co,10.1143/jjap.46.l673,central of 13 labs; nanostructured source demoted,0.9722018722393924,2.7798127760607603,False
ZrCoSb,half:X=Zr,600.0,9.363868468175703,7.8068,2,half,Co,10.1143/jjap.46.l673,central of 13 labs; nanostructured source demoted,0.8337152563101887,16.62847436898113,False
ZrCoSb,half:X=Zr,700.0,8.481238759718268,7.1142,1,half,Co,10.1143/jjap.46.l673,central of 13 labs; nanostructured source demoted,0.8388161448524439,16.118385514755612,False
ZrCoSb,half:X=Zr,800.0,7.458702149778604,5.9114,3,half,Co,10.1143/jjap.46.l673,central of 13 labs; nanostructured source demoted,0.7925507523015204,20.74492476984796,False
ZrCoSb,half:X=Zr,900.0,6.553566781948909,4.9212,2,half,Co,10.1143/jjap.46.l673,central of 13 labs; nanostructured source demoted,0.7509193335078103,24.908066649218974,False
ZrCoSb,half:X=Zr,1000.0,6.337560706036682,4.9212,1,half,Co,10.1143/jjap.46.l673,central of 13 labs; nanostructured source demoted,0.7765132719458507,22.34867280541493,False
ZrNiPb,half:X=Zr,300.0,7.585405406355404,10.5187,1,half,Ni,10.1021/acs.chemmater.6b04898,sole source (nanostructured),1.3867024155606695,38.670241556066955,False
ZrNiPb,half:X=Zr,400.0,6.822370567768012,9.1821,1,half,Ni,10.1021/acs.chemmater.6b04898,sole source (nanostructured),1.345881157992271,34.588115799227104,False
ZrNiPb,half:X=Zr,500.0,5.647570806633364,8.1649,1,half,Ni,10.1021/acs.chemmater.6b04898,sole source (nanostructured),1.4457366325376395,44.57366325376395,False
ZrNiPb,half:X=Zr,600.0,5.134460458093103,6.2769,1,half,Ni,10.1021/acs.chemmater.6b04898,sole source (nanostructured),1.2225043022984328,22.25043022984328,False
ZrNiPb,half:X=Zr,700.0,5.146890362227769,5.8917,1,half,Ni,10.1021/acs.chemmater.6b04898,sole source (nanostructured),1.1447106088053234,14.471060880532333,False
ZrNiPb,half:X=Zr,800.0,5.522559687069132,5.3658,1,half,Ni,10.1021/acs.chemmater.6b04898,sole source (nanostructured),0.9716146685682405,2.8385331431759524,False
ZrNiPb,half:X=Zr,900.0,5.91306802444255,4.8116,1,half,Ni,10.1021/acs.chemmater.6b04898,sole source (nanostructured),0.813723092667044,18.627690733295594,False
ZrNiSn,half:X=Zr,300.0,6.679018,12.8151,1,half,Ni,10.1038/s41598-017-14013-8,central of 38 labs; nanostructured source demoted,1.9187102056020808,91.87102056020808,False
ZrNiSn,half:X=Zr,400.0,5.852304999999999,10.9327,2,half,Ni,10.1038/s41598-017-14013-8,central of 38 labs; nanostructured source demoted,1.8681015428963463,86.81015428963462,False
ZrNiSn,half:X=Zr,500.0,5.195206499999999,9.4351,2,half,Ni,10.1038/s41598-017-14013-8,central of 38 labs; nanostructured source demoted,1.8161164527338811,81.61164527338809,False
ZrNiSn,half:X=Zr,600.0,4.7059945,6.8836,2,half,Ni,10.1038/s41598-017-14013-8,central of 38 labs; nanostructured source demoted,1.46273014131232,46.27301413123199,False
ZrSbIr,half:X=Zr,300.0,9.2,8.2006,1,half,Sb,10.1088/1361-6463/ac1dd8,sole source,0.8913695652173913,10.863043478260867,False
ZrSbIr,half:X=Zr,500.0,4.5,7.929,1,half,Sb,10.1088/1361-6463/ac1dd8,sole source,1.762,76.2,False
ZrSbIr,half:X=Zr,700.0,2.8,6.0895,1,half,Sb,10.1088/1361-6463/ac1dd8,sole source,2.1748214285714287,117.48214285714288,False
ZrSbIr,half:X=Zr,1000.0,1.8,4.8198,1,half,Sb,10.1088/1361-6463/ac1dd8,sole source,2.6776666666666666,167.76666666666668,False
ZrSnPt,half:X=Zr,300.0,20.00041532665796,10.581,1,half,Sn,10.1109/ict.2006.331294,sole source,0.5290390137997233,47.09609862002767,False
ZrSnPt,half:X=Zr,400.0,16.888358567429478,8.4428,1,half,Sn,10.1109/ict.2006.331294,sole source,0.49991832932080216,50.008167067919786,False
ZrSnPt,half:X=Zr,500.0,14.379687608199344,7.4745,1,half,Sn,10.1109/ict.2006.331294,sole source,0.5197957148761713,48.02042851238287,False
ZrSnPt,half:X=Zr,600.0,12.755399775164664,6.181,1,half,Sn,10.1109/ict.2006.331294,sole source,0.48457908877420564,51.542091122579436,False
ZrSnPt,half:X=Zr,700.0,11.398012716103027,6.0571,1,half,Sn,10.1109/ict.2006.331294,sole source,0.5314171997231214,46.858280027687854,False
ZrSnPt,half:X=Zr,800.0,10.15041545548161,5.5074,1,half,Sn,10.1109/ict.2006.331294,sole source,0.5425787766180343,45.742122338196566,False
ZrSnPt,half:X=Zr,900.0,9.05065374696799,4.9234,1,half,Sn,10.1109/ict.2006.331294,sole source,0.5439828036344182,45.60171963655817,False
ZrSnPt,half:X=Zr,1000.0,7.95447945430361,4.9234,1,half,Sn,10.1109/ict.2006.331294,sole source,0.6189468497949661,38.10531502050339,False
