pair,light,heavy,k_light,k_heavy,ratio,src_light,src_heavy,model_ape,twin,model
Zr/Hf,ZrCoBi,HfCoBi,17.68,18.6,1.0520361990950227,3,1,31.85602186054359,12.19462358699246,31.85602186054359
Zr/Hf,ZrNiSn,HfNiSn,19.325000000000003,16.44,0.8507115135834411,8,4,17.327618050122943,11.592602320365962,17.327618050122943
Zr/Hf,ZrSbRh,HfSbRh,21.1169,21.8,1.032348498122357,1,1,34.2916145671146,10.520105730129401,34.2916145671146
Zr/Hf,ZrSnPd,HfSnPd,16.790233,13.99,0.833222505012289,5,3,11.95191882920664,13.934886604237139,11.95191882920664
Nb/Ta,NbFeSb,TaFeSb,23.903,25.428,1.0637995230724178,6,1,24.149475781635942,13.165561312852875,24.149475781635942
Nb/Ta,NbSbRu,TaSbRu,15.65,18.6009155,1.1885569009584664,3,4,8.496662681085839,22.280174901886166,8.496662681085839
Ru/Os,TaSbRu,TaSbOs,18.6009155,24.65,1.3252035901136157,4,2,29.218661792803736,30.29415619548046,29.218661792803736
Ru/Os,TiTeRu,TiTeOs,14.54,12.96,0.891334250343879,3,3,0.4776234567901342,6.506747146817382,0.4776234567901342
Pd/Pt,DyBiPd,DyBiPt,6.93,6.23,0.8989898989898991,2,2,8.194221508828257,5.59975338025484,8.194221508828257
Pd/Pt,ErBiPd,ErBiPt,6.53,6.35,0.9724349157733536,2,2,2.022047244094489,5.007077632352303,2.022047244094489
Pd/Pt,ErSbPd,ErSbPt,7.65,6.296983,0.8231350326797385,3,4,5.623597840426114,15.331152065799238,5.623597840426114
Pd/Pt,GdBiPd,GdBiPt,6.8,5.54,0.8147058823529412,2,2,2.7274368231046853,16.524396940032506,2.7274368231046853
Pd/Pt,HoBiPd,HoBiPt,6.78,6.46,0.9528023598820059,2,2,6.224458204334365,3.049742159446603,6.224458204334365
Pd/Pt,HoSbPd,HoSbPt,7.72,5.9726085,0.7736539507772021,2,4,9.751040939649736,22.707460524573115,9.751040939649736
Pd/Pt,LuBiPd,LuBiPt,5.75,5.77,1.0034782608695652,2,2,4.133448873483538,7.945754219328022,4.133448873483538
Pd/Pt,ScSbPd,ScSbPt,11.07,9.981030999999998,0.9016288166214993,2,4,40.493121401987416,5.290680460278748,40.493121401987416
Pd/Pt,TbBiPd,TbBiPt,6.93,5.9,0.8513708513708514,2,2,30.87118644067797,11.506180264235196,30.87118644067797
Pd/Pt,TiSiPd,TiSiPt,25.31,32.605633499999996,1.2882510272619516,3,4,55.49695423031728,28.294693730630428,55.49695423031728
Pd/Pt,TiSnPd,TiSnPt,11.03,11.18,1.013599274705349,3,3,8.188060041257721,8.864936304831867,8.188060041257721
Pd/Pt,TmBiPd,TmBiPt,6.28,5.94,0.945859872611465,2,2,1.132996632996639,1.9711465619359263,1.132996632996639
Pd/Pt,TmSbPd,TmSbPt,7.66,5.86,0.7650130548302873,2,2,7.805460750853238,24.09345307935143,7.805460750853238
Pd/Pt,YBiPd,YBiPt,4.24,4.61,1.0872641509433962,2,2,21.117136659436,15.039565701217267,21.117136659436
Pd/Pt,ZrSnPd,ZrSnPt,16.790233,13.23,0.7879580944469323,5,3,19.587539846856615,20.479898986642294,19.587539846856615
