compound,family,arm,ape,ratio,c_own,ape_anchored,ape_global,c_family_loo,p_family_loo,form,ref_doi_heldout,ref_doi_deployed,ref_moved_in_fold
LuSbPt,Sb-Pt,family,3.0578947368421074,0.977111111703795,,,29.519854237759045,0.61,0.65,SHAPE_NOCAP,10.1002/adma.73841,10.1002/adma.73841,False
YNiSb,Ni-Sb,family,5.55685443274063,0.9444314556725937,0.44,3.2575477649048135,5.55685443274063,0.42,0.7,SHAPE_NOCAP,10.1557/proc-545-421,10.1557/proc-545-421,False
ZrNiPb,Ni-Pb,family (in-sample),5.562352123296624,1.0556235212329663,0.51,5.562352123296624,13.06629825140279,0.51,0.7,SHAPE_NOCAP,10.1021/acs.chemmater.6b04898,10.1021/acs.chemmater.6b04898,False
ZrCoBi,Co-Bi,family (in-sample),6.262904172440441,0.941883591946193,0.54,6.262904172440441,25.54448304140785,0.54,0.7,SHAPE_NOCAP,10.3390/ma11050728,10.3390/ma11050728,False
DySbPt,Sb-Pt,family,6.5000189409050995,0.934999810590949,,,31.43334722333042,0.6,0.65,SHAPE_NOCAP,10.1002/adma.73841,10.1002/adma.73841,False
TiSnPt,Sn-Pt,family,7.692823844709547,0.9230717615529045,0.795,8.64798812937946,50.37854916514625,0.8185,0.65,SHAPE_NOCAP,10.1109/ict.2006.331294,10.1109/ict.2006.331294,False
LuNiSb,Ni-Sb,family,8.00600614041974,0.9199399385958026,0.44,4.097653214789214,8.00600614041974,0.42,0.7,SHAPE_NOCAP,10.1103/physrevapplied.14.054046,10.1103/physrevapplied.14.054046,False
TbSbPt,Sb-Pt,family,8.285517241379305,0.9514113935454976,,,31.373604399996896,0.61,0.65,SHAPE_NOCAP,10.1002/adma.73841,10.1002/adma.73841,False
LaBiPd,Bi-Pd,family,10.07443367005742,0.8992556632994257,0.92,2.237318268291773,52.732948052592604,0.8371,0.65,SHAPE_NOCAP,10.2320/matertrans.e-mra2007807,10.2320/matertrans.e-mra2007807,False
HoNiSb,Ni-Sb,family,10.493003482968074,0.8950699651703192,0.48,5.5935810101477585,10.493003482968074,0.42,0.7,SHAPE_NOCAP,10.1557/proc-545-421,10.1557/proc-545-421,False
VFeSb,Fe-Sb,family,11.373056883539142,1.1137305688353916,0.37,3.3509934999526374,34.68369669637293,0.43,0.65,SHAPE_NOCAP,10.1007/s11664-016-4804-y,10.1007/s11664-016-4804-y,False
ZrCoSb,Co-Sb,family,13.42907808918256,0.9242647367253942,0.42,11.18118242833863,11.18118242833863,0.4327,0.7,SHAPE_NOCAP,10.1143/jjap.46.l673,10.1143/jjap.46.l673,False
DyNiSb,Ni-Sb,family,16.43402172290571,1.119419752375097,0.37,3.0938023147538503,32.29506164432966,0.44,0.65,SHAPE_NOCAP,10.1103/physrevapplied.14.054046,10.1103/physrevapplied.14.054046,False
NbFeSb,Fe-Sb,family,17.348601014092814,0.960303133567497,0.36,13.861508993615082,28.711024706021163,0.41,0.65,SHAPE_NOCAP,10.1039/c7tc01570d,10.1039/c7tc01570d,False
ScNiSb,Ni-Sb,family,17.957837376595542,0.8204216262340446,0.47,9.387428110812667,17.957837376595542,0.42,0.7,SHAPE_NOCAP,10.3390/ma12101723,10.3390/ma12101723,False
ErNiSb,Ni-Sb,family,18.385246747679222,1.1083874376868736,0.4,5.669154239414995,8.536294294487604,0.47,0.7,SHAPE_NOCAP,10.1103/physrevapplied.14.054046,10.1103/physrevapplied.14.054046,False
TmNiSb,Ni-Sb,family,18.839165173260525,1.183349464003742,0.39,4.483259120395162,10.08316469382157,0.47,0.7,SHAPE_NOCAP,10.1103/physrevapplied.14.054046,10.1103/physrevapplied.14.054046,False
ZrSnPt,Sn-Pt,family,21.713180770838633,0.7828681922916136,0.94,14.057109063151092,56.64963445654291,0.7946,0.65,SHAPE_NOCAP,10.1109/ict.2006.331294,10.1109/ict.2006.331294,False
HfCoSb,Co-Sb,family,24.858368391945767,0.7514163160805423,0.495,8.224513397267238,22.960567743680325,0.3999,0.7,SHAPE_NOCAP,10.2320/matertrans.47.1445,10.2320/matertrans.47.1445,False
ErBiPd,Bi-Pd,family,25.30459453429811,0.7469540546570188,0.99,7.250245953245584,58.03093039853298,0.7831,0.65,SHAPE_NOCAP,10.1063/1.2196109,10.1063/1.2196109,False
ScSbPd,Sb-Pd,family,27.157162333025166,0.7284283766697484,0.33,2.8354817424920253,33.54520238945389,0.24,0.65,SHAPE_NOCAP,10.1088/0953-8984/15/4/304,10.1088/0953-8984/15/4/304,False
TiNiSn,Ni-Sn,family,27.93052249615391,0.7503308202563791,0.32,25.9022269888183,40.108398415057486,0.2632,0.65,SHAPE_NOCAP,10.1016/j.stam.2004.02.006,10.1016/j.stam.2004.02.006,False
TaFeSb,Fe-Sb,family,30.440467734267315,0.702972356687076,0.57,14.206266142644475,22.568115596669514,0.35,0.75,SHAPE_NOCAP,10.1016/j.intermet.2019.04.011,10.1016/j.intermet.2019.04.011,False
ZrNiSn,Ni-Sn,family,33.34371909163894,0.6665628090836105,0.35,2.389049783320977,48.315216398578336,0.2337,0.65,SHAPE_NOCAP,10.1038/s41598-017-14013-8,10.1038/s41598-017-14013-8,False
YSbPt,Sb-Pt,family,34.050060263308225,1.3405006026330821,0.45,2.3869168303901134,7.703237195754992,0.61,0.7,SHAPE_NOCAP,10.1063/1.3663569,10.1063/1.3663569,False
TiCoSb,Co-Sb,family,36.233383537831955,1.3623338353783194,0.37,3.4248348242681868,38.904626352299246,0.51,0.65,SHAPE_NOCAP,10.1007/s11664-011-1517-0,10.1007/s11664-011-1517-0,False
ZrSbIr,Sb-Ir,family (in-sample),36.5964102411109,0.8451486755794833,0.198,36.5964102411109,81.5406551979427,0.1977,0.7,SHAPE_NOCAP,10.1088/1361-6463/ac1dd8,10.1088/1361-6463/ac1dd8,False
NbCoSn,Co-Sn,family,40.880934147804666,0.5911906585219533,0.37,4.90466444521649,36.91066021903439,0.22,0.65,SHAPE_NOCAP,10.3390/ma18133189,10.3390/ma18133189,False
HfSnPt,Sn-Pt,family,41.1036530314253,1.411036530314253,0.55,13.141119368210374,29.846771374206632,0.885,0.65,SHAPE_NOCAP,10.1063/1.2364721,10.1109/ict.2006.331294,True
GdBiPd,Bi-Pd,family,46.19276583285772,1.4619276583285772,0.7,9.57129488336398,32.99498232660687,0.96,0.65,SHAPE_NOCAP,10.2320/matertrans.e-mra2007807,10.2320/matertrans.e-mra2007807,False
TaCoSn,Co-Sn,family,59.62578920038669,1.5962578920038668,0.21,3.4571948296819315,95.09818680047263,0.36,0.65,SHAPE_NOCAP,10.1021/acsami.9b13603,10.1021/acsami.9b13603,False
HoSbPd,Sb-Pd,family,61.506029268042646,0.38493970731957355,0.24,1.2796273334225703,42.37037386164941,0.2939,0.65,SHAPE_NOCAP,10.1063/1.123596,10.1088/1361-6463/aac567,True
HfNiSn,Ni-Sn,family,63.849203788384486,1.6384920378838448,0.2,2.973129751473244,118.4656050511793,0.33,0.65,SHAPE_NOCAP,10.1016/j.actamat.2015.11.022,10.1016/j.actamat.2015.11.022,False
ErSbPd,Sb-Pd,family,108.20774360956497,2.0820774360956498,0.24,4.93613726088116,80.01848533741126,0.5089,0.65,SHAPE_NOCAP,10.1088/1361-6463/aac567,10.1088/1361-6463/aac567,False
