compound,pairs,labs,within_2x,median_factor
ErNiSb,7,2,1.0,1.2151088880601009
HfCoSb,22,3,1.0,1.3982044926434614
HfNiSn,61,7,0.9508196721311475,1.211162659503936
HfSnPt,9,2,1.0,1.018778507629255
LuNiSb,4,2,1.0,1.0628653301346636
NbCoSn,416,12,0.9471153846153846,1.2729224688329333
NbFeSb,44,6,0.5227272727272727,1.9548720577846193
ScNiSb,23,4,0.6086956521739131,1.3624633262589505
TaFeSb,6,2,1.0,1.5491486031220782
TiCoSb,1139,23,0.8296751536435469,1.3849241634649017
TiNiSn,1994,28,0.8801404212637913,1.3521284552258188
TmNiSb,7,3,0.8571428571428571,1.7751165695427675
VFeSb,100,7,0.86,1.3964976430006306
YSbPt,5,3,1.0,1.424408765608333
ZrCoBi,6,2,1.0,1.6030973944925924
ZrCoSb,414,13,1.0,1.2684843323491375
ZrNiSn,3299,38,0.9242194604425583,1.3316949544413088
