compound,temperature_K,log10_kappa_true,log10_kappa_catboost,log10_kappa_lightgbm,log10_kappa_krr,log10_kappa_gpr
AcInTe2,300.0,-0.35684353438029376,-0.24967721268910137,-0.2203143486225496,-0.051862060614955824,-0.3445897083862446
AcOF,300.0,1.0837247268694314,0.9370582089188154,0.971433010973098,0.04673739134068171,0.981689046073103
AcTlTe2,300.0,-0.14331158122505538,-0.06752299293098885,-0.12666542573046266,-0.022960832279371145,-0.10983336243497377
Al2CoOs,300.0,1.3779337210752851,0.7669675847321945,1.2023642891109247,0.9612561434507346,1.0621426384665484
Al2CoOs,300.0,1.3408068669085873,0.7669675847321945,1.2023642891109247,0.9612561434507346,1.0621426384665484
AlVFe2,300.0,1.7879773527380916,0.7581379889055044,1.1444052415314168,0.9530331138592667,0.9974177717132663
Ba2AgBi,300.0,-0.12977172098820555,-0.04779786973455202,-0.40747642564264436,-0.0067548381533779275,-0.49078082103387477
Ba2AgSb,300.0,0.12385164096708581,0.21754977812203757,-0.11213839669858416,0.011637251029586747,0.21746310023711568
Ba2AgSb,800.0,-0.3010299956639812,0.2533361761504396,-0.06070923920901569,0.00017566800500968125,0.09513818080263536
Ba2AsAu,300.0,-0.20300960945431362,-0.4121302219042722,-0.45357412193474744,-0.17957314133271152,-0.38104097709007756
Ba2BiAu,300.0,-0.24767568986735744,-0.18338668424000648,-0.3032151849076555,-0.08246313346936653,-0.20170794696557848
Ba2BiAu,300.0,-0.538651566352017,-0.18338668424000648,-0.3032151849076555,-0.08246313346936653,-0.20170794696557848
Ba2SbAu,300.0,-0.4295738216410274,-0.24462341522531683,-0.34396214731711994,-0.363036897841517,-0.4396579805118279
BaBrCl,300.0,0.1439199383858365,0.39962308423164516,0.24621911887783363,0.000996770426805894,0.21411158050874124
BaNaSb,300.0,0.3364597338485295,0.12788982276211236,0.23134844371118052,0.177668283191573,0.274095848104595
BaNaSb,300.0,0.11394335230683679,0.12788982276211236,0.23134844371118052,0.177668283191573,0.274095848104595
BaNaSb,900.0,-0.3979400086720376,0.14744468970961622,0.21746675961336315,0.003841608687698666,0.11365624549771935
BaSrIn,300.0,-0.23507701535011155,0.23231776022659922,0.15771677706868859,0.06322311056962432,0.3043561957758557
BaSrSn,300.0,0.30319605742048883,-0.016742203829886115,-0.033159325390595205,0.09736076004742564,0.08014231035238695
BeAlB,300.0,1.2720737875000099,1.4842517096615635,1.355283869098271,0.23725620781817566,1.7072704649254509
Ca2SnHg,300.0,-0.15211900255462477,0.028045795836079357,-0.0963230591867074,-0.0040679574295548115,-0.17048498669039558
CaCdSi,300.0,0.5301996982030822,0.6219065840934221,0.4828292902149233,0.5517415029030014,0.7024087094186885
CaCdSn,300.0,0.48000694295715063,0.4029166718320333,0.32838363089503275,0.31652698451357264,0.26799636347232647
CaHF,300.0,1.2390015034789101,1.0655076700049526,0.9458698959701711,0.00034042153777311314,0.8437762115894147
CaMgSn,300.0,0.6222140229662954,0.6466506119216227,0.6270493220201163,0.33116324732469987,0.571327461344913
CaZnGe,300.0,0.43933269383026263,0.6649398486274268,0.5270168934627869,0.43902127688434667,0.44078642439241417
CaZnSi,300.0,0.39093510710337914,0.4569878887330543,0.6012812965349299,0.420382899022116,0.5262449258626873
CrSnPd,300.0,-0.6819366650372385,0.5307677782313343,0.569042054831159,0.6773475429893603,0.8231552855119046
CrSnPt,300.0,-0.5257837359237448,0.6254717007479877,0.5506704217252731,0.45415609260723594,0.8870454045573817
CsAcTe2,300.0,-0.29576366269121235,-0.15555671039473817,-0.21672912005457218,-0.00040319035473803457,-0.1958388300386502
CsK2Bi,300.0,-0.4941719661451638,0.041728194912307726,-0.026955808754479643,0.004746820030849797,-0.013218001356656184
CsK2Sb,300.0,-0.44977164694490596,-0.13396344634442814,-0.1875507895167978,-0.016337538844446074,0.004899180033092532
DyBiPd,300.0,0.8407332346118067,0.7164931272421129,0.7318280972279534,0.8190351166116834,0.7509592222806191
DyBiPt,300.0,0.7944880466591696,0.7632943154011983,0.7846395464257302,0.7002562256775213,0.664394542366931
DyNiBi,300.0,1.0711354468228318,0.9227602104934902,0.9560958011855998,0.8378012968529035,0.7955824597749788
DyNiSb,300.0,0.9758911364017928,0.8705900005161086,0.8415816583738519,0.8565416660211034,0.8265060360914562
DyPbAu,300.0,0.5250448070368452,0.5367204888971324,0.4916306059584282,0.48915375911904246,0.5112963624638202
DySbPd,300.0,0.884795363948981,0.7480396556260438,0.7883799107035232,0.7601047632260132,0.6766136585492276
DySbPt,300.0,0.6464037262230695,0.7644902092634355,0.6543808585818798,0.6341677906856162,0.6804934003274176
DySbPt,300.0,0.8081703107908474,0.7644902092634355,0.6543808585818798,0.6341677906856162,0.6804934003274176
DySbPt,300.0,0.851180841647137,0.7644902092634355,0.6543808585818798,0.6341677906856162,0.6804934003274176
ErBiPd,300.0,0.814913181275074,0.737753550573539,0.7903405926963828,0.7682422850027779,0.8113157751339893
ErBiPt,300.0,0.8027737252919757,0.8063602922356929,0.7883779442210251,0.8013399096893444,0.7709853769896666
ErNiBi,300.0,0.9858753573083937,0.9613430592238611,0.9487332016964728,0.9184501515741452,0.9351744113643993
ErNiBi,300.0,1.0857685030081083,0.9613430592238611,0.9487332016964728,0.9184501515741452,0.9351744113643993
ErNiSb,300.0,0.9858753573083937,0.9958037348443337,0.9712674375832121,0.8908660832736723,0.8961862340985378
ErNiSb,300.0,1.0666364560269195,0.9958037348443337,0.9712674375832121,0.8908660832736723,0.8961862340985378
ErPbAu,300.0,0.5453071164658241,0.6080352618597296,0.5308217237560936,0.5190954982583776,0.5544715468081487
ErSbPd,300.0,0.8836614351536176,0.8473042461565248,0.872828072074883,0.9501160256651514,0.8861754947264179
ErSbPd,300.0,0.9478207870932108,0.8473042461565248,0.872828072074883,0.9501160256651514,0.8861754947264179
ErSbPt,300.0,0.7331972651065695,0.8869086182075376,0.8468939811013944,0.8623607745332332,0.8390856071764558
ErSbPt,300.0,0.8563642682517693,0.8869086182075376,0.8468939811013944,0.8623607745332332,0.8390856071764558
ErSbPt,300.0,0.9587469745178224,0.8869086182075376,0.8468939811013944,0.8623607745332332,0.8390856071764558
ErSnAu,300.0,0.6560982020128319,0.6639851902447556,0.6615525605411017,0.646617039562018,0.6835924113356382
FeGeW,500.0,1.2322335211147337,1.1552109231173613,1.1279491612792945,0.9999736136345182,1.1679506836956706
FeSiW,300.0,0.7930916001765802,1.4116651954839452,1.3774600967925565,1.0829593439693417,1.5721678830416488
FeSiW,300.0,1.4375296663232253,1.4116651954839452,1.3774600967925565,1.0829593439693417,1.5721678830416488
GdBiPd,300.0,0.8325089127062363,0.725837135884015,0.7699016892155505,0.7653614276245304,0.7435729477603639
GdBiPt,300.0,0.7435097647284298,0.7633223335113783,0.7647601118796569,0.7620750917899355,0.6986792138025343
GdNiBi,300.0,0.9095560292411753,0.8948830980753275,0.9301349682715065,0.8979360587259785,0.8500674931511092
GdNiSb,300.0,0.9232440186302765,0.8449270573000442,0.9345587682063632,0.917688213124257,0.8716361621804425
GdPbAu,300.0,0.5024271199844327,0.47054306206615115,0.5069897695120525,0.5165259332584432,0.5424500482253198
GdSbPt,300.0,0.5237464668115644,0.7269237516812682,0.7136773411520831,0.6936934849166491,0.6832577515304475
GdSnAu,300.0,0.5717088318086876,0.6471027956511295,0.6538179893943825,0.6174905743557852,0.5905462861569497
HfAlAu,300.0,1.4234261097131373,0.9055546448667917,1.1800393416845922,0.5263427511210799,1.0776880368861232
HfAlAu,500.0,1.2332500095411003,0.876740036251845,1.0453265483267322,0.5458657602044372,0.9254299665617782
HfAsRh,500.0,1.0704073217401198,1.0346204987122178,1.0692897039122038,0.975914725689681,1.042013502668095
HfBiRh,500.0,0.8450980400142568,0.7991354085162234,0.8704366275089263,0.5302908098282884,0.8668634074328067
HfCoAs,300.0,1.2196892890858044,1.1701313835524347,1.2812574080063646,0.8858091896435569,1.3378506212078656
HfCoAs,500.0,1.0659529803138696,1.0651592410097865,1.1228285839969996,0.9860361283661274,1.1523541409424776
HfCoBi,300.0,1.2695129442179163,1.1194145608413475,1.189571735159628,1.135915557242214,1.2479980127170958
HfCoBi,500.0,1.0831441431430522,1.007330716989481,1.027192833398439,1.101910027737489,1.024484189502464
HfCoSb,500.0,1.0962145853464051,1.127253065692817,1.096187369458021,1.1271653235044883,1.0800885914034135
HfGePd,500.0,1.011993114659257,1.031510411689602,1.0642229190399473,1.1162966129201235,1.0585386580972727
HfGePt,500.0,1.044539760392411,1.0299207837698139,1.0597105832707538,0.9437377313963057,1.0896456925134521
HfNiGe,500.0,1.0572856444182146,1.0887989769549686,1.0958353384635688,1.0716885761019812,1.1135997790217114
HfNiPb,500.0,0.9982593384236987,0.8972202825037123,0.8957058598032913,0.9803250143772015,0.9889571421356902
HfNiSn,300.0,1.2159018132040316,1.1476959724369162,1.1999383199879456,1.1248752402540947,1.2596246368924067
HfNiSn,300.0,1.1643528557844371,1.1476959724369162,1.1999383199879456,1.1248752402540947,1.2596246368924067
HfNiSn,300.0,1.2869382603002537,1.1476959724369162,1.1999383199879456,1.1248752402540947,1.2596246368924067
HfNiSn,500.0,1.052693941924968,1.0437634517094851,1.0349691703135104,1.0520818575306685,1.070877901600206
HfPdPb,500.0,0.7678976160180907,0.7776217597291537,0.7911360898830757,0.7372631948370989,0.8371897275724748
HfPtPb,300.0,0.9956351945975499,0.7724518240607245,0.8745172589060443,0.3485784381879834,0.8449003541307588
HfPtPb,500.0,0.7387805584843692,0.7275860772548682,0.7746962024236187,0.614151431959804,0.6960875242539315
HfSbIr,500.0,1.1351326513767748,1.0550345976078772,1.063414844705973,1.0208711449738312,0.9779990910293477
HfSbRh,300.0,1.3384564936046048,1.1165145645707315,1.2100503194085197,1.1935741678306935,1.1876986579098345
HfSbRh,500.0,1.0603200286882852,1.0286673109512035,1.0403878007335605,1.0133371524632206,0.9947428097687442
HfSnPd,300.0,1.1458177144918276,1.1028987807416826,1.2027172866099654,1.1011377879938862,1.1883655876624175
HfSnPd,300.0,1.2247298360336292,1.1028987807416826,1.2027172866099654,1.1011377879938862,1.1883655876624175
HfSnPd,500.0,0.9694159123539814,0.9487074442051359,1.001596327733329,0.8590046595259918,0.9455615650988787
HfSnPt,500.0,0.9991305412873711,0.8807859570066277,0.9965255757527349,1.0422790669847295,1.020731120647771
HoBiPd,300.0,0.8312296938670634,0.7521240754538163,0.7901841297842517,0.7674331602046831,0.7945930482310876
HoBiPt,300.0,0.8102325179950841,0.7931513304916564,0.7585406267600905,0.7903442732592852,0.7554125230670725
HoGeAu,300.0,0.6374897295125107,0.7404841963135984,0.7660281112950282,0.7142893473704373,0.7786925698517887
HoNiBi,300.0,0.9749719942980689,1.0078830251100632,0.9456266832688769,0.9959016373993231,0.9573456393348831
HoNiBi,300.0,0.6010490810183887,1.0078830251100632,0.9456266832688769,0.9959016373993231,0.9573456393348831
HoNiSb,300.0,0.9863237770507653,0.9669136177579679,0.9851001278009778,0.9898836681576773,0.9507116135925084
HoNiSb,300.0,0.8492023351680582,0.9669136177579679,0.9851001278009778,0.9898836681576773,0.9507116135925084
HoPbAu,300.0,0.5352941200427705,0.5386233030959998,0.5399149510490897,0.5351009084279387,0.5535671758732539
HoSbPd,300.0,0.8876173003357362,0.8399278017778233,0.8108991812415747,0.9101325782844346,0.8714819655236538
HoSbPt,300.0,0.6946051989335688,0.8155025583384656,0.8194790481357646,0.8186873303632453,0.8216151481222869
HoSbPt,300.0,0.8448011913712073,0.8155025583384656,0.8194790481357646,0.8186873303632453,0.8216151481222869
HoSbPt,300.0,0.9298002731665307,0.8155025583384656,0.8194790481357646,0.8186873303632453,0.8216151481222869
HoSnAu,300.0,0.6493348587121419,0.6415504975047415,0.6374251151224145,0.6256046040645623,0.6578737002358412
KAgTe,300.0,-0.29413628771608075,0.04399664497261058,0.1459112560606959,-0.005501817538939696,-0.21874225649562518
KBaBi,300.0,0.34044411484011833,0.2356229393001168,0.3178431267718273,0.17810439834813188,0.2632049889700825
KBaBi,300.0,0.2600713879850748,0.2356229393001168,0.3178431267718273,0.17810439834813188,0.2632049889700825
KBaBi,500.0,0.29885307640970665,0.03833060481050499,0.20829539914328876,0.05123271484101601,-0.022528563150321923
KBaBi,900.0,-0.2218487496163564,-0.09601997549576757,0.20829539914328876,-0.0071948643090881965,-0.2565192520512334
KBaSb,300.0,0.45939248775923086,0.45021611878117895,0.2263993100783869,0.25702190099079825,0.4312853543322866
KCaSb,300.0,0.43136376415898736,0.3772357616196951,0.3550877545050034,0.30479230195812945,0.37666796775498834
KCuO,300.0,0.3599113350135422,0.3760227599319135,0.41632227126750787,0.14036295141439212,0.2350143302810881
KCuO,300.0,0.34526921281012596,0.3760227599319135,0.41632227126750787,0.14036295141439212,0.2350143302810881
KMgSb,900.0,0.5185139398778874,-0.24461286447476538,0.07064494696294463,-0.006796061622498122,-0.21600391387634343
KNa2Sb,300.0,0.1724160977021803,0.1275179718149727,0.08323705856709883,0.010482542425940987,0.09644680645549186
KNa2Sb,300.0,0.10494199450237648,0.1275179718149727,0.08323705856709883,0.010482542425940987,0.09644680645549186
KNaSe,300.0,-0.18974529724971861,0.2013874264611496,0.3223575092389429,-0.0001119989170233906,0.2884654355835561
KSrBi,300.0,0.292256071356476,0.2796364313731047,0.19713234995624276,0.21713601106112781,0.26775994632860844
KSrBi,300.0,0.3173110202068117,0.2796364313731047,0.19713234995624276,0.21713601106112781,0.26775994632860844
KSrSb,300.0,0.5634810853944107,0.2840135465339413,0.07632447840777286,0.4018631627809388,0.30165270852452875
KYSn,300.0,-0.1592667653881933,-0.12315289880948166,-0.03046313505730146,0.004604191863175735,0.0727349978788886
LaBiPd,300.0,0.6384892569546373,0.5138913680594713,0.5105161032145519,0.6432155819674676,0.6078477149818726
LaBiPd,300.0,0.6144964683222162,0.5138913680594713,0.5105161032145519,0.6432155819674676,0.6078477149818726
LaBiPt,300.0,0.4623979978989561,0.583618349715067,0.6069089998531702,0.5771234281452544,0.5605421250270599
LaCoTe,300.0,0.03236366887339214,0.5364429539766767,0.15493881454205388,0.3881918195383143,0.7952487588859356
LaMgTl,300.0,0.7965743332104297,0.3797448040738075,0.2711791434246199,0.06660393381021142,0.5146459211416181
LaOF,300.0,0.9675745104267142,1.070800018427977,1.0726359529497242,1.1522434525057628,1.064975802987365
LaSbPt,300.0,0.2355284469075489,0.70700909063951,0.5744622558056681,0.563382113091745,0.514266622281319
LaSbPt,500.0,-0.07058107428570728,0.591187346607208,0.607372314423433,0.2717536697594833,0.369104812609535
LaTeRh,500.0,0.045322978786657475,0.26756164106062785,0.3999433499868576,0.15136890350303267,0.3120773156850647
Li2CaGe,300.0,0.7600011038955643,0.3790669368688214,0.35782409013356,0.3131644509493375,0.3117285200177942
Li2CaGe,300.0,0.9712108853032545,0.3790669368688214,0.35782409013356,0.3131644509493375,0.3117285200177942
Li2CaSi,300.0,0.5143359990867489,0.41085591235529884,0.6713227894503108,0.3198587789277036,0.7728866995070666
Li2CaSi,300.0,0.4984025041880302,0.41085591235529884,0.6713227894503108,0.3198587789277036,0.7728866995070666
Li2CuSb,300.0,0.7305138665586319,0.41447756946870484,0.36106307772539886,0.3538876640733856,0.34010682722937957
Li2CuSb,300.0,0.5650563988119622,0.41447756946870484,0.36106307772539886,0.3538876640733856,0.34010682722937957
Li2InBi,300.0,0.1903316981702915,-0.08165416601040532,-0.0825160274400773,0.06690579500886219,0.06589688835473839
Li2InBi,900.0,-0.28399665636520083,-0.04450101224003378,0.02255785761791401,0.007081981352645059,0.037153845461474044
Li2TlBi,300.0,0.11607384466988696,0.0571833361976829,-0.04332359074399523,0.009812987701889571,0.1483203247494883
Li2TlBi,300.0,0.37291200297010657,0.0571833361976829,-0.04332359074399523,0.009812987701889571,0.1483203247494883
Li2TlBi,900.0,-0.2596373105057561,-0.010882160153052767,-0.0704833602521355,-0.038057089349372186,-0.06441201236741978
Li2YbGe,300.0,0.3197269583933243,0.2729610084059646,0.4852691655019976,0.12398556197299605,0.5976137127787278
Li2YbGe,300.0,0.38094656704318736,0.2729610084059646,0.4852691655019976,0.12398556197299605,0.5976137127787278
LiAgSe,300.0,0.43456890403419873,0.7502178421220258,0.8555038723826739,0.2870589504354782,0.7942138332466767
LiAgTe,300.0,0.5289167002776547,0.38907023756409087,0.4102787245057229,0.12249835843264024,0.5554241062786172
LiAgTe,300.0,0.18184358794477254,0.38907023756409087,0.4102787245057229,0.12249835843264024,0.5554241062786172
LiAgTe,300.0,0.20951501454263097,0.38907023756409087,0.4102787245057229,0.12249835843264024,0.5554241062786172
LiAlGe,300.0,0.7058637122839193,0.996494771356448,0.84845348777226,0.8923203334037662,1.106441961228858
LiAlGe,300.0,1.1684002425295519,0.996494771356448,0.84845348777226,0.8923203334037662,1.106441961228858
LiAlGe,500.0,0.885361220031512,0.9194796959928895,0.8672213727357653,0.5544160461812404,0.9595909995839489
LiAlSi,300.0,0.7708520116421442,0.9393827934766058,0.9389525379220713,0.9564818815109808,0.917283259503292
LiAlSi,500.0,0.9628426812012424,0.9171574328722167,0.9038292999018579,0.5757674132884653,0.8954858260500631
LiCaAs,300.0,1.3044905277734877,0.9836282857826508,0.9774702394199142,1.0061220142191112,1.2133664499776158
LiCaAs,300.0,0.631150115098592,0.9836282857826508,0.9774702394199142,1.0061220142191112,1.2133664499776158
LiCaAs,300.0,0.64812572155865,0.9836282857826508,0.9774702394199142,1.0061220142191112,1.2133664499776158
LiCaSb,300.0,1.416141031168329,0.8859899740946645,0.7978221353572313,0.6001089258768385,0.7600601350836613
LiCdAs,300.0,1.2159018132040316,0.7446494072254398,0.6885884806865176,0.9322424439624393,0.7886030653750405
LiCdAs,300.0,1.2172206556445186,0.7446494072254398,0.6885884806865176,0.9322424439624393,0.7886030653750405
LiCdP,300.0,1.3025473724874856,0.951146906160556,0.9077964813826102,0.7566758312184969,1.0030143191528114
LiCdSb,300.0,0.5453071164658241,0.662290633085304,0.5789371029544185,0.8118921808856979,0.7290135631125445
LiCuO,300.0,0.9381743537923519,1.008310563476809,0.8671840567091033,0.2558900163140499,1.0338128766401609
LiGaSi,300.0,1.0366688103000967,0.8518915471290116,0.8694584333850278,0.7802523828998469,0.8341326744962315
LiInSi,300.0,0.557507201905658,0.8568401599004293,0.9794500625310276,0.8517370416572437,0.8465336156545885
LiMgAs,300.0,1.3049211619008918,1.0221215448914314,0.9790248319579207,0.9306525657252397,1.052513904236254
LiMgAs,300.0,0.9840799171761272,1.0221215448914314,0.9790248319579207,0.9306525657252397,1.052513904236254
LiMgAs,300.0,0.9719604826001014,1.0221215448914314,0.9790248319579207,0.9306525657252397,1.052513904236254
LiMgAs,300.0,0.982577257565262,1.0221215448914314,0.9790248319579207,0.9306525657252397,1.052513904236254
LiMgBi,300.0,1.1978316933289028,0.7579527608680807,0.8833459402261197,0.340912693443064,0.9936884625842
LiMgBi,300.0,0.757828589274514,0.7579527608680807,0.8833459402261197,0.340912693443064,0.9936884625842
LiMgN,300.0,1.3255158070333217,1.16653133726393,1.1483565718235589,0.7935316337409105,1.2428273487420998
LiMgN,300.0,1.324804940871345,1.16653133726393,1.1483565718235589,0.7935316337409105,1.2428273487420998
LiMgP,300.0,1.299725153975637,0.9265256527245124,0.9876522673759479,0.8339141125572496,0.9319714772010648
LiMgP,300.0,1.0008349965124956,0.9265256527245124,0.9876522673759479,0.8339141125572496,0.9319714772010648
LiMgP,300.0,1.027524921330944,0.9265256527245124,0.9876522673759479,0.8339141125572496,0.9319714772010648
LiMgSb,300.0,1.165244326125311,0.7896718342574633,0.7359813586431542,0.7485090480833084,0.8357979896717865
LiSiB,300.0,1.04493154614916,0.87564477509067,0.9574475937058127,0.14150921868455224,1.055986662372179
LiSiB,500.0,1.3701428470511021,0.7996067508624236,0.9504219324198879,0.15407534164205747,1.0015620993416043
LiZnAs,300.0,1.1427022457376157,0.9541012761455459,0.8419671960992763,0.970274598072964,1.0662686030148718
LiZnAs,300.0,0.8690797487645523,0.9541012761455459,0.8419671960992763,0.970274598072964,1.0662686030148718
LiZnAs,300.0,0.8008750997372466,0.9541012761455459,0.8419671960992763,0.970274598072964,1.0662686030148718
LiZnN,300.0,1.2402995820027125,1.1057352967882945,1.1362418994937322,0.7899839085940872,1.2848094688436533
LiZnN,300.0,1.2097411640979479,1.1057352967882945,1.1362418994937322,0.7899839085940872,1.2848094688436533
LiZnN,300.0,1.287217053759416,1.1057352967882945,1.1362418994937322,0.7899839085940872,1.2848094688436533
LiZnP,300.0,0.9876662649262746,0.9913761837654287,1.076813679824409,1.0136767565871492,1.0052777397296806
LiZnP,300.0,1.1119803547477807,0.9913761837654287,1.076813679824409,1.0136767565871492,1.0052777397296806
LiZnP,300.0,1.0202548923335295,0.9913761837654287,1.076813679824409,1.0136767565871492,1.0052777397296806
LiZnSb,300.0,0.6821450763738317,0.998016374263691,0.809902770379484,0.672199222710555,0.8753610977375033
LiZnSb,500.0,0.5751878449276611,0.8037977238648584,0.6855862536416504,0.4645466069673982,0.7136074394940352
LuBiPd,300.0,0.7596678446896304,0.8426059341984196,0.8627864050366305,0.828207844633496,0.8907406631090354
LuBiPt,300.0,0.7611758131557314,0.7978942099966659,0.7640912273468363,0.7978422690425712,0.8409590027663144
LuNiBi,300.0,0.9925535178321356,0.9639108846312981,0.9770502960739117,1.0761586273764872,1.0177829032036452
LuNiSb,300.0,0.9986951583116558,0.9830389018652965,0.9372550089524655,0.9269827264954575,0.9532750843108558
LuNiSb,300.0,1.0941856862630976,0.9830389018652965,0.9372550089524655,0.9269827264954575,0.9532750843108558
LuSbPt,300.0,0.8075350280688532,0.8393202764348691,0.8451656832890316,0.8958000346685852,0.849654304218502
LuSnAu,300.0,0.6739419986340878,0.6901944275786758,0.6915037875684568,0.6829006934845621,0.7324315878011838
MgCuSb,300.0,0.5658478186735176,1.048247984108403,1.1380080431694255,0.9984843442487905,0.9481590618041273
MgScGa,300.0,0.5888317255942073,0.7282948362697749,0.9873519131791398,0.40262986845316906,0.9182190758540928
MnGaPt,300.0,0.367355921026019,1.1092496048390914,0.9999676357121443,1.1700283865511067,1.146473998524924
NaAgO,300.0,0.6464363706084537,0.4776719683115032,0.1085553106562502,0.11346323056123958,0.3964441767850756
NaAgO,300.0,0.6559032530366355,0.4776719683115032,0.1085553106562502,0.11346323056123958,0.3964441767850756
NaBeP,300.0,0.6106601630898799,0.8222130028292636,1.0230698516506547,0.1262328059681394,0.8561201124008113
NaBeSb,300.0,0.5587085705331657,0.8771298695520514,0.8093238245493874,0.30079287712415104,0.9550081677439144
NaBeSb,300.0,0.7673661324837032,0.8771298695520514,0.8093238245493874,0.30079287712415104,0.9550081677439144
NaCaAs,300.0,0.8790958795000727,0.4339039395088162,0.5003297338999716,0.31130569567203414,0.5248934841236041
NaCaAs,300.0,0.8128980558446545,0.4339039395088162,0.5003297338999716,0.31130569567203414,0.5248934841236041
NaCaAs,300.0,0.8621612062064868,0.4339039395088162,0.5003297338999716,0.31130569567203414,0.5248934841236041
NaCaSb,300.0,0.7363965022766424,0.7364224644375813,0.6608862508003447,0.7501646946081473,0.8183113154105376
NaCdP,500.0,0.41161970596323016,0.47716737766547285,0.44005471251340467,0.17180480222611427,0.504243506396026
NaCuO,300.0,0.7090182177678355,0.677623620254485,0.8647977790833964,0.41442886949682683,0.7250620605794478
NaCuO,300.0,0.6765991517324296,0.677623620254485,0.8647977790833964,0.41442886949682683,0.7250620605794478
NaLi2Bi,300.0,0.28876327617281344,0.3078921997929307,0.36428376878178753,0.29788046147210556,0.5026741069047347
NaLi2Sb,300.0,0.7137784932182197,0.41781764433516233,0.2652970684143666,0.16481753125487209,0.20158473766185903
NaLi2Sb,300.0,0.8040462228741719,0.41781764433516233,0.2652970684143666,0.16481753125487209,0.20158473766185903
NaLi2Sb,300.0,0.7917795334792759,0.41781764433516233,0.2652970684143666,0.16481753125487209,0.20158473766185903
NaScSn,300.0,-0.27912408183452936,0.4843983287662982,0.5339262297627257,0.6352333592141558,0.632438744093814
NaSrSb,300.0,0.2787536009528289,0.6769796077957823,0.4280638884568803,0.33987461028030846,0.8361381481636018
NaSrSb,900.0,-0.2218487496163564,0.40102774984953415,0.31527067751968724,-0.0023931643759176197,0.2809336243897459
NaYGe,300.0,0.9063350418050907,0.3634291434401016,0.42103378369534633,0.3817443783406814,0.3583624158736094
NbAlFe2,300.0,1.5979145917789703,1.3427659359650232,1.3894561983715374,1.4414795202711044,1.248885101632828
NbAlFe2,300.0,1.6365972084579097,1.3427659359650232,1.3894561983715374,1.4414795202711044,1.248885101632828
NbAsOs,500.0,1.2027606873932,1.1633936968316292,1.1675870690478045,1.1043490473059014,1.1322296551817814
NbAsRu,500.0,1.305566313515304,1.1975953656656304,1.2152835680925027,1.2379089965816967,1.1741270504290542
NbBiOs,500.0,0.8609366207000937,0.8658747175368726,0.8541553852914706,0.8124506341221217,0.8354313557848436
NbBiRu,500.0,0.9395192526186185,0.9742823357281054,0.8537734597026578,0.6861109464091171,1.044690033554597
NbCoGe,500.0,1.2871296207191107,1.1893418062969303,1.249155823659129,1.2932838171003764,1.2398092030309051
NbCoPb,500.0,0.9978230807457255,0.9417977035481212,0.9303656023363117,1.1297346063936684,1.128588568578393
NbCoSi,500.0,1.3077099234048066,1.1774532574121308,1.220289089246623,0.8379380904205929,1.3123291883477433
NbCoSn,300.0,1.2699796766453237,1.2947100036927117,1.3058117307775854,1.1897412921927655,1.3113573778889707
NbCoSn,300.0,1.354847647635304,1.2947100036927117,1.3058117307775854,1.1897412921927655,1.3113573778889707
NbCoSn,500.0,1.0874264570362855,1.1115323718636372,1.126086822566124,1.1193577015744047,1.1439607751265763
NbFeAs,500.0,1.3463529744506386,1.3285193657558527,1.2750676651791855,1.474466063223483,1.3486984711080479
NbFeBi,500.0,1.0569048513364727,1.0491707605134561,0.9620148527057458,1.0788442125868365,1.0834072873583027
NbFeP,300.0,2.037426497940624,1.3489610488550983,1.4050010380542148,1.080898883665978,1.3937625618978475
NbFeSb,300.0,1.3697722885969628,1.3554458277446022,1.3778288376980274,1.4057282461267957,1.3158912759297872
NbFeSb,300.0,1.4020043416687906,1.3554458277446022,1.3778288376980274,1.4057282461267957,1.3158912759297872
NbFeSb,300.0,1.3794143044121712,1.3554458277446022,1.3778288376980274,1.4057282461267957,1.3158912759297872
NbFeSb,300.0,1.3774883833761327,1.3554458277446022,1.3778288376980274,1.4057282461267993,1.3158912759297872
NbFeSb,300.0,1.4971757707322313,1.3554458277446022,1.3778288376980274,1.4057282461267957,1.3158912759297872
NbFeSb,500.0,1.1760912590556813,1.178305675597145,1.1830899477290637,1.1839890206827084,1.1465612349846934
NbGaNi,500.0,1.2008504980910775,1.1351427469711672,1.1783942067467785,1.1616618557170197,1.1780909243630866
NbGeIr,500.0,1.2357808703275603,1.1136726392804657,1.08856896012705,1.3119667174500946,1.1446434142686055
NbGeRh,500.0,1.3144992279731516,1.222604543726077,1.1850489410562,1.3722237990280886,1.1883416376791922
NbInPt,300.0,1.2174839442139063,1.138775231245742,1.151018101513349,0.7063333320197134,1.0123383217372914
NbIrPb,500.0,0.7831886910752576,0.6858549645460534,0.7871610431232661,0.689165757614627,0.745365484565203
NbRhPb,500.0,0.857935264719429,0.8621291577150578,0.8128435599903054,0.8675892215958728,0.9601308736004361
NbSbOs,500.0,1.0740846890282438,1.029160528843506,1.1363714942006493,1.0259287776584465,0.9733990671648467
NbSbRu,300.0,1.1945143418824673,1.0169192445920388,1.1146441622530907,0.8116765915889186,1.0012837782689687
NbSbRu,300.0,1.381711793896331,1.0169192445920388,1.1146441622530907,0.8116765915889186,1.0012837782689687
NbSbRu,500.0,1.0976043288744108,1.0520844351280787,1.0067459368318898,1.0021918165113923,1.0089677831334718
NbSiRh,300.0,1.1846914308175989,1.4957238794831265,1.4474202767207707,1.5078537459814452,1.4447490523116366
NbSnIr,500.0,1.0633333589517495,0.9931592216458838,0.9840172604735536,1.1139786227697506,0.9989444272182502
NbSnRh,500.0,0.9965116721541787,1.0160068858628768,0.9386464705195281,0.9864838359943856,0.9945507212103328
NdBiPd,300.0,0.6618126855372612,0.6378988499903038,0.4755678543859075,0.5509605551333567,0.48116717985612206
NdBiPd,300.0,0.7420203429878237,0.6378988499903038,0.4755678543859075,0.5509605551333567,0.48116717985612206
NdNiBi,300.0,0.7201593034059569,0.6496985825095716,0.7135272107986534,0.791968449818549,0.6695815617294446
NdOF,300.0,1.1002326519645063,1.0466529055462062,1.0617932339522895,0.9034113958780439,0.997602670521345
PrBiPd,300.0,0.6222140229662954,0.7311931587298917,0.8004313962447882,0.708987316178963,0.7239272150258265
PrNiBi,300.0,0.6503075231319364,0.818160282013037,0.9283462863864604,0.8513801563934792,0.8194747634227858
PrNiBi,300.0,0.7849072246766666,0.818160282013037,0.9283462863864604,0.8513801563934792,0.8194747634227858
PrOF,300.0,1.098403742102061,1.0531193076113972,1.0997514402376876,0.8200706887660644,1.0843403811683858
RbCuO,300.0,0.1528791333727882,0.4032699035056295,0.46174808953509894,0.06796412046521567,0.3695393814185143
RbCuO,300.0,0.16704160318763206,0.4032699035056295,0.46174808953509894,0.06796412046521567,0.3695393814185143
RbNa2Sb,300.0,-0.10792766939249589,-0.11391034750879836,-0.09410150293112404,0.031881522268251965,-0.030125989361088235
RbNa2Sb,300.0,-0.15989390554324223,-0.11391034750879836,-0.09410150293112404,0.031881522268251965,-0.030125989361088235
ScBiPd,300.0,0.7671558660821804,0.856204555600666,0.8541330727410045,0.4940548233597137,0.6737304054991098
ScBiPd,500.0,0.7355988996981799,0.7103930900154033,0.7106200691171138,0.6099627349880572,0.5623244584494751
ScCoSe,300.0,1.1760912590556813,1.1983508971227927,1.192247158187025,1.297721471389899,1.308672833109314
ScCoTe,300.0,1.1038037209559568,1.0912252099545428,1.0745902725286713,1.0375330630975321,1.1031216797610073
ScCoTe,300.0,1.1917480720002707,1.0912252099545428,1.0745902725286713,1.0375330630975321,1.1031216797610073
ScGeAu,300.0,1.0976043288744108,1.0147926042268436,0.9420579908797839,1.1975681465893213,1.094773953824301
ScGeAu,300.0,1.2069499424466068,1.0147926042268436,0.9420579908797839,1.1975681465893213,1.094773953824301
ScNiAs,300.0,1.2787536009528289,1.1444256378284219,1.0933396439864955,1.183343234384104,1.1009689817103254
ScNiAs,500.0,0.9758911364017928,1.1101631100557898,1.0306434832817122,1.1418879197690053,1.1006427907405896
ScNiAs,1200.0,0.6720978579357175,0.9439344161848212,1.0306434832817122,0.2626068484712269,0.834978974748057
ScNiBi,300.0,0.9571281976768131,1.1242706039351134,1.091791987836111,1.1803914513321287,1.1606486951584474
ScNiBi,300.0,1.1060854566734837,1.1242706039351134,1.091791987836111,1.1803914513321287,1.1606486951584474
ScNiBi,500.0,0.8432327780980095,0.9625954163021312,0.9234419622431972,1.037898550033327,0.9722467948788636
ScNiP,300.0,0.9479236198317263,1.1232331600635728,1.05882585358524,1.0241772128337128,1.061613642630939
ScNiP,300.0,1.0253058652647702,1.1232331600635728,1.05882585358524,1.0241772128337128,1.061613642630939
ScNiP,300.0,1.1035745445120702,1.1232331600635728,1.05882585358524,1.0241772128337128,1.061613642630939
ScNiP,1200.0,0.3979400086720376,1.0594908659232718,1.0639168852396637,0.04742503820690718,0.9719944880164624
ScNiSb,300.0,1.1433271299920464,1.0358033629845145,0.8432221807228949,0.8916652551445805,0.9819819590786039
ScNiSb,300.0,1.290034611362518,1.0358033629845145,0.8432221807228949,0.8916652551445805,0.9819819590786039
ScNiSb,300.0,1.2671717284030137,1.0358033629845145,0.8432221807228949,0.8916652551445805,0.9819819590786039
ScNiSb,300.0,1.205789698279841,1.0358033629845145,0.8432221807228949,0.8916652551445805,0.9819819590786039
ScNiSb,1200.0,0.6532125137753437,0.6535736932904532,0.7487387541464651,0.4573239463082793,0.5237668525655941
ScSbPd,300.0,1.0441476208787228,0.7298007737227264,0.8026308267094775,0.4365542659758372,0.5901716658844768
ScSbPt,300.0,0.884795363948981,0.9654098183063202,0.9230582643734233,0.9809657444148957,0.8478967231721887
ScSbPt,300.0,1.0896247421302216,0.9654098183063202,0.9230582643734233,0.9809657444148957,0.8478967231721887
ScSbPt,300.0,1.1261119171695226,0.9654098183063202,0.9230582643734233,0.9809657444148957,0.8478967231721887
ScSnAu,300.0,0.8506462351830665,0.6855494882774433,0.7357836495368817,0.8849614250106604,0.8953662985302127
ScSnAu,300.0,1.069257283528047,0.6855494882774433,0.7357836495368817,0.8849614250106604,0.8953662985302127
ScTeRh,300.0,1.1959005652565484,0.8834528759569638,0.7312248248009101,1.1014816372143448,1.0493073706546432
SmNiBi,300.0,0.9290730385115002,0.870239500115199,0.8164567736412787,0.7553172103603513,0.6634222047092113
SmOF,300.0,1.1005244855655774,1.1063981272383876,1.142859857163715,1.0426624217335767,1.0688032692940599
SmSnAu,300.0,0.6897763842830442,0.4612863772539767,0.3897975670326606,0.3817102352590207,0.3892727255328738
Sr2AsAu,300.0,-0.10101881367336567,-0.30159504483029154,-0.3877103113052729,-0.22016790780225315,-0.3406004064169752
Sr2AsAu,300.0,0.0187836888746968,-0.30159504483029154,-0.3877103113052729,-0.2201679078022531,-0.3406004064169752
Sr2BiAu,300.0,-0.1343435845776601,-0.26453485148051215,-0.3229816376670747,-0.09638366546116393,-0.09610115289648291
Sr2BiAu,300.0,0.04956686916465144,-0.26453485148051215,-0.3229816376670747,-0.09638366546116393,-0.09610115289648291
Sr2SbAu,300.0,-0.41770931728100597,-0.24176117129460017,-0.14085121220802688,-0.15855239477809127,-0.18914954204918433
Sr2SbAu,300.0,-0.6113660306482108,-0.24176117129460017,-0.14085121220802688,-0.15855239477809094,-0.18914954204918433
SrCdSi,300.0,1.130333768495006,0.4346770135425462,0.3862457235944116,0.10661648793416478,0.28723915274525064
SrLiBi,300.0,0.48287358360875376,0.24526187686201384,0.33604844188782956,0.1075696251002867,0.5439630189550277
SrTePd,300.0,0.06445798922691845,0.4056756256306001,0.43660654963415035,0.13794527802395498,0.34471912758246287
SrTePd,300.0,-0.49147028102871343,0.4056756256306001,0.43660654963415035,0.13794527802395498,0.34471912758246287
TaAlFe2,300.0,1.413832663430969,1.4575874241605546,1.2089007896119042,1.398196144331119,1.152813311572469
TaAsRu,500.0,1.2201080880400552,1.206347757401856,1.187400868789095,1.1288131810657238,1.143617534543262
TaBiOs,500.0,0.7708520116421442,0.8506559664287723,0.8695760361982752,0.5778639679992775,0.9677782507153067
TaBiRu,500.0,0.8463371121298052,0.8425975765561496,0.8050277422229732,0.4527690776313302,1.0064375074625098
TaCoGe,500.0,1.1894903136993675,1.1528392140387398,1.2074598447324794,1.0741138869987064,1.231550860877808
TaCoPb,500.0,0.9849771264154934,0.998443582803213,1.0009022293427474,1.003389577546003,1.0106617583675002
TaCoSi,300.0,1.5774917998372253,1.2548909653532503,1.2649079414057736,0.17076587950396352,1.2277246425271173
TaCoSi,300.0,1.4407044748798599,1.2548909653532503,1.2649079414057736,0.17076587950396352,1.2277246425271173
TaCoSi,500.0,1.2116544005531824,1.1637767135852481,1.184168783516416,0.20105536151726391,1.1541023095373775
TaCoSn,500.0,1.1264561134318043,1.1577716357756498,1.1720785221126202,1.193769636717608,1.1857388179267876
TaFeAs,500.0,1.1795517911651876,1.2368695277119084,1.2642854818046385,1.0564258918221696,1.287869490653887
TaFeBi,500.0,1.0934216851622351,1.0690547092502656,1.0345313093791983,0.9049992787867175,1.0626753388985077
TaFeSb,300.0,1.4053122027584195,1.231680362331193,1.3254275629336205,1.1404095227270685,1.3796692054576623
TaFeSb,500.0,1.2329961103921538,1.1453268636963867,1.1670430580822266,1.0790241689503521,1.1750756921076364
TaGaPt,300.0,1.5171958979499742,1.2007051724463675,1.165031793115546,1.03869670415774,1.2735174015705515
TaGaPt,300.0,1.437750562820388,1.2007051724463675,1.165031793115546,1.03869670415774,1.2735174015705515
TaGaPt,500.0,1.224014811372864,1.103754768956096,1.0585632310815272,0.9738702150759301,1.1473568149716156
TaGeIr,500.0,1.291590825658001,1.1646594031807593,1.227652964717737,1.0346401496052098,1.182461838206312
TaGeRh,500.0,1.2265999052073575,1.1734323891363865,1.1010296270063766,1.2163435108595468,1.1426103647827024
TaIrPb,500.0,0.7160033436347992,0.7856436609950443,0.8310355045415907,0.6209775684679913,0.8024761217271291
TaRhPb,500.0,0.7745169657285496,0.8207544584216352,0.8349667787760764,0.6851610307140386,0.8762057961880914
TaSbOs,300.0,1.429752280002408,1.235919347478163,1.2689722554620677,0.9676674480586445,1.231031786850646
TaSbOs,300.0,1.3502480183341627,1.235919347478163,1.2689722554620677,0.967667448058644,1.231031786850646
TaSbOs,500.0,1.1806992012960347,1.0904819738191995,1.1256606912400358,1.0122410045749004,1.0804023004810315
TaSbRu,300.0,1.2103185198262318,1.2344209334094294,1.330782033523174,1.3136776005082225,1.3229786725615102
TaSbRu,300.0,1.3216363493247694,1.2344209334094294,1.330782033523174,1.313677600508223,1.3229786725615102
TaSbRu,300.0,1.3449048708751676,1.2344209334094294,1.330782033523174,1.3136776005082225,1.3229786725615102
TaSbRu,500.0,1.1179338350396415,1.077321404731506,1.1468476842448512,1.1327231131597078,1.1199142683369072
TaSnIr,500.0,1.073351702386901,1.1705484983408818,1.1141054337252074,1.1864924727228374,1.1129382290821457
TaSnRh,300.0,1.2846119265646843,1.2558130240390766,1.2758164222622135,1.423238099198778,1.3188792019547555
TaSnRh,500.0,1.0557604646877348,1.0927189241930857,1.0715229352617217,1.1497026647025625,1.1098957746834506
TaTlPt,300.0,0.9096897200170204,0.8856740841929022,0.9765505685584027,0.11839471152743825,0.9524903882298215
TbBiPd,300.0,0.8407332346118067,0.7041625481092388,0.7634618785469328,0.6618254670271387,0.8263053053610704
TbBiPt,300.0,0.7708520116421442,0.7027686678283702,0.749006120188155,0.7078021829122069,0.8203563143363881
TbNiBi,300.0,0.9329808219231982,0.807589969242273,0.9167535824575795,0.8422115173288783,0.9572197130042117
TbNiBi,300.0,1.0489775430859574,0.807589969242273,0.9167535824575795,0.8422115173288783,0.9572197130042117
TbNiSb,300.0,0.9571281976768131,0.9338537354006098,0.8945289081880465,0.9252304423301557,0.9594770388870459
TbNiSb,300.0,1.0050917992248882,0.9338537354006098,0.8945289081880465,0.9252304423301557,0.9594770388870459
TbPbAu,300.0,0.5132176000679389,0.5235484827970862,0.5784015563700816,0.48530853862537515,0.6068429832667991
TbSbPt,300.0,0.5820633629117087,0.6863413130089414,0.6056682696193051,0.6297008715227115,0.8450861051409075
TbSbPt,300.0,0.8113068400813361,0.6863413130089414,0.6056682696193051,0.6297008715227115,0.8450861051409075
ThNiSn,300.0,0.8543060418010806,0.5836410434067123,0.7233406082825129,0.4485503941652407,0.6034881142611458
ThNiSn,300.0,0.6630126688782194,0.5836410434067123,0.7233406082825129,0.4485503941652451,0.6034881142611458
ThSbRh,300.0,0.6329126070772799,0.8467033413792021,0.7508283409116607,0.6169739326423561,0.753669941850517
ThSnPt,300.0,0.6180480967120927,0.6086877998736642,0.667824815616938,0.5960451901515851,0.6806223547139842
ThSnPt,300.0,0.6700416495481265,0.6086877998736642,0.667824815616938,0.5960451901515851,0.6806223547139842
TiAlFeCo,300.0,1.7792118043923115,1.3165013023442418,1.2547606833613552,1.166288825591429,1.2486801492053021
TiAsIr,500.0,1.1498346967157849,1.1701726492259943,1.2332687429853653,1.2472510372859984,1.1352122552162474
TiAsRh,500.0,1.2435341018320618,1.0671826932657889,1.0244075820209217,1.1026349114798835,1.10111739102357
TiBeIr2,300.0,1.3980928534305679,0.9974899518608883,1.263856798546568,0.5081724325714756,0.8773692628451625
TiBiIr,500.0,0.8247764624755457,0.8514887509207865,0.7614754889492594,0.6998490822778048,0.8062434874927628
TiBiRh,500.0,0.8948696567452525,1.0329065418866028,1.043215779672249,0.7112760000369225,0.8961340443048621
TiCoAs,500.0,1.2992893340876799,1.225787143731929,1.3087353241866373,1.1910957954114327,1.2153180382219773
TiCoBi,500.0,1.2810333672477277,1.0340489355157034,1.0878925550512673,0.9989546727530318,1.0207621689417692
TiCoSb,300.0,1.344981413927258,1.285335545008278,1.3480404312108463,1.2897447801834696,1.246316723718909
TiCoSb,300.0,1.3590812795002114,1.285335545008278,1.3480404312108463,1.2897447801834696,1.246316723718909
TiCoSb,300.0,1.4073676678194926,1.285335545008278,1.3480404312108463,1.2897447801834696,1.246316723718909
TiCoSb,500.0,1.1430148002540952,1.134862503397639,1.100182363641582,1.2154309555681455,1.119785795643399
TiCuB,300.0,1.4586323051267913,1.3039765115567916,1.1525487629391795,0.5945386481508398,1.2789888410218448
TiFe2Si,300.0,1.8452378169120964,0.9686210962104733,1.2998332683112246,0.7596644476090764,0.9767312897714024
TiFe2Sn,300.0,1.384529623438625,0.6630714733660588,0.798583726823894,0.5791841852689821,0.6493217764715749
TiFeSe,300.0,1.4409090820652177,1.1886995726708287,1.3582623110577168,0.9966418961730925,1.268139172710469
TiFeSe,300.0,1.4464916072549718,1.1886995726708287,1.3582623110577168,0.9966418961730925,1.268139172710469
TiFeTe,300.0,1.307496037913213,1.2191813329796246,1.3017567433924329,1.0906034451121591,1.2506922241091076
TiFeTe,300.0,1.4135763500796734,1.2191813329796246,1.3017567433924329,1.0906034451121591,1.2506922241091076
TiFeTe,500.0,1.1405080430381795,1.010844958995342,1.1020806213288816,0.4547088413122794,1.0145495702727845
TiGePd,500.0,1.1981069988734014,1.0262466763226545,1.0460747798858603,1.0716876933340675,0.9878391208222067
TiGePt,300.0,1.287801729930226,1.1302957637203488,1.0316960611834431,0.8187608460524108,1.0054577374927178
TiGePt,300.0,1.2278867046136734,1.1302957637203488,1.0316960611834431,0.8187608460524114,1.0054577374927178
TiGePt,300.0,1.3159703454569178,1.1302957637203488,1.0316960611834431,0.8187608460524108,1.0054577374927178
TiGePt,300.0,1.3869790636710206,1.1302957637203488,1.0316960611834431,0.8187608460524108,1.0054577374927178
TiGePt,500.0,1.1565491513317814,1.0814510701414408,1.0200275733755992,1.1191244649793508,1.0419484482694212
TiNiGe,500.0,1.169674434058807,1.1996086777213841,1.1806105015734911,1.189022775344889,1.146513616722714
TiNiPb,300.0,2.037426497940624,1.13535518698697,1.1314725276296949,1.1209688033860754,1.1344441304714739
TiNiPb,300.0,1.2893659515200318,1.13535518698697,1.1314725276296949,1.1209688033860754,1.1344441304714739
TiNiPb,500.0,1.1433271299920464,1.0069171959296366,1.0217705356751767,0.9734461984609627,1.0254680938185219
TiNiSb,300.0,0.561101383649056,1.2049775149642685,1.2700967301861146,1.2174500025362758,1.1744898628704328
TiNiSn,300.0,1.2440295890300217,1.2020008955258832,1.3239154414264058,1.1486509206291307,1.1980641212719119
TiNiSn,300.0,1.252853030979893,1.2020008955258832,1.3239154414264058,1.1486509206291307,1.1980641212719119
TiNiSn,300.0,1.1835545336188618,1.2020008955258832,1.3239154414264058,1.1486509206291307,1.1980641212719119
TiNiSn,300.0,1.1425146049993744,1.2020008955258832,1.3239154414264058,1.1486509206291307,1.1980641212719119
TiNiSn,300.0,0.8808135922807914,1.2020008955258832,1.3239154414264058,1.1486509206291307,1.1980641212719119
TiNiSn,300.0,1.1398790864012365,1.2020008955258832,1.3239154414264058,1.1486509206291307,1.1980641212719119
TiNiSn,300.0,0.877371345869774,1.2020008955258832,1.3239154414264058,1.1486509206291307,1.1980641212719119
TiNiSn,300.0,1.2556302405071775,1.2020008955258832,1.3239154414264058,1.1486509206291307,1.1980641212719119
TiNiSn,500.0,1.021189299069938,1.0449060362117963,1.0920748043206792,1.1280037506897371,1.077262936799206
TiNiSn,550.0,0.8369567370595504,1.0449060362117963,1.0920748043206792,1.0580357905530957,1.0339255605837594
TiPIr,300.0,1.437750562820388,1.2265985222599627,1.299165608318489,1.1493711641444766,1.2632161697108704
TiPdPb,500.0,0.7737864449811935,0.8143246804055465,0.7762142297023469,0.9587034265663461,0.8958694634462867
TiPtPb,500.0,0.7347998295888469,0.8027045687758386,0.8300305407004747,0.5341538748248618,0.7399179318230849
TiSbIr,500.0,1.1048284036536553,0.9056828334542147,0.9558409763006517,0.9277114265464608,0.8926417597709964
TiSbRh,500.0,1.0689276116820718,1.003448898293027,1.0370470467676631,0.9404455039530315,0.9283976097068871
TiSiPd,300.0,1.4032921451582543,1.3544820007818614,1.3171417474199267,1.3580885778607026,1.35484985415941
TiSiPd,300.0,1.49708636690664,1.3544820007818614,1.3171417474199267,1.3580885778607026,1.35484985415941
TiSiPt,300.0,1.537944959291487,1.2146016830751878,1.2767398240376004,1.106644542566111,1.3040038957350664
TiSiPt,300.0,1.4492309737130131,1.2146016830751878,1.2767398240376004,1.106644542566111,1.3040038957350664
TiSiPt,300.0,1.4871562985962208,1.2146016830751878,1.2767398240376004,1.106644542566111,1.3040038957350664
TiSiRu2,300.0,1.5346504316052845,1.284549239955274,1.3064138443987152,1.3394815331197332,1.1629674203610723
TiSnIr,300.0,0.5910646070264992,1.1809542497413261,1.0916398732845658,0.7845202347226182,0.8956492268585626
TiSnPd,300.0,1.0425755124401905,1.0391191346469608,1.0237663512444088,0.553404841523192,0.7252011436582494
TiSnPd,300.0,1.1986094493837993,1.0391191346469608,1.0237663512444088,0.553404841523192,0.7252011436582494
TiSnPd,500.0,0.9253120914996495,0.9273985650144152,0.8567904832640418,0.7691706162344143,0.7780366601385296
TiSnPt,300.0,1.0484418035504044,1.1163907795100978,1.0691229948075078,0.7727727983734203,0.9071764531000549
TiSnPt,300.0,1.4350609267520131,1.1163907795100978,1.0691229948075078,0.7727727983734203,0.9071764531000549
TiSnPt,500.0,0.948412965778601,0.9865388856260977,0.9879933110833533,0.9897263381319797,0.927916200443503
TiTeOs,300.0,1.1126050015345745,1.002313691089121,1.0104747560323923,0.4926229863931551,0.9965727886850618
TiTeOs,300.0,1.3025026423966317,1.002313691089121,1.0104747560323923,0.4926229863931551,0.9965727886850618
TiTeRu,300.0,1.162564406523019,1.146751727048913,1.1460200828581046,1.0121204459471358,1.1667381903875937
TiTeRu,300.0,1.3500747894776912,1.146751727048913,1.1460200828581046,1.0121204459471358,1.1667381903875937
TmBiPd,300.0,0.7979596437371962,0.7763996204701731,0.7974459490952444,0.8314418537788427,0.8217863711558779
TmBiPt,300.0,0.7737864449811935,0.7839783980712406,0.7968785758988193,0.7753790783386134,0.7255285866623824
TmNiBi,300.0,0.9712758487381052,0.9669557742043572,0.9415544438178294,0.9550204540739522,0.9191890848657259
TmNiBi,300.0,0.8494316991813192,0.9669557742043572,0.9415544438178294,0.955020454073949,0.9191890848657259
TmNiSb,300.0,0.9934362304976118,0.8897448696074226,0.8592419381062738,0.929122291870296,0.9055290600348606
TmNiSb,300.0,-0.2701874928390643,0.8897448696074226,0.8592419381062738,0.929122291870296,0.9055290600348606
TmSbPd,300.0,0.884228769632604,0.8406890112196621,0.8425557009553226,0.8864757009024462,0.7729440632430958
TmSbPt,300.0,0.7678976160180907,0.8077703071074036,0.7903885938652142,0.7343958552142934,0.7105629454528682
TmSnAu,300.0,0.6637009253896482,0.6064816304942916,0.6520873375389478,0.664017404770971,0.6239084469775641
UNiSn,300.0,0.7291647896927701,0.9206851240207001,1.0094026449399207,0.7679023143959057,0.8869415351480917
USnPt,300.0,0.7331972651065695,0.7185971048255112,0.7049122129561417,0.6408898661154951,0.7885710041486547
VAsOs,500.0,1.2258259914618934,1.0947982809295924,1.0848639311867734,1.0672351076024382,1.1732409905776715
VAsRu,300.0,0.7024305364455253,1.1576041664438657,1.1839350360423866,1.1981431499632733,1.2890830645383269
VAsRu,300.0,1.3710678622717363,1.1576041664438657,1.1839350360423866,1.1981431499632733,1.2890830645383269
VAsRu,300.0,1.3654879848908996,1.1576041664438657,1.1839350360423866,1.1981431499632733,1.2890830645383269
VAsRu,500.0,1.1908917169221696,1.100222510331999,1.1601011329249538,1.1879676456544597,1.2475215742533914
VCoGe,500.0,1.2195845262142546,1.061795334811551,1.1790203392609704,1.0539297469905362,1.2652338281097142
VCoSn,500.0,1.0530784434834197,1.0195447359659902,1.1188263909055216,1.0052805167910126,1.1538316699718425
VFeAs,500.0,1.354108439147401,1.274896955068867,1.121554955907906,0.9646350000558304,1.2735752813440218
VFeSb,300.0,1.1522883443830565,1.2498810029076903,1.3457839732322006,1.4225823010175804,1.4175398338041019
VFeSb,300.0,1.346365494471451,1.2498810029076903,1.3457839732322006,1.4225823010175804,1.4175398338041019
VFeSb,300.0,1.3220124385824004,1.2498810029076903,1.3457839732322006,1.4225823010175804,1.4175398338041019
VFeSb,300.0,1.2695129442179163,1.2498810029076903,1.3457839732322006,1.4225823010175804,1.4175398338041019
VFeSb,300.0,1.4130397803150465,1.2498810029076903,1.3457839732322006,1.4225823010175804,1.4175398338041019
VFeSb,500.0,1.1271047983648077,1.1100811948961664,1.1603214739141847,1.0830155232195156,1.2461599247164639
VFeSb,700.0,0.8920946026904804,0.956007487541011,1.1603214739141847,0.6159540861665629,1.0221259730963435
VFeSb,1200.0,0.6532125137753437,0.8281868129237837,1.1603214739141847,0.3152467704316925,0.7319013017570325
VGeIr,500.0,1.2291697025391009,1.106092524774517,1.1232311522035479,1.2728210938931206,1.2103130789810033
VGeRh,500.0,1.2193225084193366,1.145993787973927,1.2322724381843408,1.2628498681237097,1.1986110638892076
VSbOs,500.0,0.9599948383284161,1.0032030841665007,1.103512180601957,0.9426987703189553,1.0983151271989404
VSbRu,300.0,0.8388490907372553,1.3012672760575006,1.2494044188424198,1.112703272949203,1.1256367400722453
VSbRu,300.0,1.21541282464514,1.3012672760575006,1.2494044188424198,1.112703272949203,1.1256367400722453
VSbRu,500.0,0.9694159123539814,1.1432305754891572,1.1253062165248768,0.9634337388216869,1.0756774981079196
VSiRh,300.0,1.6535983818432898,1.2843834404280947,1.2391581416300752,1.1206138636128773,1.4044132373765617
VSnIr,500.0,0.8457180179666587,0.9343030026018948,1.0327196361881945,1.1021766154993577,1.0487062205892463
VSnRh,300.0,1.1219951350319415,1.0677612130873766,1.060762519279418,1.1987636889130373,1.1433165784741173
VSnRh,500.0,0.8518696007297664,1.0669726252630496,1.0651928668494188,1.049880255423286,1.093496877876941
YAsPd,300.0,0.7387805584843692,0.6576806701455913,0.7976253559582335,0.8008466419082392,0.6771765299608976
YBiPd,300.0,0.6273658565927327,0.7110183205921153,0.7276041603961124,0.6575581892489116,0.7136166124215438
YBiPt,300.0,0.6637009253896482,0.656336099096847,0.6834677144066214,0.5648424376762335,0.6882704651295539
YNiBi,300.0,0.7715874808812554,0.8606938879755877,0.8121844811048163,0.757293617767564,0.8229020270434859
YNiBi,300.0,0.9578992722733807,0.8606938879755877,0.8121844811048163,0.757293617767564,0.8229020270434859
YNiBi,500.0,0.7371926427047373,0.7040435558971201,0.7942021348847318,0.4654546364184971,0.6961247200058119
YNiP,300.0,0.37474834601010387,0.9535526387021914,0.8820480729782483,0.49647316637489447,0.972137310454655
YNiP,300.0,0.5971135438928041,0.9535526387021914,0.8820480729782483,0.49647316637489447,0.972137310454655
YNiSb,300.0,0.9556877503135057,0.923178154424875,0.8788333243902402,0.8537769206370707,0.8028211701938098
YNiSb,300.0,1.0280015793468578,0.923178154424875,0.8788333243902402,0.8537769206370707,0.8028211701938098
YOF,300.0,1.1047044431636557,1.1248138797457106,1.1008755910683008,0.30520553266597955,1.0658785253250802
YPbAu,300.0,0.5158738437116791,0.5321861952623679,0.47585496916920295,0.42431764106900316,0.6470059972907539
YSbPt,300.0,0.5092025223311029,0.6982537233016206,0.6726518834575312,0.23037540293885897,0.6018688405306832
YSbPt,300.0,0.7090069296020645,0.6982537233016206,0.6726518834575312,0.23037540293885964,0.6018688405306832
Yb2AsAu,300.0,0.06974207604164477,0.10251174744157365,0.043004973548348695,-0.011915850518333312,-0.16461210076266908
Yb2CdPb,300.0,-0.1691548076913885,-0.1416131252171584,-0.10243162561625659,-0.02544400792513132,-0.1348814866468393
ZrAsIr,300.0,1.018284308426531,1.2114643781554613,1.120760020767097,1.0421897614086788,1.1848525466827922
ZrAsIr,300.0,1.0941519114745497,1.2114643781554613,1.120760020767097,1.0421897614086788,1.1848525466827922
ZrAsIr,500.0,0.8573324964312685,1.0410605754041389,1.046202375348874,1.0183210190645666,1.1009626807512132
ZrAsRh,500.0,1.162564406523019,1.1212192557538916,1.1754175985196846,1.112677417774892,1.0955773596730276
ZrBiIr,500.0,0.8375884382355113,0.7922605714321835,0.835840758028197,0.8464829592723011,0.7689723125589137
ZrBiRh,500.0,0.865103974641128,0.8075506802189618,0.8554347052091531,0.9267989750267884,0.8204734425019887
ZrCoAs,300.0,1.380211241711606,1.299615210551986,1.360062646593181,1.396908245773401,1.3794806338045298
ZrCoAs,300.0,1.2666784654645684,1.299615210551986,1.360062646593181,1.3969082457734,1.3794806338045298
ZrCoAs,300.0,1.2966651902615312,1.299615210551986,1.360062646593181,1.396908245773401,1.3794806338045298
ZrCoAs,500.0,1.1433271299920464,1.1808839565294045,1.17225712765278,1.1771084676352523,1.2194925622387969
ZrCoBi,300.0,1.2474822606770544,1.1094778451249099,1.140014710187156,1.1783281889510135,1.2713554443682782
ZrCoBi,300.0,1.179640823896529,1.1094778451249099,1.140014710187156,1.1783281889510135,1.2713554443682782
ZrCoBi,500.0,1.0622058088197126,1.0027324982210595,0.9544804229204357,1.054154294289529,1.0385673199781342
ZrCoSb,300.0,1.3979400086720377,1.2604889115733164,1.2795639789485385,1.31517438875297,1.2640036181132268
ZrCoSb,300.0,1.3617278360175928,1.2604889115733164,1.2795639789485385,1.31517438875297,1.2640036181132268
ZrCoSb,300.0,1.3221986135518917,1.2604889115733164,1.2795639789485385,1.3151743887529688,1.2640036181132268
ZrCoSb,300.0,1.3242824552976926,1.2604889115733164,1.2795639789485385,1.31517438875297,1.2640036181132268
ZrCoSb,500.0,1.1550322287909702,1.080999973308579,1.0662752569392473,1.0612983149732624,1.0527203324956687
ZrCuB,300.0,1.1315085371705682,1.4912594508542876,1.3184405961901524,0.22349222547138486,1.3421800130863737
ZrFeSe,300.0,1.1593114737037842,1.1863798315756982,1.0517873034933864,1.0397411527560514,1.3602120341243107
ZrFeTe,300.0,1.3010299956639813,1.0909829570828,1.2137173225426938,1.032580240161845,1.1112701759807053
ZrFeTe,300.0,1.3485346083176173,1.0909829570828,1.2137173225426938,1.032580240161845,1.1112701759807053
ZrGePd,500.0,1.0406023401140732,1.0406512163215562,1.0141263143752883,1.1281272791027883,1.0295767420201938
ZrGePt,500.0,0.9175055095525466,1.0235908291848446,0.9660597238116566,0.945931356674409,1.0389862176735978
ZrInAu,300.0,0.9740509027928773,0.8344403087466831,1.0658018044742046,0.9484897293870593,1.0188658274592277
ZrInAu,300.0,1.1417841298031683,0.8344403087466831,1.0658018044742046,0.9484897293870598,1.0188658274592277
ZrNiGe,500.0,1.0962145853464051,1.1502073659316034,1.107276740264719,1.1429234665758328,1.155887549292847
ZrNiPb,300.0,1.1613680022349748,1.139488630899658,1.1130673475713797,1.405565504573997,1.2750718240567076
ZrNiPb,500.0,0.9590413923210935,0.9782341767598877,1.0074388272249508,0.9890842094488331,1.0468265323736532
ZrNiSn,300.0,1.2798949800116382,1.2089279534855455,1.20928830172522,1.3796629155524303,1.307641013194036
ZrNiSn,300.0,1.2922560713564761,1.2089279534855455,1.20928830172522,1.3796629155524303,1.307641013194036
ZrNiSn,300.0,1.2966651902615312,1.2089279534855455,1.20928830172522,1.3796629155524303,1.307641013194036
ZrNiSn,300.0,1.3010299956639813,1.2089279534855455,1.20928830172522,1.3796629155524303,1.307641013194036
ZrNiSn,300.0,1.1783725412100003,1.2089279534855455,1.20928830172522,1.3796629155524303,1.307641013194036
ZrNiSn,300.0,1.1986570869544226,1.2089279534855455,1.20928830172522,1.3796629155524303,1.307641013194036
ZrNiSn,300.0,1.259623332512914,1.2089279534855455,1.20928830172522,1.3796629155524303,1.307641013194036
ZrNiSn,500.0,1.0350292822023681,1.068695794557623,1.062726831228014,1.0701921986920722,1.10643699847087
ZrPdPb,500.0,0.8188854145940099,0.8398325542617961,0.77215229117253,0.684267015910003,0.7655363203091041
ZrPtPb,500.0,0.8129133566428556,0.6976384640605877,0.7811816550708248,0.6881854250539741,0.7246241833399883
ZrSbIr,500.0,1.040206627574711,0.9032145578859461,1.0189167659307172,1.0664951765053667,0.9626308900621248
ZrSbRh,300.0,1.3246301633073392,1.0806668126530563,0.9492612343300882,1.127655617789929,1.1668554603296366
ZrSbRh,500.0,1.0751818546186915,0.9883923756375239,1.0154703544941555,1.0093055361488845,1.0340453046563942
ZrSbRu,300.0,0.526339277389844,1.1152622783899466,1.1860035456898197,1.2092469691774033,1.1938714182824246
ZrSiPd,300.0,1.2636360685881083,1.1465896514227631,1.2559707043608757,1.2226819327243361,1.3376366566199485
ZrSiPd,300.0,1.3861397348525624,1.1465896514227631,1.2559707043608757,1.2226819327243361,1.3376366566199485
ZrSiPt,300.0,1.1495270137543478,1.1781152399810164,1.239547753989376,0.9147124195745491,1.3027956711331354
ZrSiPt,300.0,1.1098051847535788,1.1781152399810164,1.239547753989376,0.9147124195745491,1.3027956711331354
ZrSiPt,300.0,1.1755118133634477,1.1781152399810164,1.239547753989376,0.9147124195745491,1.3027956711331354
ZrSiRu2,300.0,1.2462399952079868,0.8944536527546666,0.9403363811247607,0.9601724998753314,0.8999412084977904
ZrSnPd,300.0,1.1473671077937864,1.0746547363391272,0.9039911963697894,1.0087370149724362,0.9579377010061145
ZrSnPd,300.0,1.2922560713564761,1.0746547363391272,0.9039911963697894,1.0087370149724357,0.9579377010061145
ZrSnPd,300.0,1.2250567229344849,1.0746547363391272,0.9039911963697894,1.0087370149724357,0.9579377010061145
ZrSnPd,500.0,0.9717395908877783,0.947792678950669,0.7642674606769311,0.8890742640036472,0.8775462551416799
ZrSnPt,300.0,1.121559844187501,1.0628484683384487,1.124220250606398,1.188655485396825,1.0876720758344363
ZrSnPt,300.0,1.2397097998993822,1.0628484683384487,1.124220250606398,1.188655485396825,1.0876720758344363
ZrSnPt,500.0,0.9637878273455552,0.9664742548282139,0.9929378839693981,0.9730241946508149,0.930469472590795
ZrTeRu,500.0,1.0457140589408676,0.8714745150587346,0.850269705845475,0.3764578067617969,0.7722628393898018
ZrTeRu,800.0,0.9986951583116558,0.6811614821078397,0.850269705845475,0.05285992685898147,0.4069580368548201
Li2CuAs,300.0,-0.13076828026902382,0.5697233275881284,0.8774217966895564,0.5580712648522447,0.6916011513561894
LiAgTe,300.0,0.45178643552429026,0.38907023756409087,0.4102787245057229,0.12249835843264024,0.5554241062786172
LiAgTe,300.0,0.11058971029924898,0.38907023756409087,0.4102787245057229,0.12249835843264024,0.5554241062786172
Na2TlSb,300.0,-0.040958607678906384,0.10100142097888609,0.059593806351555735,0.05117137956695177,0.2729605232919652
Na2TlSb,300.0,-0.3565473235138126,0.10100142097888609,0.059593806351555735,0.05117137956695177,0.2729605232919652
Na2TlSb,300.0,-0.5686362358410126,0.10100142097888609,0.059593806351555735,0.05117137956695177,0.2729605232919652
Na2TlSb,300.0,-0.36653154442041347,0.10100142097888609,0.059593806351555735,0.05117137956695177,0.2729605232919652
Na2TlSb,700.0,-0.6575773191777937,0.09776183502398239,0.016399501050861867,-0.002525755587799626,-0.04768900876861282
Na2TlSb,700.0,-0.638272163982407,0.09776183502398239,0.016399501050861867,-0.002525755587799626,-0.04768900876861282
TiNiSn,300.0,1.1072099696478683,1.2020008955258832,1.3239154414264058,1.1486509206291307,1.1980641212719119
TiNiSn,300.0,1.1818435879447726,1.2020008955258832,1.3239154414264058,1.1486509206291307,1.1980641212719119
TiNiSn,300.0,1.2278867046136734,1.2020008955258832,1.3239154414264058,1.1486509206291307,1.1980641212719119
TiNiSn,700.0,0.724275869600789,0.8646858221410957,1.0920748043206792,0.8153316071946222,0.906294922258896
ZrTeRu,800.0,0.9925535178321356,0.6811614821078397,0.850269705845475,0.05285992685898147,0.4069580368548201
Ac2MgGa,300.0,-0.07058107428570728,0.2544193847590721,0.2591387643241773,0.012155905716775396,0.1422573762199305
AlCrCu2,300.0,0.5596265763364303,0.8900823540065536,0.9679549403190201,0.6835443112795289,0.9350125034457779
AlVNi2,300.0,0.782620946950477,1.2438864053487466,1.4441345545966258,1.2932965823619316,1.152641964694789
Ca2HgPb,300.0,0.8195439355418687,-0.03109897615108581,-0.0786540425144272,0.027694004033352225,-0.09166588776099849
CuNi2Sb,300.0,0.3919384738200026,0.3223723746748878,0.7463961622047649,0.23900496411933278,0.4923483323672562
CuNi2Sn,300.0,0.20462726794451994,0.5338418499981791,0.7891710912656426,0.4711005176936123,0.677174665191907
CuSnRh2,300.0,0.6869292744940003,0.6864044736610457,0.692633363117641,0.29970401506288324,0.5629736192527145
DyInAg2,300.0,0.0321632783301646,0.07261273103601584,0.010965332260606862,0.0005427684359783358,0.04290824407066196
DyInAu2,300.0,0.029627239047412813,0.027520638897514993,0.00023780844533499162,-0.005365722616180987,-0.0973358507335359
DyInCu2,300.0,0.5451747045172118,0.534935402120769,0.49882299987353157,0.5279808387429983,0.42875013780433907
DyInPd2,300.0,0.36637999263593096,0.39611551721261096,0.3362784531187464,0.3412017257374747,0.283024383349191
ErInAg2,300.0,-0.04328952024708948,0.0493247777514213,0.03663995989731522,0.05125511975965411,0.08862815242988609
ErInAu2,300.0,-0.05652329152201182,0.05427678135261094,0.0036290593714235204,0.0032454749026256317,-0.012630990337811454
ErInCu2,300.0,0.534664379851042,0.4920727807894246,0.47899468799975975,0.5402977528593523,0.44671680809677433
ErSnPd2,300.0,0.2971518537232846,0.36933634426293815,0.3136846011533699,0.16393155524497974,0.28150507568002414
FeSiRu2,300.0,1.242742627984174,1.2747635987128616,1.3585321494594886,0.8872736559136619,1.1362944597715554
FeSnRu2,300.0,0.7961800979940371,0.6059283041552772,0.7502827278580512,0.082949694363785,0.5788172434254069
GaFeCo2,300.0,1.3020103937600533,0.7819663628957858,1.1769147751934779,0.6517103018016297,0.8676650998304114
GaFeNi2,300.0,0.5802576331044749,1.3167641203056892,1.3670878313512798,1.2138036144311537,1.1614024580481592
HfAlAu2,300.0,0.1108354043317475,-0.03182301164867418,0.4183582973096505,0.04852977614641798,0.21358559165226865
HfAlCo2,300.0,1.7898295141818747,0.9342818817515931,1.0282499440492014,0.7799762080637604,0.860163337565064
HfAlCu2,300.0,0.7869465269782696,0.6717961507493572,0.8961886680199628,1.010996098292539,0.9059338684157449
HfAlNi2,300.0,0.552466228296271,1.037813499602341,0.9970796216280309,1.1753693482236576,1.0048857205442836
HfAlPd2,300.0,-0.14766032078430244,0.6260667089833034,0.8248624460429607,0.4329569734021074,0.6480417281163264
HfCo2Sn,300.0,0.9201687369212499,0.662726205639049,0.683218172808975,0.2563091732293381,0.501351062988254
HfCuHg2,300.0,-0.19517523702391815,0.0910221942775048,0.4698993260996562,0.042410229642351416,0.14751852004670496
HfGaCo2,300.0,1.2582660345403478,0.7844319790522369,0.9141849631983252,0.40577975544516354,0.7516396680512155
HfGaNi2,300.0,-0.14497599202813247,0.9655855698637913,0.9930905382163984,1.1085696300806827,1.0432340579385913
HfInAu2,300.0,0.15915495925498074,0.3955046821356063,0.23778217431280316,0.14835211631200107,0.24203610704508516
HfInCu2,300.0,0.6801613980560731,0.6193093316430502,0.6335854389563922,0.33639309872706635,0.587225347641266
HfInNi2,300.0,0.7045065609918207,0.7133247884375526,0.7898865409293498,0.19205474116782853,0.7627872313565972
HfNi2Sn,300.0,0.7108650959496506,0.5591605787921903,0.5545408991957441,0.22236300966896416,0.4750589977857185
HoInAg2,300.0,-0.0019487018267319391,0.0061911682424716785,-0.025825435815798437,0.017424917689155637,0.031199300543346298
HoInAu2,300.0,-0.014620685582486548,-0.00549862841786164,-0.04427334988948461,-0.020884741680702618,-0.04142125476044567
HoInCu2,300.0,0.5388576414308257,0.5055047497430042,0.4590725180288557,0.538706874579845,0.43660199364154645
HoSnPd2,300.0,0.2844668295481497,0.35472664883946226,0.288786938526072,0.15720786668946765,0.2530813450616465
InFeCo2,300.0,0.9614092279348909,0.6246319190428553,0.9072790026288362,0.6791477561272957,0.8600645683760338
LaInAg2,300.0,-0.019187003688239074,0.06315577044737852,-0.11877967980156107,0.012259073833900777,-0.12105966436848603
LiAg2Ge,300.0,0.07635276027705645,0.35331851934460645,0.2982445983416613,0.17270254286814257,0.24783578254165395
LiAg2Sn,300.0,-0.08237372401052326,0.1771709930233626,0.18703254160325677,0.19047372297833207,0.16554688432460396
LiAl2Ir,300.0,0.9367323426618525,1.0010001880137471,0.8041708250118285,0.8987611862337194,0.9526747168297086
LiAl2Pt,300.0,0.8954838733726196,0.7639658750570616,0.8850991297541287,0.8180298196595799,0.8423827573141307
LiAl2Rh,300.0,0.9732812156330951,0.8320143598378344,0.793629688360858,0.5248281548290048,0.854188560926193
LiCu2Ge,300.0,0.3382632094774483,0.4909792533026575,0.24885129485628943,0.34770890902001433,0.5687998513086616
LiCu2Si,300.0,0.6632541542674517,0.7853584211511049,1.0802279717204946,0.13784367366010408,0.6025691036585095
LiGeRh2,300.0,0.9848889997538391,0.7151658836070506,0.8029115566694939,0.560169083771876,0.6752163251046859
LiIn2Ir,300.0,0.48202559631328235,0.2810399351001007,0.3552296213694222,0.2416866525746176,0.3516979507522677
LiIn2Pd,300.0,0.2145577550308403,0.27650081979296515,0.19199327818390485,0.1330206647617722,0.14504190975119868
LiIn2Rh,300.0,0.40625225847499263,0.35652189841632775,0.29026952836728437,0.3094084461399437,0.3572032893321637
LiInAg2,300.0,-0.20302347161240553,0.35129117906145657,0.11432290099900859,0.10083474034975885,0.10004333789032671
LiMg2Ga,300.0,0.2886180626716794,0.6476176672487467,0.7044338933830224,0.6066965069142086,0.6741040405961918
LiNi2Ge,300.0,0.7941400534290319,0.7499703140515024,0.9680242737491309,0.6151953655251192,0.7492695482767019
LiPd2Pb,300.0,-0.24195150134220977,0.36889510612145193,0.21545572974859575,0.14591448944014357,0.3087848151737956
LiSnPd2,300.0,0.09696559914430318,0.4860072882678445,0.5374928381985145,0.5646599516313626,0.4254807117597774
LuInCu2,300.0,0.5804356914133687,0.5547199954406996,0.4399585495127913,0.5515077927783247,0.5276961753315725
MgInAg2,300.0,-0.03061810560615889,0.14112828858217175,0.40594687692573744,-0.11518213290912596,-0.0005809658222833969
MgNi2Sb,300.0,0.5591917841428908,0.7015212045318809,0.6580955089541835,0.7826007247568241,0.6507897036042374
MgNi2Sn,300.0,0.6345719783513946,0.5762185917446833,0.5789165209357207,0.7149646654544289,0.6402376565677109
Mn2SnW,300.0,1.181603516757939,0.4189457677703424,0.615321162764866,0.6728602290759931,0.6722270751772024
MnAlAu2,300.0,0.13975948159755608,0.4218282271584751,0.4455903582364245,0.21614188714596583,0.4846573613024423
MnAlNi2,300.0,1.0180635657830364,1.038913210788995,1.20118640038952,1.078439162169511,1.1156543802496786
MnAlPd2,300.0,0.41940551390467246,0.8628198194632954,0.6711109740842917,0.7579466552175794,0.8553512960090034
MnAlRh2,300.0,1.0389180660303696,0.9561936400364471,0.9783420964360637,0.9190091881575863,0.9932549520202852
MnAsPd2,300.0,0.1276651303578998,0.5362486821961292,0.5188697383244126,0.12092142868520485,0.509191831300758
MnCo2Ge,300.0,1.1658998740451956,0.6432852294307256,0.8494286633093918,0.7446954175796532,0.864297461145191
MnCo2Sn,300.0,0.6160047293597146,0.6226941354880866,0.6758649429707015,0.7680955143813097,0.7191982975996648
MnGaCo2,300.0,0.6297275575132687,1.247820141040026,1.0052885239366813,1.2229359489132146,1.0949910831967609
MnGaNi2,300.0,1.0265536918171978,0.6332078876778311,0.6905925282368253,0.6710553142437498,0.8105396187372408
MnGePd2,300.0,0.25295734617561894,0.4688486705114729,0.1822836345976534,0.31709620755715395,0.45590052002290826
MnGeRh2,300.0,0.5926607648129806,0.6773138743503492,0.7641293831188094,0.6999900142165252,0.6924954474972334
MnInCu2,300.0,0.3745503945576312,0.6854712036420267,0.6173577979726559,0.6094029329383567,0.5636692699955876
MnInPd2,300.0,0.324356546614009,0.47265749002861795,0.3526247619990924,0.6191145827780941,0.46252483663484967
MnNi2Ge,300.0,0.09896543441637193,1.0253083547127448,1.101601645431274,0.9595942549879389,0.9835444720338622
MnNi2Sb,300.0,0.3924225753531592,0.6717552442197836,0.6526883317033424,0.6281198432295952,0.6600785360355323
MnRh2Pb,300.0,0.5489235113667499,0.1717776587598412,0.16437762129156167,0.20186028045640317,0.11080194398367327
MnSbPd2,300.0,0.28148561651948706,0.3552559750835236,0.279854125977889,0.3463479967069067,0.3094350576293453
MnSnPd2,300.0,0.31314560802598135,0.27819161925895997,0.3352602530194871,0.35911102769783415,0.40441801838267527
MnSnRh2,300.0,0.7282669144377999,0.4898508493823164,0.5067533124928528,0.8902070708528544,0.6171451250049291
NbAlCo2,300.0,1.3634916392085012,1.1762712234304036,1.1142357447428939,1.4240698085783028,1.219695717633003
NbCo2Sn,300.0,0.6376988209835068,0.7381566247217386,0.6391628463355955,0.7433928325042531,0.7015456427922466
NbGaNi2,300.0,0.8216654721383421,1.0014425451333695,1.0877717151134587,0.9413652770094099,0.9871604102030893
ScAlAg2,300.0,0.23945714821095174,0.06467001770738456,0.28215447468662963,-0.057286492875925514,0.28180792389513154
ScAlAu2,300.0,-0.04414347034619254,0.23942692524961795,0.4524827867359779,0.03931731491089463,0.24357557962702614
ScAlCu2,300.0,0.7654524711664393,0.6200165618995926,0.7267507412545796,0.7990682073050274,0.8508858556845137
ScCo2Sn,300.0,0.6445390269169126,0.6701790068024632,0.7482023834802725,0.7091538927417815,0.6124726784837059
ScGaCu2,300.0,0.44187729692565325,0.6538491414180718,0.6462627907786512,0.5137794342684513,0.5853699664022323
ScGaPd2,300.0,0.3869392791748266,0.6218768169540574,0.423647065605093,0.38260571867052606,0.5142118905432036
ScInAg2,300.0,-0.03142459859132407,0.14463766693697278,0.2930030174112199,-0.07806742686868995,0.027104044869805
ScInCu2,300.0,0.5464402467381886,0.4194088445335957,0.486184923286529,0.4579946775587303,0.42589428769294635
ScInNi2,300.0,0.7922466669685424,0.5864179522213421,0.7895630039964847,0.8155574653699812,0.6315383802406169
ScInPd2,300.0,0.5719253429072798,0.3961682506910885,0.28208617524466756,0.3923359909424816,0.34600006853202675
ScInPt2,300.0,0.44364155850078313,0.33335355627658636,0.38950491486747124,0.4184067554736887,0.42860925284328977
ScNi2Sn,300.0,0.7708188862234712,0.5705075140287921,0.6070246998048985,0.5484497924471824,0.5557751411181892
ScSnPd2,300.0,0.46557021207118987,0.28005328157937026,0.37177117388412,0.26698880456425594,0.31363688498066317
ScSnPt2,300.0,0.16957157812567772,0.3334915681600441,0.35718832950388485,0.5559114564715256,0.4215790284965314
TaAlCo2,300.0,1.1341643527791354,1.3318698891887404,1.3463801081376263,1.2775936995815464,1.1553104186894259
TaGaCo2,300.0,1.0499231784192733,1.063409934948387,1.2337503879545786,0.9154790100782702,0.9232603398359969
TaGaNi2,300.0,0.7081318408991584,1.106720433808603,1.2138993136605556,1.0346063298752644,1.145738226614437
TbInAg2,300.0,0.08489428665226086,0.12255181017461292,0.04185964360709431,-0.03569738898671328,0.0610271615344421
TbInAu2,300.0,0.07053286492254683,0.030826924387780008,-0.015037757202558812,-0.03530014377132034,-0.005146624857337301
TbSnPd2,300.0,0.0018072425023033074,0.33270502543899994,0.17878461398809073,0.2670035958001892,0.291552498256033
ThInAu2,300.0,-0.2254771950571674,-0.17171690469948753,-0.06416098110140284,-0.1655809460872488,-0.16039705778359248
Ti2AlCu,300.0,0.796704740726252,0.7719769598922215,0.9002295942145676,0.7988241582050537,0.7490336260507559
Ti2MnAl,300.0,0.6415722618634583,1.0101706310463967,0.9053835132991082,1.0599552137227932,1.0142863808178804
Ti2MnGa,300.0,0.39505367188763885,0.807987175313704,0.9448254744807755,1.0870977241238877,0.8661231082014884
Ti2MnIn,300.0,-0.034442727749021615,0.4839666767665522,0.47604532900372254,0.22153527982378327,0.5066484261547305
TiAlAu2,300.0,0.07491878755336376,0.3119343813851492,0.44607085806604013,0.17953331066567263,0.4673199688428898
TiAlCo2,300.0,2.32941211829096,1.2927776831525208,1.4204762872240186,1.1033161451462048,1.0914528818385132
TiAlCu2,300.0,0.8637444564984482,0.9924808900937427,1.2308943218272852,1.3016501838619081,1.0161958279881398
TiCo2Si,300.0,0.7986540976929302,1.2659223502582015,1.4262714129539988,1.410955414404151,1.21052068566987
TiCo2Sn,300.0,0.5647086632563917,0.8002644534031523,0.880242384024107,0.7667503168065722,0.6687235676050205
TiGaCo2,300.0,1.5025227088782838,0.9370061515099437,1.1276227989809162,0.7540156664114257,0.7813674847420402
TiInAu2,300.0,-0.11449121277662762,0.04329541108396806,0.4781009408782977,3.269385997815459e-07,0.5344987172500361
TiInCu2,300.0,0.6114333276154397,0.6303324382621157,0.7515730672307614,0.06499829524697251,0.49325630942089854
TiInNi2,300.0,0.9447698037892229,0.6230472694612181,0.769766678851522,0.7091774292591876,0.718457282875556
TiNi2Sb,300.0,0.5793387885025816,0.6644147772421325,0.7366775456046725,0.5660201029992948,0.6228487450944814
TiNi2Sn,300.0,0.686359161761017,0.6694045963506974,0.8106567528757175,0.5672423418557884,0.630165649778638
TiSnRu2,300.0,1.4800069429571505,0.5555806307164746,0.6909781504806749,0.8173621205279815,0.6346736051679158
UInAu2,300.0,-0.1770471065749545,0.10650665429127615,0.09159909012015963,-0.1618703826916516,-0.048798557570546186
USnAu2,300.0,-0.19244332539364017,0.12819133277520767,0.12005301168449307,-0.09844402811778952,-0.048343862959353
VCo2Si,300.0,0.919266943246984,0.9883305493999747,1.2810609115076221,0.7740503597722119,1.0363800936345382
VGaNi2,300.0,0.7501688490576591,1.1330684394359052,1.2956353100277187,1.174466844593745,1.0496355834847777
YInAg2,300.0,0.062194518521781664,0.0585494871801685,-0.07356761471948997,0.0722709011354779,-0.07800448544418681
YInAu2,300.0,0.02168535221570552,0.009474968016730867,-0.09690322901816437,0.09873632897540159,-0.07346373161767072
YInCu2,300.0,0.5307745336021858,0.3909588297531742,0.3223303158497378,0.42087610430701267,0.2980626836721022
YSnPd2,300.0,0.2059780398771672,0.371225357673615,0.2565197620800742,-1.3689636675542917e-14,0.6431133763909029
YbNi2Sn,300.0,0.2105833506698177,0.350954700418311,0.026409829280252112,0.3459099661503746,0.4161346991912796
Zn2AgAu,300.0,0.036932156924904,0.3069720964976531,0.3491046216336139,0.24794536226391845,0.40147292129872764
ZnCo2Ge,300.0,1.0262676222318734,0.6465575859238333,0.6968903755615398,0.5864446728961682,0.7743965793444808
ZnNi2Ge,300.0,0.45515713497146576,0.8622991988764664,0.9641775595361182,0.6926742419408605,0.8449606161437373
Zr2TiAl,300.0,0.8788387836968566,0.7940854069325741,0.7554763969461488,0.3858249660647881,0.6871280296401608
ZrAlCu2,300.0,0.8103131844006474,0.8087828947864404,0.8557655491142382,0.9962876573692244,0.8982631098142417
ZrCdCu2,300.0,0.6913007952598558,0.536253213974462,0.51787027118164,0.3726277736699857,0.5823007310654031
ZrCo2Sn,300.0,0.9672333731895311,0.7846237795874351,0.664020501263019,0.6214853602021836,0.6444345189334564
ZrCuHg2,300.0,0.007722180322103332,0.0741492940593157,0.32009927562695534,0.09617327676582105,0.03111853558948341
ZrInAu2,300.0,0.20895972786255299,0.1584186346223675,0.4295656935168607,0.04950799191617261,0.17656432639668862
ZrInCu2,300.0,0.7416903886840892,0.62813317024386,0.5161770751660089,0.7083231791465405,0.6433664831635948
ZrInNi2,300.0,0.6365520829420989,0.7730269233379787,0.7425133694988828,0.8037424245345439,0.7218176413609364
ZrInPt2,300.0,0.07324164761199857,0.5307641763521862,0.4731363574956507,0.54635361610389,0.527776733139041
ZrNi2Sn,300.0,0.6981945310522786,0.7292268424136318,0.6161896219314495,0.5549180695344251,0.6270381433422587
ZrZnCu2,300.0,0.60615663483076,0.7385842910862348,0.7286083404166681,0.7445000552844725,0.73626064706745
