compound,cluster,k_ref,model,const,power,model_ratio,const_ratio,power_ratio
AlNiSb,half:X=Al,9.5,56.76827233013755,53.82696614313653,52.60497825902605,0.4323172766986246,0.4617303385686347,0.4739502174097396
AlVNi,half:X=Al,8.8,34.308015271526266,50.154111177249675,48.83491971144858,0.6569198472847373,0.49845888822750334,0.5116508028855142
BaAgSb,half:X=Ba,0.82325,37.19746279404372,479.1204446460616,468.8068752618474,0.6280253720595628,5.7912044464606165,5.688068752618474
DyNiSb,half:X=Dy,2.9658027570848784,17.220235810061627,59.716606187885304,55.74761597178297,0.8510147838562295,1.5971660618788532,1.5574761597178297
DySbPt,half:X=Dy,3.65,50.41430731035504,29.95034180544468,29.24686458621563,0.49585692689644956,1.2995034180544467,1.2924686458621562
ErBiPd,half:X=Er,5.428967707980956,59.75786668821909,16.59363422385473,20.191108594799072,0.4024213331178091,0.8340636577614527,0.7980889140520092
ErNiSb,half:X=Er,3.8006366479869387,4.563749325826048,21.995862705622393,18.533092602022695,0.9562772493608852,1.1915832379639872,1.1097927300417427
ErSbPd,half:X=Er,2.1815329354899817,31.712999580243718,107.62126693323683,152.29026435465738,1.3171299958024372,2.076212669332368,2.522902643546574
GdBiPd,half:X=Gd,3.643764761743374,31.450856343125704,29.968177732711002,16.697696784255644,0.685491436568743,1.2996817773271099,1.1669769678425563
HfCoSb,half:X=Hf,8.689414624768908,21.109623173423497,49.52628591311772,51.46361308729668,0.788903768265765,0.5047371408688228,0.4853638691270333
HfNiSn,half:X=Hf,3.051016886172522,80.00317615018291,43.22048318299224,43.91192230879422,1.800031761501829,1.4322048318299223,1.4391192230879422
HfSnPt,half:X=Hf,7.875,40.25608113092481,44.511985696876565,47.50806176376777,0.5974391886907519,0.5548801430312343,0.5249193823623223
HoNiSb,half:X=Ho,4.294048142214199,10.790848893130525,6.8600687737599655,25.681067208118353,0.8920915110686948,1.0686006877375998,1.2568106720811834
HoSbPd,half:X=Ho,6.315533825245229,57.18932367537127,26.95564884978485,14.46343350874989,0.4281067632462874,0.7304435115021515,0.8553656649125011
LaBiPd,half:X=La,3.1314683455065646,35.73945945651758,57.943219488003194,55.158348100338095,0.6426054054348241,1.5794321948800318,1.551583481003381
LaSbPd,half:X=La,1.9131938323286921,47.62513079433086,158.48788793716358,139.6250648075877,1.4762513079433086,2.5848788793716357,2.3962506480758767
LiAlGe,half:X=Li,1.3738735785931435,157.00617982738325,239.6080450887712,281.9998140031657,2.5700617982738323,3.396080450887712,3.8199981400316574
LiAlSi,half:X=Li,11.688246979711124,86.39664268936164,60.08139449525361,55.09853167909227,0.13603357310638356,0.3991860550474638,0.44901468320907734
LiZnSb,half:X=Li,3.1509193661394743,35.99418796179607,48.076947077445084,55.960057559751554,0.6400581203820394,1.4807694707744508,1.5596005755975155
LuNiSb,half:X=Lu,4.343820311557661,5.577457836297034,13.04274741578396,8.722376033838188,0.9442254216370296,1.0901997745900598,0.9979162885084673
LuSbPt,half:X=Lu,3.45,14.294067302675876,37.28033691131182,35.17128450454305,0.8862832207677207,1.3728033691131183,1.3517128450454305
MgAgSb,half:X=Mg,0.6967123947969183,305.4861973556198,576.8515478817426,625.4075845452087,4.054861973556198,6.768515478817426,7.254075845452087
MgNiSb,half:X=Mg,3.6339012801980033,74.42262492212328,29.76986067739162,51.79142205293598,1.7442262492212328,1.2976986067739162,1.5179142205293599
NbCoSb,half:X=Nb,3.0812565,111.92865944381847,42.524334216865086,39.29380352330813,2.1192865944381847,1.4252433421686508,1.3929380352330814
NbCoSn,half:X=Nb,5.77348092131235,5.682687001746369,23.92166970948456,25.649187152542176,1.0037839968020519,0.7607833029051543,0.7435081284745781
NbFeSb,half:X=Nb,7.725009105184701,17.443130620339364,43.21815537892428,45.34522880409054,0.8255686937966064,0.5678184462107572,0.5465477119590946
ScNiSb,half:X=Sc,7.148950834986105,35.10869098444049,37.976104110699936,41.58955052403451,0.6489130901555951,0.6202389588930006,0.584104494759655
ScSbPd,half:X=Sc,3.5993325946112646,17.91678256065452,23.079510294092053,40.93813771995688,0.8208321743934548,1.2307951029409205,1.4093813771995687
TaCoSn,half:X=Ta,3.9071332027553964,69.87493337401025,20.072976783811058,12.850669228458596,1.6987493337401025,1.1528094933086657,1.107046108569609
TaFeSb,half:X=Ta,10.992704559962531,27.029039332737202,59.06375928277164,58.788340492530786,0.729709606672628,0.40936240717228356,0.4121165950746921
TbSbPt,half:X=Tb,2.95,56.815697409122336,58.889368515180365,55.161699030971576,0.43184302590877666,1.5888936851518038,1.5516169903097157
TiCoSb,half:X=Ti,8.644938008865095,11.54791402600413,49.260449727090936,41.78997280035822,0.8845208597399588,0.5073955027290906,0.5821002719964178
TiNiSn,half:X=Ti,4.160214460081224,55.371986531296,17.312960983221046,8.504649232647864,1.55371986531296,1.057497318972752,1.049526445493398
TiSnPt,half:X=Ti,9.689373455748266,37.18647138003767,54.57977626484116,57.73646570975903,0.6281352861996232,0.4542022373515885,0.42263534290240967
TmNiSb,half:X=Tm,3.3976503721350855,16.70237625250708,37.94012989692381,26.773101006892965,1.1347265327923624,1.379401298969238,1.2677310100689296
VCoSb,half:X=V,2.4293579999999997,211.15292027018137,94.9149576598953,91.27883601032252,3.111529202701814,1.9491495765989528,1.9127883601032254
VCoSn,half:X=V,6.549751552807013,59.42003770361082,56.12362362204018,53.06120850229787,1.1923279507656166,0.8815506474412771,0.8966093703207436
VFeSb,half:X=V,6.468481370449577,12.633048829836566,26.796158677642325,26.4129869237984,1.1263304882983656,0.7320384132235768,0.735870130762016
VNiSn,half:X=V,2.2,100.96054633252129,115.23531083591708,116.36191963201794,2.009605463325213,2.1523531083591707,2.1636191963201794
YNiBi,half:X=Y,3.5596338003894465,29.237144794835267,34.88571133745653,42.631279230751225,0.9584642762286917,1.3488571133745653,1.4263127923075123
YNiSb,half:X=Y,4.792495072087339,7.426953739598467,2.6195137418858527,22.450770436733013,0.9257304626040153,0.9907678632690099,1.2245077043673303
YSbPd,half:X=Y,2.2567844889520567,53.81744430476325,110.25184030974411,144.1518666035686,1.5381744430476325,2.102518403097441,2.441518666035686
YSbPt,half:X=Y,1.9808284999999999,35.62845908578518,139.7719706000931,195.3378066178484,1.3562845908578518,2.3977197060009314,2.953378066178484
YbNiSb,half:X=Yb,2.730153280059268,23.623493225236164,70.50980350685558,100.69928112987722,1.2362349322523616,1.7050980350685556,2.0069928112987725
ZrCoBi,half:X=Zr,9.213883,36.81842311791777,56.46288584464144,54.65747269152497,0.6318157688208224,0.4353711415535856,0.4534252730847502
ZrCoSb,half:X=Zr,8.922553613946986,45.462135406468555,55.09172308745712,54.83498739378385,0.5453786459353145,0.4490827691254289,0.4516501260621615
ZrNiPb,half:X=Zr,5.647570806633364,11.028379752597194,29.22332842427904,30.30062629109708,0.889716202474028,0.7077667157572096,0.6969937370890292
ZrNiSn,half:X=Zr,5.523755749999999,6.837788697894023,27.379953955745066,21.102026614427665,1.0309139825494311,0.7262004604425494,0.7889797338557234
ZrSbIr,half:X=Zr,3.65,74.02811699533805,49.65419430828808,44.99622741757487,1.4025884005986677,1.1579082256057736,1.1787519945616922
ZrSnPt,half:X=Zr,12.076706245633845,65.08445265585887,66.79701642430217,66.61083175564447,0.3491554734414113,0.33202983575697836,0.3338916824435553
