compound,ratio,n,dev
BaSrIn,1.0,1,1.0
BaSrSn,1.0,1,1.0
BeAlB,3.627899518973811,1,3.627899518973811
CaZnGe,1.0,1,1.0
DyBiPd,0.584988455988456,1,1.709435442294837
DyBiPt,0.6967784911717496,1,1.43517633318206
DyNiBi,0.530229335418723,1,1.8859763751288834
DyNiSb,0.89896088794926,1,1.1123954483506329
DyPbAu,0.7862029850746268,1,1.2719361526019637
DySbPt,0.8956281754528185,1,1.1165347712452351
ErBiPt,0.6740188976377953,1,1.483637926925575
ErNiSb,0.8414265537987434,1,1.1884578582472274
ErPbAu,0.7344843304843306,1,1.361499433678298
ErSbPd,0.6301103651190526,1,1.5870235681824734
ErSbPt,0.8102766633361015,1,1.2341463666036765
ErSnAu,0.7511611479028697,1,1.3312722613407941
FeGeW,1.517867603983597,1,1.517867603983597
FeSiW,2.588576811684535,1,2.588576811684535
HfAlAu,0.527101957677945,1,1.8971661657363676
HfCoAs,1.0993427399903521,1,1.0993427399903521
HfCoBi,1.0,1,1.0
HfCoSb,1.7451923076923077,1,1.7451923076923077
HfNiGe,1.6599474145486417,1,1.6599474145486417
HfNiSn,1.4292302685881397,2,1.4292302685881397
HfPtPb,0.8867676767676768,1,1.127691080988723
HfSbRh,1.9998817280283614,2,1.9998817280283614
HfSnPd,0.6943993031630676,1,1.4400936110461033
HoBiPd,0.6050973451327434,1,1.6526266526266526
HoBiPt,0.6660464396284831,1,1.501396810345228
HoGeAu,0.6482511520737327,1,1.5426119904315403
HoNiBi,0.9291057055849659,1,1.0763037983610262
HoNiSb,1.0708402910947754,1,1.0708402910947754
HoPbAu,0.7500379008746356,1,1.3332659574054566
HoSbPd,0.08800816062176166,1,11.362582662052947
HoSbPt,0.8286990953961828,1,1.2067106209666152
HoSnAu,0.7538542600896861,1,1.3265163479755753
KAgTe,1.0,1,1.0
KBaBi,1.092269326683292,1,1.092269326683292
KCaSb,1.0,1,1.0
KMgSb,0.263939393939394,1,3.7887485648679675
KSrBi,0.8522445743732038,1,1.1733720930232558
LaCoTe,7.203673400057734,1,7.203673400057734
LaSbPt,1.0,1,1.0
LiAgTe,0.9382716049382716,1,1.0657894736842106
LiAlGe,1.0851352647009844,1,1.0851352647009844
LiAlSi,3.2463728813559314,1,3.2463728813559314
LiCdAs,0.130933221986031,1,7.637481036758478
LiGaSi,0.7821146953405017,1,1.2785848494569452
LiMgAs,0.9402888194944924,1,1.063503020845881
LiMgBi,0.3520927441302214,1,2.8401607720440563
LiMgP,0.47705996639854337,1,2.0961725368600397
LiZnAs,1.0096140392902329,1,1.0096140392902329
LiZnN,1.0805002875215641,1,1.0805002875215641
LiZnP,1.0810472374292444,1,1.0810472374292444
LiZnSb,0.8555093555093556,1,1.168894289185905
LuNiBi,0.581795523906409,1,1.7188169363792936
LuNiSb,0.9405750748498348,1,1.0631793535031242
LuSbPt,0.8816464174454829,1,1.13424155104882
LuSnAu,0.7522648305084746,1,1.3293190900923482
MgCuSb,1.1705489130434783,1,1.1705489130434783
NaAgO,0.5411026645680541,1,1.8480781291259576
NaBeP,1.0,1,1.0
NaSrSb,1.836842105263158,1,1.836842105263158
NaYGe,1.0,1,1.0
NbCoGe,1.2978833247289623,1,1.2978833247289623
NbCoSi,1.5563761693746923,1,1.5563761693746923
NbCoSn,1.256811111674493,2,1.256811111674493
NbFeAs,1.1945945945945946,1,1.1945945945945946
NbFeBi,1.0728070175438595,1,1.0728070175438595
NbFeP,0.5214678899082569,1,1.9176636171710064
NbFeSb,1.169685172816831,2,1.169685172816831
NbGeRh,0.8579738245273874,1,1.1655367231638418
NbInPt,0.9879090909090908,1,1.0122388883776572
NbSbRu,1.2867345725118746,2,1.2867345725118746
NbSiRh,2.119607843137255,1,2.119607843137255
NbSnRh,1.5877016129032258,1,1.5877016129032258
NdBiPd,0.7774695226491696,1,1.2862240523494406
ScBiPd,1.7008547008547008,1,1.7008547008547008
ScCoSe,1.0562666666666667,1,1.0562666666666667
ScCoTe,1.6083179445926044,1,1.6083179445926044
ScGeAu,0.6276419583155747,1,1.5932650562172994
ScNiAs,0.9136315789473685,1,1.0945330952243792
ScNiBi,0.6883249568193375,1,1.4528021831735891
ScNiP,2.455849056603774,1,2.455849056603774
ScNiSb,0.9444866219139587,1,1.0587762460558159
ScSbPd,0.5373613369467028,1,1.8609451987781978
ScSbPt,0.7486498196966466,1,1.3357379828197924
ScSnAu,0.6194990142888267,1,1.6142075724656015
ScTeRh,0.9034375915006039,1,1.1068833192329386
SrCdSi,1.0,1,1.0
SrLiBi,0.5789473684210527,1,1.7272727272727273
SrTePd,1.5649241146711634,1,1.5649241146711634
TaCoGe,1.6942469295410472,1,1.6942469295410472
TaCoSi,1.6037697441455068,2,1.6037697441455068
TaCoSn,1.42152466367713,1,1.42152466367713
TaFeAs,1.662037037037037,1,1.662037037037037
TaFeSb,1.0007472078024224,1,1.0007472078024224
TaGaPt,1.0812603648424544,1,1.0812603648424544
TaGeRh,0.9091988130563797,1,1.0998694516971281
TaSbOs,1.0912778904665315,1,1.0912778904665315
TaSbRu,1.1825220618545305,2,1.1825220618545305
TaSnRh,1.2117493587492776,2,1.2117493587492776
TaTlPt,1.3996922129886118,1,1.3996922129886118
TbNiSb,0.8721336131479861,1,1.1466132997563037
TbPbAu,0.8352699386503069,1,1.1972177540782523
TbSbPt,1.1008430458430458,1,1.1008430458430458
ThNiSn,1.0475686438009988,1,1.0475686438009988
ThSbRh,1.1670485504715333,1,1.1670485504715333
ThSnPt,1.007002877274066,1,1.007002877274066
TiAsRh,0.7871004566210046,1,1.2704858593183466
TiCoSb,1.1754452052181823,2,1.1754452052181823
TiCuB,1.0486046900146517,1,1.0486046900146517
TiFeSe,0.9833132479797754,1,1.0169699249496615
TiFeTe,1.2325989851795964,2,1.2325989851795964
TiGePt,0.8428927680798005,1,1.1863905325443787
TiNiGe,1.5094722598105548,1,1.5094722598105548
TiNiPb,0.9219195142834903,1,1.084693386468984
TiNiSb,2.2823434065934065,1,2.2823434065934065
TiNiSn,0.9605263157894737,4,1.0410958904109588
TiPIr,0.9910766423357664,1,1.009003700907735
TiSbRh,1.180887372013652,1,1.180887372013652
TiSiPt,0.7509787788236882,1,1.331595549965302
TiSnPt,0.5470482767192266,1,1.8279922313204755
TiTeOs,1.1601089296142146,1,1.1601089296142146
TiTeRu,1.1684742279447276,1,1.1684742279447276
UNiSn,0.4616399253731343,1,2.166190455021238
USnPt,0.19353604436229202,1,5.16699617011929
VAsRu,1.182241379310345,1,1.182241379310345
VCoGe,1.3468033775633292,1,1.3468033775633292
VCoSn,0.8398230088495575,1,1.1907270811380402
VFeAs,1.031858407079646,1,1.031858407079646
VFeSb,0.9671641791044776,3,1.0339506172839505
VSbRu,1.4427083184767802,2,1.4427083184767802
VSiRh,0.8437611012433393,1,1.1851695918743257
VSnRh,1.55339313177028,1,1.55339313177028
YAsPd,1.0,1,1.0
YBiPd,1.0426674528301887,1,1.0426674528301887
YBiPt,1.340997830802603,1,1.340997830802603
YNiBi,0.8676586970592749,1,1.1525269133926332
YNiP,5.119610416304331,1,5.119610416304331
YNiSb,0.9953564175467101,1,1.0046652459073255
YPbAu,0.8615457317073172,1,1.1607044910063093
YSbPt,1.7878745402484757,1,1.7878745402484757
ZrAsIr,1.5586279505280916,1,1.5586279505280916
ZrAsRh,0.9724896836313619,1,1.0282885431400282
ZrCoAs,1.2121212121212122,1,1.2121212121212122
ZrCoBi,0.6598766579987867,1,1.5154347223505498
ZrCoSb,1.4597247809784049,2,1.4597247809784049
ZrCuB,1.729241985800388,1,1.729241985800388
ZrFeSe,1.4079617503378026,1,1.4079617503378026
ZrFeTe,1.1366332796052165,1,1.1366332796052165
ZrInAu,0.8427593590853732,1,1.1865783384301734
ZrNiGe,1.3894230769230769,1,1.3894230769230769
ZrNiPb,1.0,1,1.0
ZrNiSn,1.225346485748322,2,1.225346485748322
ZrSbRh,1.2466116458901033,2,1.2466116458901033
ZrSbRu,2.0123005952380955,1,2.0123005952380955
ZrSiPt,1.4368532955350817,1,1.4368532955350817
ZrSnPd,0.6896866767721448,1,1.4499337651122626
ZrSnPt,1.0253493875096418,1,1.0253493875096418
ZrTeRu,1.4851485148514851,1,1.4851485148514851
