compound,measured_slope,predicted_slope
AlNiSb,-0.9264066562030494,-0.26739648904061225
AlVNi,-0.8556450574765821,-0.18466039706339896
BaAgSb,-1.163051974142924,-0.08108375450959107
DyNiSb,-0.5849284784227915,0.2367086032801352
DySbPt,-0.01576388437698276,-0.10329013396182322
ErBiPd,-0.10381115971951078,0.4186573597337874
ErNiSb,-0.4364661836919771,0.06641194272284004
GdBiPd,0.01746789502360292,0.13086727401501785
HfCoSb,-0.638253499770506,-0.13979835063109491
HfNiSn,-0.4230839595600452,-0.1584535052037554
HfSnPt,-0.7785800382225904,0.33462486136811315
LaBiPd,-0.30813208621700217,0.3625893933063694
LaSbPd,-0.3947864643371714,0.3578807200081927
LuNiSb,-0.4346109553732811,0.11959604496129393
LuSbPt,-0.10105076253980098,0.2608953675588596
NbCoSb,-0.5646367273329863,-0.25503740111075185
NbCoSn,-0.47778944352220387,-0.15296387902733588
NbFeSb,-0.931078439406682,-0.13396286593203738
ScNiSb,-0.5086878471082679,0.1306374874164496
TaCoSn,-0.46229638399907236,-0.051805335069629206
TaFeSb,-0.62877536008332,0.031178705583933517
TbSbPt,0.0874804397638552,-0.11377718789293709
TiNiSn,-0.21066830868897368,-0.2439774007843243
TiSnPt,-0.8249481824661363,-0.004195838018871227
TmNiSb,-0.33383589183342555,0.10531342632981755
VCoSb,-0.031063306547695884,-0.06693610031528498
VCoSn,-4.783096642248501,-0.1379598295316744
VFeSb,-0.43854352363907784,-0.20318332325237068
VNiSn,-0.5932755219154097,-0.167109401633142
YNiBi,0.4782509734924382,-0.1038032996736617
ZrCoBi,-0.712254856121342,-0.009856864706191943
ZrCoSb,-0.8186848729091137,-0.1686799984524624
ZrNiPb,-0.2856749565169408,0.07437999957352927
ZrNiSn,-0.5058290106791065,-0.2507163810745544
ZrSbIr,-1.362140161353148,0.6414764485455304
ZrSnPt,-0.750803375222339,-0.005801230765050233
