formula,kappa_L,kappa_units,temperature_K,method,method_tier,tier_name,weight,kappa_basis,struct_a_A,struct_spacegroup,struct_sg_symbol,struct_prototype,struct_site_ordering,struct_species,struct_frac_coords,struct_grade,lattice_convention,source,source_doi,source_url,source_location,struct_source,struct_source_url,struct_source_detail,struct_id,struct_same_paper_as_kappa,stoichiometry,parent_formula,file,reason,formula_raw,spacegroup,a_A
NbCoSn,13.25,W/m/K,300.0,experimental,0,experimental,1.0,,5.97,216.0,F-43m,C1b,Nb/Sn/Co,"[""Nb"", ""Sn"", ""Co""]","[[0, 0, 0], [0.5, 0.5, 0.5], [0.25, 0.25, 0.25]]",A,conventional,"paper mining (PDF, batch 2)",arxiv:2604.00775v1,,page 1,Sci.Rep. 11:13809 (2021) Table S1,https://www.nature.com/articles/s41598-021-92030-4#MOESM1,"Table S1 (DFT-optimized lattice parameter + lowest-energy site assignment), same table as kappa",mp-1094088,True,stoichiometric,NbCoSn,data/Target_Materials/HEUSLER_KAPPA_TRAINING_SET.csv,first-principles paper; NbCoSn value quoted from the literature (p. 1),,,
TiNiSn,8.0,W/m/K,300.0,experimental,0,experimental,1.0,,5.865993,216.0,F-43m,half-Heusler (C1b / MgAgAs),,"[""Ti"", ""Ti"", ""Ti"", ""Ti"", ""Ni"", ""Ni"", ""Ni"", ""Ni"", ""Sn"", ""Sn"", ""Sn"", ""Sn""]","[[0.5, 0.0, 0.0], [0.5, 0.5, 0.5], [0.0, 0.0, 0.5], [0.0, 0.5, 0.0], [0.25, 0.25, 0.75], [0.25, 0.75, 0.25], [0.75, 0.25, 0.25], [0.75, 0.75, 0.75], [0.0, 0.0, 0.0], [0.0, 0.5, 0.5], [0.5, 0.0, 0.5], [0.5, 0.5, 0.0]]",A,primitive->conventional (x sqrt2),"paper mining (PDF, batch 2)",10.1016/j.jallcom.2016.06.263,,page 2,PhononDB (Togo/NIMS MDR),https://mdr.nims.go.jp/datasets/02fa4c75-ed5f-4897-b727-67d05b922c4a,"LTC-calc.log unit cell (PBEsol-relaxed), same file as kappa",mp-924130,True,stoichiometric,TiNiSn,data/Target_Materials/HEUSLER_KAPPA_TRAINING_SET.csv,first-principles paper; TiNiSn value quoted (p. 2),,,
VFeSb,12.1,W/m/K,300.0,experimental,0,experimental,1.0,,5.716091,216.0,F-43m,half-Heusler (C1b / MgAgAs),,"[""V"", ""V"", ""V"", ""V"", ""Fe"", ""Fe"", ""Fe"", ""Fe"", ""Sb"", ""Sb"", ""Sb"", ""Sb""]","[[0.0, 0.0, 0.0], [0.0, 0.5, 0.5], [0.5, 0.0, 0.5], [0.5, 0.5, 0.0], [0.25, 0.75, 0.75], [0.25, 0.25, 0.25], [0.75, 0.75, 0.25], [0.75, 0.25, 0.75], [0.5, 0.0, 0.0], [0.5, 0.5, 0.5], [0.0, 0.0, 0.5], [0.0, 0.5, 0.0]]",A,primitive->conventional (x sqrt2),"paper mining (PDF, batch 2)",10.1088/1361-648x/abcc0f,,page 7,PhononDB (Togo/NIMS MDR),https://mdr.nims.go.jp/datasets/c8aa5222-79ee-4d0d-9567-7c44d1c7814c,"LTC-calc.log unit cell (PBEsol-relaxed), same file as kappa",mp-567636,True,stoichiometric,VFeSb,data/Target_Materials/HEUSLER_KAPPA_TRAINING_SET.csv,first-principles paper; VFeSb values quoted (p. 7),,,
VFeSb,7.0,W/m/K,700.0,experimental,0,experimental,1.0,,5.716091,216.0,F-43m,half-Heusler (C1b / MgAgAs),,"[""V"", ""V"", ""V"", ""V"", ""Fe"", ""Fe"", ""Fe"", ""Fe"", ""Sb"", ""Sb"", ""Sb"", ""Sb""]","[[0.0, 0.0, 0.0], [0.0, 0.5, 0.5], [0.5, 0.0, 0.5], [0.5, 0.5, 0.0], [0.25, 0.75, 0.75], [0.25, 0.25, 0.25], [0.75, 0.75, 0.25], [0.75, 0.25, 0.75], [0.5, 0.0, 0.0], [0.5, 0.5, 0.5], [0.0, 0.0, 0.5], [0.0, 0.5, 0.0]]",A,primitive->conventional (x sqrt2),"paper mining (PDF, batch 2)",10.1088/1361-648x/abcc0f,,page 7,PhononDB (Togo/NIMS MDR),https://mdr.nims.go.jp/datasets/c8aa5222-79ee-4d0d-9567-7c44d1c7814c,"LTC-calc.log unit cell (PBEsol-relaxed), same file as kappa",mp-567636,True,stoichiometric,VFeSb,data/Target_Materials/HEUSLER_KAPPA_TRAINING_SET.csv,first-principles paper; VFeSb values quoted (p. 7),,,
ZrCoSb,11.5,W/m/K,300.0,Experimental,0,experimental,1.0,,6.105,216.0,F-43m,T0003.CAB,,"[""Co"", ""Sb"", ""Zr""]","[[0.75, 0.75, 0.75], [0, 0, 0], [0.5, 0.5, 0.5]]",A,primitive->conventional (x sqrt2),"paper mining (PDF, batch 2)",10.1021/acsami.1c15955,,Table 1,Carrete PRX 4:011019 (2014),https://doi.org/10.1103/PhysRevX.4.011019,AFLOW aflow:be258713e260b2e9 (aflowlib.duke.edu:AFLOWDATA/LIB3_WEB/CoSbZr_sv/T0003.CAB) - lowest-enthalpy F-43m 3-atom entry; AFLOW is the structure source used by Carrete et al.,"Carrete et al. PRX 4, 011019 (2014), Table III, compound CoSbZr",True,stoichiometric,ZrCoSb,data/Target_Materials/HEUSLER_KAPPA_TRAINING_SET.csv,Table 1 experimental column carries citations 34-36,,,
ZrCoSb,11.5,W/m/K,300.0,Experimental,0,experimental,1.0,,6.105,216.0,F-43m,T0003.CAB,,"[""Co"", ""Sb"", ""Zr""]","[[0.75, 0.75, 0.75], [0, 0, 0], [0.5, 0.5, 0.5]]",A,primitive->conventional (x sqrt2),"paper mining (PDF, batch 2)",arxiv:2111.00186v1,,Table 1,Carrete PRX 4:011019 (2014),https://doi.org/10.1103/PhysRevX.4.011019,AFLOW aflow:be258713e260b2e9 (aflowlib.duke.edu:AFLOWDATA/LIB3_WEB/CoSbZr_sv/T0003.CAB) - lowest-enthalpy F-43m 3-atom entry; AFLOW is the structure source used by Carrete et al.,"Carrete et al. PRX 4, 011019 (2014), Table III, compound CoSbZr",True,stoichiometric,ZrCoSb,data/Target_Materials/HEUSLER_KAPPA_TRAINING_SET.csv,preprint of 10.1021/acsami.1c15955; same Table 1 quotes,,,
ZrCoSb,25.0,W/m/K,300.0,Experimental,0,experimental,1.0,,6.105,216.0,F-43m,T0003.CAB,,"[""Co"", ""Sb"", ""Zr""]","[[0.75, 0.75, 0.75], [0, 0, 0], [0.5, 0.5, 0.5]]",A,primitive->conventional (x sqrt2),"paper mining (PDF, batch 2)",arxiv:2111.00186v1,,Table 1,Carrete PRX 4:011019 (2014),https://doi.org/10.1103/PhysRevX.4.011019,AFLOW aflow:be258713e260b2e9 (aflowlib.duke.edu:AFLOWDATA/LIB3_WEB/CoSbZr_sv/T0003.CAB) - lowest-enthalpy F-43m 3-atom entry; AFLOW is the structure source used by Carrete et al.,"Carrete et al. PRX 4, 011019 (2014), Table III, compound CoSbZr",True,stoichiometric,ZrCoSb,data/Target_Materials/HEUSLER_KAPPA_TRAINING_SET.csv,preprint of 10.1021/acsami.1c15955; same Table 1 quotes,,,
ZrNiSn,6.2,W/m/K,300.0,Experimental,0,experimental,1.0,,6.066303,216.0,F-43m,half-Heusler (C1b / MgAgAs),,"[""Zr"", ""Zr"", ""Zr"", ""Zr"", ""Ni"", ""Ni"", ""Ni"", ""Ni"", ""Sn"", ""Sn"", ""Sn"", ""Sn""]","[[0.0, 0.0, 0.0], [0.0, 0.5, 0.5], [0.5, 0.0, 0.5], [0.5, 0.5, 0.0], [0.25, 0.75, 0.75], [0.25, 0.25, 0.25], [0.75, 0.75, 0.25], [0.75, 0.25, 0.75], [0.5, 0.0, 0.0], [0.5, 0.5, 0.5], [0.0, 0.0, 0.5], [0.0, 0.5, 0.0]]",A,primitive->conventional (x sqrt2),"paper mining (PDF, batch 2)",10.1021/acsami.1c15955,,Table 1,PhononDB (Togo/NIMS MDR),https://mdr.nims.go.jp/datasets/a0b4db6a-be3a-480a-8ec3-fa64481cc7df,"LTC-calc.log unit cell (PBEsol-relaxed), same file as kappa",mp-924129,True,stoichiometric,ZrNiSn,data/Target_Materials/HEUSLER_KAPPA_TRAINING_SET.csv,Table 1 experimental column carries citations 34-36,,,
ZrNiSn,4.5,W/m/K,300.0,Experimental,0,experimental,1.0,,6.066303,216.0,F-43m,half-Heusler (C1b / MgAgAs),,"[""Zr"", ""Zr"", ""Zr"", ""Zr"", ""Ni"", ""Ni"", ""Ni"", ""Ni"", ""Sn"", ""Sn"", ""Sn"", ""Sn""]","[[0.0, 0.0, 0.0], [0.0, 0.5, 0.5], [0.5, 0.0, 0.5], [0.5, 0.5, 0.0], [0.25, 0.75, 0.75], [0.25, 0.25, 0.25], [0.75, 0.75, 0.25], [0.75, 0.25, 0.75], [0.5, 0.0, 0.0], [0.5, 0.5, 0.5], [0.0, 0.0, 0.5], [0.0, 0.5, 0.0]]",A,primitive->conventional (x sqrt2),"paper mining (PDF, batch 2)",10.1021/acsami.1c15955,,Table 1,PhononDB (Togo/NIMS MDR),https://mdr.nims.go.jp/datasets/a0b4db6a-be3a-480a-8ec3-fa64481cc7df,"LTC-calc.log unit cell (PBEsol-relaxed), same file as kappa",mp-924129,True,stoichiometric,ZrNiSn,data/Target_Materials/HEUSLER_KAPPA_TRAINING_SET.csv,Table 1 experimental column carries citations 34-36,,,
ZrNiSn,6.2,W/m/K,300.0,Experimental,0,experimental,1.0,,6.066303,216.0,F-43m,half-Heusler (C1b / MgAgAs),,"[""Zr"", ""Zr"", ""Zr"", ""Zr"", ""Ni"", ""Ni"", ""Ni"", ""Ni"", ""Sn"", ""Sn"", ""Sn"", ""Sn""]","[[0.0, 0.0, 0.0], [0.0, 0.5, 0.5], [0.5, 0.0, 0.5], [0.5, 0.5, 0.0], [0.25, 0.75, 0.75], [0.25, 0.25, 0.25], [0.75, 0.75, 0.25], [0.75, 0.25, 0.75], [0.5, 0.0, 0.0], [0.5, 0.5, 0.5], [0.0, 0.0, 0.5], [0.0, 0.5, 0.0]]",A,primitive->conventional (x sqrt2),"paper mining (PDF, batch 2)",arxiv:2111.00186v1,,Table 1,PhononDB (Togo/NIMS MDR),https://mdr.nims.go.jp/datasets/a0b4db6a-be3a-480a-8ec3-fa64481cc7df,"LTC-calc.log unit cell (PBEsol-relaxed), same file as kappa",mp-924129,True,stoichiometric,ZrNiSn,data/Target_Materials/HEUSLER_KAPPA_TRAINING_SET.csv,preprint of 10.1021/acsami.1c15955; same Table 1 quotes,,,
ZrNiSn,4.5,W/m/K,300.0,Experimental,0,experimental,1.0,,6.066303,216.0,F-43m,half-Heusler (C1b / MgAgAs),,"[""Zr"", ""Zr"", ""Zr"", ""Zr"", ""Ni"", ""Ni"", ""Ni"", ""Ni"", ""Sn"", ""Sn"", ""Sn"", ""Sn""]","[[0.0, 0.0, 0.0], [0.0, 0.5, 0.5], [0.5, 0.0, 0.5], [0.5, 0.5, 0.0], [0.25, 0.75, 0.75], [0.25, 0.25, 0.25], [0.75, 0.75, 0.25], [0.75, 0.25, 0.75], [0.5, 0.0, 0.0], [0.5, 0.5, 0.5], [0.0, 0.0, 0.5], [0.0, 0.5, 0.0]]",A,primitive->conventional (x sqrt2),"paper mining (PDF, batch 2)",arxiv:2111.00186v1,,Table 1,PhononDB (Togo/NIMS MDR),https://mdr.nims.go.jp/datasets/a0b4db6a-be3a-480a-8ec3-fa64481cc7df,"LTC-calc.log unit cell (PBEsol-relaxed), same file as kappa",mp-924129,True,stoichiometric,ZrNiSn,data/Target_Materials/HEUSLER_KAPPA_TRAINING_SET.csv,preprint of 10.1021/acsami.1c15955; same Table 1 quotes,,,
TiNiSn,8.0,,300.0,experimental,0,experimental,1.0,,,,,,,,,,,"paper mining (PDF, batch 2)",10.1016/j.jallcom.2016.06.263,,page 2,,,,,,,,data/external/KAPPA_POOL_MASTER.csv,first-principles paper; TiNiSn value quoted (p. 2),NiTiSn,F-43m,
ZrCoSb,11.5,,300.0,Experimental,0,experimental,1.0,,,,,,,,,,,"paper mining (PDF, batch 2)",10.1021/acsami.1c15955,,Table 1,,,,,,,,data/external/KAPPA_POOL_MASTER.csv,Table 1 experimental column carries citations 34-36,ZrCoSb,,
ZrNiSn,6.2,,300.0,Experimental,0,experimental,1.0,,,,,,,,,,,"paper mining (PDF, batch 2)",10.1021/acsami.1c15955,,Table 1,,,,,,,,data/external/KAPPA_POOL_MASTER.csv,Table 1 experimental column carries citations 34-36,ZrNiSn,,
ZrNiSn,4.5,,300.0,Experimental,0,experimental,1.0,,,,,,,,,,,"paper mining (PDF, batch 2)",10.1021/acsami.1c15955,,Table 1,,,,,,,,data/external/KAPPA_POOL_MASTER.csv,Table 1 experimental column carries citations 34-36,ZrNiSn,,
VFeSb,12.1,,300.0,experimental,0,experimental,1.0,,,,,,,,,,,"paper mining (PDF, batch 2)",10.1088/1361-648x/abcc0f,,page 7,,,,,,,,data/external/KAPPA_POOL_MASTER.csv,first-principles paper; VFeSb values quoted (p. 7),FeVSb,,
VFeSb,7.0,,700.0,experimental,0,experimental,1.0,,,,,,,,,,,"paper mining (PDF, batch 2)",10.1088/1361-648x/abcc0f,,page 7,,,,,,,,data/external/KAPPA_POOL_MASTER.csv,first-principles paper; VFeSb values quoted (p. 7),FeVSb,,
ZrCoSb,11.5,,300.0,Experimental,0,experimental,1.0,,,,,,,,,,,"paper mining (PDF, batch 2)",arxiv:2111.00186v1,,Table 1,,,,,,,,data/external/KAPPA_POOL_MASTER.csv,preprint of 10.1021/acsami.1c15955; same Table 1 quotes,ZrCoSb,,
ZrCoSb,25.0,,300.0,Experimental,0,experimental,1.0,,,,,,,,,,,"paper mining (PDF, batch 2)",arxiv:2111.00186v1,,Table 1,,,,,,,,data/external/KAPPA_POOL_MASTER.csv,preprint of 10.1021/acsami.1c15955; same Table 1 quotes,ZrCoSb,,
ZrNiSn,6.2,,300.0,Experimental,0,experimental,1.0,,,,,,,,,,,"paper mining (PDF, batch 2)",arxiv:2111.00186v1,,Table 1,,,,,,,,data/external/KAPPA_POOL_MASTER.csv,preprint of 10.1021/acsami.1c15955; same Table 1 quotes,ZrNiSn,,
ZrNiSn,4.5,,300.0,Experimental,0,experimental,1.0,,,,,,,,,,,"paper mining (PDF, batch 2)",arxiv:2111.00186v1,,Table 1,,,,,,,,data/external/KAPPA_POOL_MASTER.csv,preprint of 10.1021/acsami.1c15955; same Table 1 quotes,ZrNiSn,,
NbCoSn,13.25,,300.0,experimental,0,experimental,1.0,,,,,,,,,,,"paper mining (PDF, batch 2)",arxiv:2604.00775v1,,page 1,,,,,,,,data/external/KAPPA_POOL_MASTER.csv,first-principles paper; NbCoSn value quoted from the literature (p. 1),NbCoSn,,
TiCoSb,20.0,W/m/K,300.0,experimental,0,experimental,1.0,,5.816625,216.0,F-43m,half-Heusler (C1b / MgAgAs),,"[""Ti"", ""Ti"", ""Ti"", ""Ti"", ""Co"", ""Co"", ""Co"", ""Co"", ""Sb"", ""Sb"", ""Sb"", ""Sb""]","[[0.0, 0.0, 0.0], [0.0, 0.5, 0.5], [0.5, 0.0, 0.5], [0.5, 0.5, 0.0], [0.25, 0.75, 0.75], [0.25, 0.25, 0.25], [0.75, 0.75, 0.25], [0.75, 0.25, 0.75], [0.5, 0.0, 0.0], [0.5, 0.5, 0.5], [0.0, 0.0, 0.5], [0.0, 0.5, 0.0]]",A,primitive->conventional (x sqrt2),"paper mining (PDF, batch 2)",10.1016/j.jallcom.2024.178078,,page 1,PhononDB (Togo/NIMS MDR),https://mdr.nims.go.jp/datasets/91b0cbde-c115-4664-8ad8-7bf7ace3137f,"LTC-calc.log unit cell (PBEsol-relaxed), same file as kappa",mp-5967,True,stoichiometric,TiCoSb,data/Target_Materials/HEUSLER_KAPPA_TRAINING_SET.csv,"(Sc,V)CoSb paper; p. 1 'TiCoSb (~20 W m-1 K-1) [19,34]' -- TiCoSb 20.0 is a cited value, not its own sample",,,
TiNiSn,9.292653,W/m/K,299.572,"experimental, lattice thermal conductivity as published",0,experimental,1.0,reported_lattice,5.865993,216.0,F-43m,half-Heusler (C1b / MgAgAs),,"[""Ti"", ""Ti"", ""Ti"", ""Ti"", ""Ni"", ""Ni"", ""Ni"", ""Ni"", ""Sn"", ""Sn"", ""Sn"", ""Sn""]","[[0.5, 0.0, 0.0], [0.5, 0.5, 0.5], [0.0, 0.0, 0.5], [0.0, 0.5, 0.0], [0.25, 0.25, 0.75], [0.25, 0.75, 0.25], [0.75, 0.25, 0.25], [0.75, 0.75, 0.75], [0.0, 0.0, 0.0], [0.0, 0.5, 0.5], [0.5, 0.0, 0.5], [0.5, 0.5, 0.0]]",A,primitive->conventional (x sqrt2),Starrydata (experimental),10.1021/acs.chemmater.8b01096,https://doi.org/10.1021/acs.chemmater.8b01096,Starrydata all_curves.csv (release 'latest'),PhononDB (Togo/NIMS MDR),https://mdr.nims.go.jp/datasets/02fa4c75-ed5f-4897-b727-67d05b922c4a,"LTC-calc.log unit cell (PBEsol-relaxed), same file as kappa",mp-924130,True,stoichiometric,TiNiSn,data/Target_Materials/HEUSLER_KAPPA_TRAINING_SET.csv,DFT quaternary-Heusler design paper; Fig. 5 caption: 'The experimental (Exp.) ... values of lattice thermal conductivity of NiTiSn are shown for reference' -- digitised literature curve,,,
TiNiSn,8.0,W/m/K,300.0,experimental,0,experimental,1.0,,5.865993,216.0,F-43m,half-Heusler (C1b / MgAgAs),,"[""Ti"", ""Ti"", ""Ti"", ""Ti"", ""Ni"", ""Ni"", ""Ni"", ""Ni"", ""Sn"", ""Sn"", ""Sn"", ""Sn""]","[[0.5, 0.0, 0.0], [0.5, 0.5, 0.5], [0.0, 0.0, 0.5], [0.0, 0.5, 0.0], [0.25, 0.25, 0.75], [0.25, 0.75, 0.25], [0.75, 0.25, 0.25], [0.75, 0.75, 0.75], [0.0, 0.0, 0.0], [0.0, 0.5, 0.5], [0.5, 0.0, 0.5], [0.5, 0.5, 0.0]]",A,primitive->conventional (x sqrt2),"paper mining (PDF, batch 2)",10.1063/1.4939887,,page 5,PhononDB (Togo/NIMS MDR),https://mdr.nims.go.jp/datasets/02fa4c75-ed5f-4897-b727-67d05b922c4a,"LTC-calc.log unit cell (PBEsol-relaxed), same file as kappa",mp-924130,True,stoichiometric,TiNiSn,data/Target_Materials/HEUSLER_KAPPA_TRAINING_SET.csv,DFT paper on MPtBi; p. 5 'it was experimentally reported that half-Heusler TiNiSn has a high kl of 8 W/m K' -- TiNiSn 8.0 is a quote,,,
AlVFe2,15.0,W/m/K,300.0,Exp,0,experimental,1.0,,5.65709,225.0,Fm-3m,full_Heusler_L21,,"[""Al"", ""V"", ""Fe"", ""Fe""]","[[0.0, 0.0, 0.0], [0.5, 0.5, 0.5], [0.25, 0.25, 0.25], [0.75, 0.75, 0.75]]",A,conventional,"paper mining (PDF, batch 2)",10.31349/revmexfis.67.060501,,Table IV,Materials Project,https://next-gen.materialsproject.org/materials/mp-5778,"Materials Project (OPTIMADE, keyless)",mp-5778,False,stoichiometric,AlVFe2,data/Target_Materials/HEUSLER_KAPPA_TRAINING_SET.csv,"first-principles Ba2AgZ paper; its comparison table quotes Fe2VAl 'Exp' values with citations ([8], [10])",,,
TiCoSb,20.0,,300.0,experimental,0,experimental,1.0,,,,,,,,,,,"paper mining (PDF, batch 2)",10.1016/j.jallcom.2024.178078,,page 1,,,,,,,,data/external/KAPPA_POOL_MASTER.csv,"(Sc,V)CoSb paper; p. 1 'TiCoSb (~20 W m-1 K-1) [19,34]' -- TiCoSb 20.0 is a cited value, not its own sample",TiCoSb,,
TiNiSn,8.0,,300.0,experimental,0,experimental,1.0,,,,,,,,,,,"paper mining (PDF, batch 2)",10.1063/1.4939887,,page 5,,,,,,,,data/external/KAPPA_POOL_MASTER.csv,DFT paper on MPtBi; p. 5 'it was experimentally reported that half-Heusler TiNiSn has a high kl of 8 W/m K' -- TiNiSn 8.0 is a quote,TiNiSn,,
AlVFe2,15.0,,300.0,Exp,0,experimental,1.0,,,,,,,,,,,"paper mining (PDF, batch 2)",10.31349/revmexfis.67.060501,,Table IV,,,,,,,,data/external/KAPPA_POOL_MASTER.csv,"first-principles Ba2AgZ paper; its comparison table quotes Fe2VAl 'Exp' values with citations ([8], [10])",Fe2VAl,,
TiNiSn,9.292653,,299.572,"experimental, lattice thermal conductivity as published",0,experimental,1.0,reported_lattice,,,,,,,,,,Starrydata (experimental),10.1021/acs.chemmater.8b01096,https://doi.org/10.1021/acs.chemmater.8b01096,Starrydata all_curves.csv (release 'latest'),,,,,,,,data/external/KAPPA_POOL_MASTER.csv,DFT quaternary-Heusler design paper; Fig. 5 caption: 'The experimental (Exp.) ... values of lattice thermal conductivity of NiTiSn are shown for reference' -- digitised literature curve,TiNiSn,,
