compound,family,x_site,quoted_at_K,c_used,c_basis,calibration_form,cap_K,transfer_factor,kappa_BTE_quoted,kappa_pred_quoted,kappa_BTE_300,kappa_pred_300,lo50,hi50,lo90,hi90,band_at_K,n_bte_rows,n_sources,source_spread,status,caveat,unlocked_by
NdNiBi,Ni-Bi,Nd,300,0.42,global (family has no measured member),GLOBAL,1036,0.42,5.25,2.21,5.25,2.21,1.36,3.57,0.77,6.28,300,1,1,1.0,CONDITIONAL,,"two sound measurements: a re-measurement of YNiBi below its bipolar onset plus one further Ni-Bi compound, or two new compounds"
PrNiBi,Ni-Bi,Pr,300,0.42,global (family has no measured member),GLOBAL,1036,0.42,5.28,2.22,5.28,2.22,1.37,3.59,0.78,6.32,300,2,2,1.36,CONDITIONAL,,"two sound measurements: a re-measurement of YNiBi below its bipolar onset plus one further Ni-Bi compound, or two new compounds"
GdNiBi,Ni-Bi,Gd,300,0.42,global (family has no measured member),GLOBAL,1036,0.42,8.12,3.41,8.12,3.41,2.11,5.52,1.2,9.72,300,1,1,1.0,CONDITIONAL,,"two sound measurements: a re-measurement of YNiBi below its bipolar onset plus one further Ni-Bi compound, or two new compounds"
TmNiBi,Ni-Bi,Tm,300,0.42,global (family has no measured member),GLOBAL,1036,0.42,8.22,3.45,8.22,3.45,2.13,5.59,1.21,9.83,300,2,2,1.32,CONDITIONAL,,"two sound measurements: a re-measurement of YNiBi below its bipolar onset plus one further Ni-Bi compound, or two new compounds"
SmNiBi,Ni-Bi,Sm,300,0.42,global (family has no measured member),GLOBAL,1036,0.42,8.49,3.57,8.49,3.57,2.2,5.78,1.25,10.17,300,1,1,1.0,CONDITIONAL,"FLAGGED: Sm can be di- or trivalent, so the VEC=18 assumption is unsafe","two sound measurements: a re-measurement of YNiBi below its bipolar onset plus one further Ni-Bi compound, or two new compounds"
LuNiBi,Ni-Bi,Lu,300,0.42,global (family has no measured member),GLOBAL,1036,0.42,9.83,4.13,9.83,4.13,2.55,6.69,1.45,11.77,300,1,1,1.0,CONDITIONAL,,"two sound measurements: a re-measurement of YNiBi below its bipolar onset plus one further Ni-Bi compound, or two new compounds"
TbNiBi,Ni-Bi,Tb,300,0.42,global (family has no measured member),GLOBAL,1036,0.42,9.88,4.15,9.88,4.15,2.56,6.72,1.46,11.83,300,2,2,1.31,CONDITIONAL,,"two sound measurements: a re-measurement of YNiBi below its bipolar onset plus one further Ni-Bi compound, or two new compounds"
ScNiBi,Ni-Bi,Sc,300,0.42,global (family has no measured member),GLOBAL,1036,0.42,10.91,4.58,10.91,4.58,2.83,7.43,1.61,13.06,300,3,2,1.41,CONDITIONAL,,"two sound measurements: a re-measurement of YNiBi below its bipolar onset plus one further Ni-Bi compound, or two new compounds"
ErNiBi,Ni-Bi,Er,300,0.42,global (family has no measured member),GLOBAL,1036,0.42,10.93,4.59,10.93,4.59,2.83,7.44,1.61,13.09,300,2,2,1.26,CONDITIONAL,,"two sound measurements: a re-measurement of YNiBi below its bipolar onset plus one further Ni-Bi compound, or two new compounds"
DyNiBi,Ni-Bi,Dy,300,0.42,global (family has no measured member),GLOBAL,1036,0.42,11.78,4.95,11.78,4.95,3.05,8.01,1.74,14.1,300,1,1,1.0,CONDITIONAL,,"two sound measurements: a re-measurement of YNiBi below its bipolar onset plus one further Ni-Bi compound, or two new compounds"
