compound,family,VEC,status,note,spacegroups,x_site,fam_verified,fam_err_pct,calibration_basis,family_c_spread,calc_spread_300K,n_bte_rows,n_bte_temps,n_src_300K,c_used,p_used,calibration_form,calibration_source,kappa_BTE_300,calibration_note,kappa_pred_300,kappa_BTE_600,kappa_pred_600,kappa_BTE_900,kappa_pred_900,quoted_at_K,kappa_BTE_quoted,kappa_pred_quoted,lo50,hi50,lo90,hi90,band_at_K,kappa_family_lo,kappa_family_hi,T_dependence,fam_measured_range,extrapolation_margin
LaSbPt,Sb-Pt,18,FLAGGED,EXTRAPOLATION -- predicted 1.05 W/m/K falls below the 2.1-3.8 W/m/K span of the 4 measured Sb-Pt compounds by a factor of 2.00; the family has never been observed there,[216],La,4,7.4,validated,1.0,1.0,2,2,1,0.61,0.7,SHAPE_NOCAP,Sb-Pt,1.72,,1.05,0.71,0.7,,,300,1.72,1.05,0.65,1.7,0.37,2.99,300,0.77,0.77,"SINGLE POINT -- 2 BTE temperature(s); the 600/900 K values carry the global exponent, not any compound-specific temperature dependence",2.1-3.8 (n=4),2.0
ScSbPt,Sb-Pt,18,FLAGGED,EXTRAPOLATION -- predicted 7.50 W/m/K falls above the 2.1-3.8 W/m/K span of the 4 measured Sb-Pt compounds by a factor of 1.97; the family has never been observed there,[216],Sc,4,7.4,validated,1.0,1.74,3,1,3,0.61,0.7,SHAPE_NOCAP,Sb-Pt,12.29,,7.5,,,,,300,12.29,7.5,4.63,12.15,2.63,21.38,300,5.53,5.53,"SINGLE POINT -- 1 BTE temperature(s); the 600/900 K values carry the global exponent, not any compound-specific temperature dependence",2.1-3.8 (n=4),1.97
DyBiPd,Bi-Pd,18,FLAGGED,FAMILY CALIBRATION FAILS -- Bi-Pd's own members are predicted to 25.3% held out (constants span 1.41x); a prediction from this constant carries that disagreement | EXTRAPOLATION -- predicted 6.58 W/m/K falls above the 3.2-3.5 W/m/K span of the 2 measured Bi-Pd compounds by a factor of 1.86; the family has never been observed there,[216],Dy,3,25.3,fails,1.41,1.0,1,1,1,0.95,0.7,SHAPE_NOCAP,Bi-Pd,6.93,,6.58,,,,,300,6.93,6.58,4.06,10.66,2.31,18.75,300,4.85,6.86,"SINGLE POINT -- 1 BTE temperature(s); the 600/900 K values carry the global exponent, not any compound-specific temperature dependence",3.2-3.5 (n=2),1.86
HoBiPd,Bi-Pd,18,FLAGGED,FAMILY CALIBRATION FAILS -- Bi-Pd's own members are predicted to 25.3% held out (constants span 1.41x); a prediction from this constant carries that disagreement | EXTRAPOLATION -- predicted 6.44 W/m/K falls above the 3.2-3.5 W/m/K span of the 2 measured Bi-Pd compounds by a factor of 1.82; the family has never been observed there,[216],Ho,3,25.3,fails,1.41,1.0,1,1,1,0.95,0.7,SHAPE_NOCAP,Bi-Pd,6.78,,6.44,,,,,300,6.78,6.44,3.98,10.43,2.26,18.35,300,4.75,6.71,"SINGLE POINT -- 1 BTE temperature(s); the 600/900 K values carry the global exponent, not any compound-specific temperature dependence",3.2-3.5 (n=2),1.82
LuBiPd,Bi-Pd,18,FLAGGED,FAMILY CALIBRATION FAILS -- Bi-Pd's own members are predicted to 25.3% held out (constants span 1.41x); a prediction from this constant carries that disagreement | EXTRAPOLATION -- predicted 5.46 W/m/K falls above the 3.2-3.5 W/m/K span of the 2 measured Bi-Pd compounds by a factor of 1.55; the family has never been observed there,[216],Lu,3,25.3,fails,1.41,1.0,1,1,1,0.95,0.7,SHAPE_NOCAP,Bi-Pd,5.75,,5.46,,,,,300,5.75,5.46,3.37,8.85,1.92,15.56,300,4.02,5.69,"SINGLE POINT -- 1 BTE temperature(s); the 600/900 K values carry the global exponent, not any compound-specific temperature dependence",3.2-3.5 (n=2),1.55
NdBiPd,Bi-Pd,18,FLAGGED,FAMILY CALIBRATION FAILS -- Bi-Pd's own members are predicted to 25.3% held out (constants span 1.41x); a prediction from this constant carries that disagreement | EXTRAPOLATION -- predicted 4.80 W/m/K falls above the 3.2-3.5 W/m/K span of the 2 measured Bi-Pd compounds by a factor of 1.36; the family has never been observed there,[216],Nd,3,25.3,fails,1.41,1.2,2,1,2,0.95,0.7,SHAPE_NOCAP,Bi-Pd,5.06,,4.8,,,,,300,5.06,4.8,2.96,7.78,1.68,13.68,300,3.54,5.0,"SINGLE POINT -- 1 BTE temperature(s); the 600/900 K values carry the global exponent, not any compound-specific temperature dependence",3.2-3.5 (n=2),1.36
PrBiPd,Bi-Pd,18,FLAGGED,"FAMILY CALIBRATION FAILS -- Bi-Pd's own members are predicted to 25.3% held out (constants span 1.41x); a prediction from this constant carries that disagreement | MARGINAL EXTRAPOLATION -- predicted 3.98 W/m/K falls above the 3.2-3.5 W/m/K span of the 2 measured Bi-Pd compounds by a factor of 1.13; that is within the 1.33x median disagreement between laboratories, so the boundary itself is not resolved at this precision",[216],Pr,3,25.3,fails,1.41,1.0,1,1,1,0.95,0.7,SHAPE_NOCAP,Bi-Pd,4.19,,3.98,,,,,300,4.19,3.98,2.46,6.45,1.4,11.34,300,2.93,4.15,"SINGLE POINT -- 1 BTE temperature(s); the 600/900 K values carry the global exponent, not any compound-specific temperature dependence",3.2-3.5 (n=2),1.13
ScBiPd,Bi-Pd,18,FLAGGED,FAMILY CALIBRATION FAILS -- Bi-Pd's own members are predicted to 25.3% held out (constants span 1.41x); a prediction from this constant carries that disagreement | EXTRAPOLATION -- predicted 5.56 W/m/K falls above the 3.2-3.5 W/m/K span of the 2 measured Bi-Pd compounds by a factor of 1.57; the family has never been observed there,[216],Sc,3,25.3,fails,1.41,1.0,2,2,1,0.95,0.7,SHAPE_NOCAP,Bi-Pd,5.85,,5.56,4.53,7.0,,,300,5.85,5.56,3.43,9.01,1.95,15.85,300,4.1,5.79,"SINGLE POINT -- 2 BTE temperature(s); the 600/900 K values carry the global exponent, not any compound-specific temperature dependence",3.2-3.5 (n=2),1.57
TbBiPd,Bi-Pd,18,FLAGGED,FAMILY CALIBRATION FAILS -- Bi-Pd's own members are predicted to 25.3% held out (constants span 1.41x); a prediction from this constant carries that disagreement | EXTRAPOLATION -- predicted 6.58 W/m/K falls above the 3.2-3.5 W/m/K span of the 2 measured Bi-Pd compounds by a factor of 1.86; the family has never been observed there,[216],Tb,3,25.3,fails,1.41,1.0,1,1,1,0.95,0.7,SHAPE_NOCAP,Bi-Pd,6.93,,6.58,,,,,300,6.93,6.58,4.06,10.66,2.31,18.75,300,4.85,6.86,"SINGLE POINT -- 1 BTE temperature(s); the 600/900 K values carry the global exponent, not any compound-specific temperature dependence",3.2-3.5 (n=2),1.86
TmBiPd,Bi-Pd,18,FLAGGED,FAMILY CALIBRATION FAILS -- Bi-Pd's own members are predicted to 25.3% held out (constants span 1.41x); a prediction from this constant carries that disagreement | EXTRAPOLATION -- predicted 5.97 W/m/K falls above the 3.2-3.5 W/m/K span of the 2 measured Bi-Pd compounds by a factor of 1.69; the family has never been observed there,[216],Tm,3,25.3,fails,1.41,1.0,1,1,1,0.95,0.7,SHAPE_NOCAP,Bi-Pd,6.28,,5.97,,,,,300,6.28,5.97,3.69,9.67,2.09,17.01,300,4.4,6.22,"SINGLE POINT -- 1 BTE temperature(s); the 600/900 K values carry the global exponent, not any compound-specific temperature dependence",3.2-3.5 (n=2),1.69
YBiPd,Bi-Pd,18,FLAGGED,"FAMILY CALIBRATION FAILS -- Bi-Pd's own members are predicted to 25.3% held out (constants span 1.41x); a prediction from this constant carries that disagreement | MARGINAL EXTRAPOLATION -- predicted 4.03 W/m/K falls above the 3.2-3.5 W/m/K span of the 2 measured Bi-Pd compounds by a factor of 1.14; that is within the 1.33x median disagreement between laboratories, so the boundary itself is not resolved at this precision",[216],Y,3,25.3,fails,1.41,1.0,1,1,1,0.95,0.7,SHAPE_NOCAP,Bi-Pd,4.24,,4.03,,,,,300,4.24,4.03,2.49,6.53,1.41,11.49,300,2.97,4.2,"SINGLE POINT -- 1 BTE temperature(s); the 600/900 K values carry the global exponent, not any compound-specific temperature dependence",3.2-3.5 (n=2),1.14
HfSbIr,Sb-Ir,18,FLAGGED,FAMILY CALIBRATION FAILS -- Sb-Ir's own members are predicted to 36.6% held out (constants span Nonex); a prediction from this constant carries that disagreement,[216],Hf,1,36.6,fails,,1.0,1,1,0,0.198,0.7,SHAPE_NOCAP,Sb-Ir,,,,11.38,3.65,,,500,13.65,3.86,2.8,5.33,2.04,7.3,500,,,"SINGLE POINT -- 1 BTE temperature(s); the 600/900 K values carry the global exponent, not any compound-specific temperature dependence",no measured span,
TiSbIr,Sb-Ir,18,FLAGGED,FAMILY CALIBRATION FAILS -- Sb-Ir's own members are predicted to 36.6% held out (constants span Nonex); a prediction from this constant carries that disagreement,[216],Ti,1,36.6,fails,,1.0,1,1,0,0.198,0.7,SHAPE_NOCAP,Sb-Ir,,,,10.61,3.41,,,500,12.73,3.6,2.61,4.97,1.9,6.8,500,,,"SINGLE POINT -- 1 BTE temperature(s); the 600/900 K values carry the global exponent, not any compound-specific temperature dependence",no measured span,
DySbPd,Sb-Pd,18,FLAGGED,"POLYMORPHIC -- also recorded in [186, 194]; the BTE label is for the cubic C1b phase, so the prediction holds only if that polymorph is the one synthesised | MARGINAL EXTRAPOLATION -- predicted 1.84 W/m/K falls below the 2.0-3.6 W/m/K span of the 5 measured Sb-Pd compounds by a factor of 1.08; that is within the 1.33x median disagreement between laboratories, so the boundary itself is not resolved at this precision","[186, 194, 216]",Dy,3,61.5,fails,1.38,1.0,1,1,1,0.24,0.7,SHAPE_NOCAP,Sb-Pd,7.67,,1.84,,,,,300,7.67,1.84,1.14,2.98,0.65,5.24,300,1.84,2.53,"SINGLE POINT -- 1 BTE temperature(s); the 600/900 K values carry the global exponent, not any compound-specific temperature dependence",2.0-3.6 (n=5),1.08
TmSbPd,Sb-Pd,18,FLAGGED,"FAMILY CALIBRATION FAILS -- Sb-Pd's own members are predicted to 61.5% held out (constants span 1.38x); a prediction from this constant carries that disagreement | MARGINAL EXTRAPOLATION -- predicted 1.84 W/m/K falls below the 2.0-3.6 W/m/K span of the 5 measured Sb-Pd compounds by a factor of 1.08; that is within the 1.33x median disagreement between laboratories, so the boundary itself is not resolved at this precision",[216],Tm,3,61.5,fails,1.38,1.0,1,1,1,0.24,0.7,SHAPE_NOCAP,Sb-Pd,7.66,,1.84,,,,,300,7.66,1.84,1.14,2.98,0.65,5.24,300,1.84,2.53,"SINGLE POINT -- 1 BTE temperature(s); the 600/900 K values carry the global exponent, not any compound-specific temperature dependence",2.0-3.6 (n=5),1.08
HfNiPb,Ni-Pb,18,ISSUED,"ANCHORED -- Ni-Pb has one measured member; the constant is that compound's own (in-sample 5.6%), not held out",[216],Hf,1,5.6,anchored,,1.0,1,1,0,0.51,0.7,SHAPE_NOCAP,Ni-Pb,,,,8.3,6.88,,,500,9.96,7.26,5.26,10.02,3.84,13.72,500,,,"SINGLE POINT -- 1 BTE temperature(s); the 600/900 K values carry the global exponent, not any compound-specific temperature dependence",no measured span,
TiNiPb,Ni-Pb,18,ISSUED,"ANCHORED -- Ni-Pb has one measured member; the constant is that compound's own (in-sample 5.6%), not held out | CALCULATIONS DISAGREE 5.6x at 300 K (19.5, 109.0 W/m/K); that temperature is not used, as for measured compounds, and the prediction is quoted from the remaining calculation",[216],Ti,1,5.6,anchored,,5.6,1,1,2,0.51,0.7,SHAPE_NOCAP,Ni-Pb,,,,11.59,9.6,,,500,13.91,10.14,7.35,13.99,5.37,19.16,500,,,"SINGLE POINT -- 1 BTE temperature(s); the 600/900 K values carry the global exponent, not any compound-specific temperature dependence",no measured span,
HfCoBi,Co-Bi,18,ISSUED,"ANCHORED -- Co-Bi has one measured member; the constant is that compound's own (in-sample 6.3%), not held out",[216],Hf,1,6.3,anchored,,1.0,2,2,1,0.54,0.7,SHAPE_NOCAP,Co-Bi,18.6,,10.04,10.09,8.85,,,300,18.6,10.04,6.2,16.26,3.52,28.61,300,,,"SINGLE POINT -- 2 BTE temperature(s); the 600/900 K values carry the global exponent, not any compound-specific temperature dependence",no measured span,
TiCoBi,Co-Bi,18,ISSUED,"ANCHORED -- Co-Bi has one measured member; the constant is that compound's own (in-sample 6.3%), not held out",[216],Ti,1,6.3,anchored,,1.0,1,1,0,0.54,0.7,SHAPE_NOCAP,Co-Bi,,,,15.92,13.96,,,500,19.1,14.75,10.69,20.35,7.8,27.88,500,,,"SINGLE POINT -- 1 BTE temperature(s); the 600/900 K values carry the global exponent, not any compound-specific temperature dependence",no measured span,
ErSbPt,Sb-Pt,18,ISSUED,"MARGINAL EXTRAPOLATION -- predicted 4.38 W/m/K falls above the 2.1-3.8 W/m/K span of the 4 measured Sb-Pt compounds by a factor of 1.15; that is within the 1.33x median disagreement between laboratories, so the boundary itself is not resolved at this precision. Issued: held out, the 6 measured compounds that fell this close outside their family's span were predicted to a median 17.4%, 3 of 6 under 25% (test_range_gate.py)",[216],Er,4,7.4,validated,1.0,1.68,3,1,3,0.61,0.7,SHAPE_NOCAP,Sb-Pt,7.18,,4.38,,,,,300,7.18,4.38,2.7,7.1,1.54,12.48,300,3.23,3.23,"SINGLE POINT -- 1 BTE temperature(s); the 600/900 K values carry the global exponent, not any compound-specific temperature dependence",2.1-3.8 (n=4),1.15
GdSbPt,Sb-Pt,18,ISSUED,"MARGINAL EXTRAPOLATION -- predicted 2.04 W/m/K falls below the 2.1-3.8 W/m/K span of the 4 measured Sb-Pt compounds by a factor of 1.03; that is within the 1.33x median disagreement between laboratories, so the boundary itself is not resolved at this precision. Issued: held out, the 6 measured compounds that fell this close outside their family's span were predicted to a median 17.4%, 3 of 6 under 25% (test_range_gate.py)",[216],Gd,4,7.4,validated,1.0,1.0,1,1,1,0.61,0.7,SHAPE_NOCAP,Sb-Pt,3.34,,2.04,,,,,300,3.34,2.04,1.26,3.3,0.72,5.81,300,1.5,1.5,"SINGLE POINT -- 1 BTE temperature(s); the 600/900 K values carry the global exponent, not any compound-specific temperature dependence",2.1-3.8 (n=4),1.03
HoSbPt,Sb-Pt,18,ISSUED,"MARGINAL EXTRAPOLATION -- predicted 4.27 W/m/K falls above the 2.1-3.8 W/m/K span of the 4 measured Sb-Pt compounds by a factor of 1.12; that is within the 1.33x median disagreement between laboratories, so the boundary itself is not resolved at this precision. Issued: held out, the 6 measured compounds that fell this close outside their family's span were predicted to a median 17.4%, 3 of 6 under 25% (test_range_gate.py)",[216],Ho,4,7.4,validated,1.0,1.72,3,1,3,0.61,0.7,SHAPE_NOCAP,Sb-Pt,7.0,,4.27,,,,,300,7.0,4.27,2.64,6.92,1.5,12.17,300,3.15,3.15,"SINGLE POINT -- 1 BTE temperature(s); the 600/900 K values carry the global exponent, not any compound-specific temperature dependence",2.1-3.8 (n=4),1.12
TmSbPt,Sb-Pt,18,ISSUED,,[216],Tm,4,7.4,validated,1.0,1.0,1,1,1,0.61,0.7,SHAPE_NOCAP,Sb-Pt,5.86,,3.57,,,,,300,5.86,3.57,2.2,5.78,1.25,10.17,300,2.63,2.63,"SINGLE POINT -- 1 BTE temperature(s); the 600/900 K values carry the global exponent, not any compound-specific temperature dependence",2.1-3.8 (n=4),
GdNiSb,Ni-Sb,18,ISSUED,,[216],Gd,7,16.4,validated,1.3,1.0,1,1,1,0.47,0.7,SHAPE_NOCAP,Ni-Sb,8.38,,3.94,,,,,300,8.38,3.94,2.43,6.38,1.38,11.23,300,3.1,4.02,"SINGLE POINT -- 1 BTE temperature(s); the 600/900 K values carry the global exponent, not any compound-specific temperature dependence",2.3-14.5 (n=10),
TbNiSb,Ni-Sb,18,ISSUED,,[216],Tb,7,16.4,validated,1.3,1.12,2,1,2,0.47,0.7,SHAPE_NOCAP,Ni-Sb,9.59,,4.51,,,,,300,9.59,4.51,2.78,7.31,1.58,12.85,300,3.55,4.61,"SINGLE POINT -- 1 BTE temperature(s); the 600/900 K values carry the global exponent, not any compound-specific temperature dependence",2.3-14.5 (n=10),
TiNiSb,Ni-Sb,19,REFUSED,"VEC 19 != 18 -- metallic, lattice kappa is not the whole story | MARGINAL EXTRAPOLATION -- predicted 1.71 W/m/K falls below the 2.3-14.5 W/m/K span of the 10 measured Ni-Sb compounds by a factor of 1.32; that is within the 1.33x median disagreement between laboratories, so the boundary itself is not resolved at this precision",[216],Ti,7,16.4,validated,1.3,1.0,1,1,1,0.47,0.7,SHAPE_NOCAP,Ni-Sb,3.64,,1.71,,,,,300,3.64,1.71,1.06,2.77,0.6,4.87,300,1.35,1.75,"SINGLE POINT -- 1 BTE temperature(s); the 600/900 K values carry the global exponent, not any compound-specific temperature dependence",2.3-14.5 (n=10),1.32
CrSnPt,Sn-Pt,20,REFUSED,"VEC 20 != 18 -- metallic, lattice kappa is not the whole story | EXTRAPOLATION -- predicted 0.27 W/m/K falls below the 14.9-20.0 W/m/K span of the 2 measured Sn-Pt compounds by a factor of 55.35; the family has never been observed there",[],Cr,3,21.7,validated,1.71,1.0,1,1,1,0.89,0.7,SHAPE_NOCAP,Sn-Pt,0.3,,0.27,,,,,300,0.3,0.27,0.17,0.44,0.09,0.77,300,0.17,0.29,"SINGLE POINT -- 1 BTE temperature(s); the 600/900 K values carry the global exponent, not any compound-specific temperature dependence",14.9-20.0 (n=2),55.35
ThSnPt,Sn-Pt,17,REFUSED,radioactive/actinide (Th) | EXTRAPOLATION -- predicted 3.93 W/m/K falls below the 14.9-20.0 W/m/K span of the 2 measured Sn-Pt compounds by a factor of 3.80; the family has never been observed there,[216],Th,3,21.7,validated,1.71,1.13,2,1,2,0.89,0.7,SHAPE_NOCAP,Sn-Pt,4.41,,3.93,,,,,300,4.41,3.93,2.43,6.37,1.38,11.2,300,2.43,4.15,"SINGLE POINT -- 1 BTE temperature(s); the 600/900 K values carry the global exponent, not any compound-specific temperature dependence",14.9-20.0 (n=2),3.8
USnPt,Sn-Pt,17,REFUSED,radioactive/actinide (U) | EXTRAPOLATION -- predicted 4.81 W/m/K falls below the 14.9-20.0 W/m/K span of the 2 measured Sn-Pt compounds by a factor of 3.11; the family has never been observed there,"[38, 216]",U,3,21.7,validated,1.71,1.0,1,1,1,0.89,0.7,SHAPE_NOCAP,Sn-Pt,5.41,,4.81,,,,,300,5.41,4.81,2.97,7.79,1.69,13.71,300,2.97,5.08,"SINGLE POINT -- 1 BTE temperature(s); the 600/900 K values carry the global exponent, not any compound-specific temperature dependence",14.9-20.0 (n=2),3.11
ThNiSn,Ni-Sn,17,REFUSED,radioactive/actinide (Th) | EXTRAPOLATION -- predicted 1.88 W/m/K falls below the 3.0-7.5 W/m/K span of the 5 measured Ni-Sn compounds by a factor of 1.60; the family has never been observed there,[216],Th,3,33.3,fails,1.75,1.55,2,1,2,0.32,0.7,SHAPE_NOCAP,Ni-Sn,5.88,,1.88,,,,,300,5.88,1.88,1.16,3.05,0.66,5.36,300,1.18,2.06,"SINGLE POINT -- 1 BTE temperature(s); the 600/900 K values carry the global exponent, not any compound-specific temperature dependence",3.0-7.5 (n=5),1.6
UNiSn,Ni-Sn,17,REFUSED,radioactive/actinide (U) | EXTRAPOLATION -- predicted 1.72 W/m/K falls below the 3.0-7.5 W/m/K span of the 5 measured Ni-Sn compounds by a factor of 1.74; the family has never been observed there,[216],U,3,33.3,fails,1.75,1.0,1,1,1,0.32,0.7,SHAPE_NOCAP,Ni-Sn,5.36,,1.72,,,,,300,5.36,1.72,1.06,2.79,0.6,4.9,300,1.07,1.88,"SINGLE POINT -- 1 BTE temperature(s); the 600/900 K values carry the global exponent, not any compound-specific temperature dependence",3.0-7.5 (n=5),1.74
