reduced_formula,spacegroup_number
Ac2AgPb,225
Ac2GePd,225
Ac2MgGa,225
Ac2ZnGa,225
Ac2ZnIn,225
AcInTe2,225
AcNiAs,216
AcNiP,216
AcNiSb,216
AcOF,216
AcTlTe2,225
AcYbZn2,225
AcZn2In,225
Ag,194
Ag2HgI4,111
Ag2MoO4,227
Ag2O,224
Ag2PdAu,71
Ag2S,19
Ag3AsO4,218
Ag3P11,8
Ag3PO4,218
Ag3PS4,31
Ag3Pd,139
Ag3Pd,194
Ag3Pd13Pb6,152
Ag3Pt,221
Ag3Sb,25
Ag3Sn,59
Ag3SnP7,11
Ag5(PbO3)2,162
Ag5SbS4,36
AgAsS,62
AgAuF4,140
AgB2,191
AgBiPd,216
AgBiPd2,225
AgBr,11
AgBr,225
AgC,225
AgCl,11
AgCl,225
AgF,225
AgHgPd2,225
AgI,11
AgI,129
AgI,186
AgI,216
AgI,225
AgN,225
AgP2,14
AgPPd5,123
AgPPt5,123
AgPd,166
AgPd,187
AgPd2Au,71
AgPd2Au,160
AgPd2Pb,71
AgPd3Se,205
AgPdAu2,225
AgPt3,221
AgSbO3,227
AgSbPd2,71
AgSnPd2,71
Al(CuRe)2,127
Al10V,227
Al12Mo,204
Al12Re,204
Al12Ru,215
Al12W,204
Al13Ru4,12
Al1V0.9Fe2W0.1,225
Al2(Zn13Pd3)3,216
Al2Au,225
Al2B2Ru3,65
Al2CdO4,227
Al2CdSe4,227
Al2CdTe4,82
Al2CoO4,227
Al2CoOs,225
Al2CoRu,123
Al2CoRu,225
Al2Cu,123
Al2Cu,140
Al2CuTc,71
Al2Fe3Si4,63
Al2FeCo,225
Al2FeNi,225
Al2HgS4,82
Al2HgS4,227
Al2HgSe4,227
Al2HgTe4,82
Al2IrRu,225
Al2Mo3C,213
Al2NiRu,225
Al2O3,60
Al2O3,167
Al2Os,139
Al2OsRu,71
Al2PbO4,40
Al2PbS4,66
Al2Pd,225
Al2PdRu,225
Al2Pt,225
Al2Re3B,227
Al2Ru,70
Al2Ru,139
Al2RuPt,225
Al2RuRh,225
Al2SiO5,58
Al2SiO5,63
Al2W,181
Al2Zn,164
Al2ZnO4,227
Al2ZnS4,227
Al2ZnSe4,227
Al2ZnTe4,82
Al3(BRu2)2,123
Al3(Ni10B3)2,225
Al3Cu2,164
Al3Ir,194
Al3Ir,223
Al3Mo,12
Al3Ni,62
Al3Ni2,164
Al3Os2,139
Al3Pd2,164
Al3Pt5,55
Al3Ru,194
Al3Ru2,139
Al3Ru2,164
Al3V,139
Al3Zn,221
Al3ZnCr8,123
Al3ZnNi12,123
Al4CO4,36
Al4Cu9,215
Al4Ni3,230
Al4SiC4,186
Al5C3N,186
Al5C3N,194
Al5W,182
Al6Re,63
Al6Ru,63
Al6Tc,63
Al7Cu2Ru,128
Al8Mo3,12
AlAgB,216
AlAgO2,33
AlAgO2,194
AlAgS2,156
AlAgSe2,122
AlAgTe2,122
AlAs,186
AlAs,216
AlAu2,62
AlAu2,139
AlAuO2,194
AlBMo,63
AlBi,216
AlBiO3,221
AlCo2Ru,216
AlCoMo,216
AlCoW,216
AlCr2,139
AlCrCo,216
AlCrCo2,225
AlCrCu2,225
AlCrFe2,225
AlCrIr,216
AlCrNi2,225
AlCrRh,216
AlCrRu2,225
AlCu3,221
AlCu3,225
AlCuCl4,112
AlCuO2,194
AlCuPd2,225
AlCuPt2,123
AlF3,221
AlFe2Mo,225
AlFe2Ni,225
AlFe2Ru,216
AlFe2Si,225
AlFe2W,225
AlFeCo2,225
AlFeRu2,71
AlGaNi2,71
AlGaPd2,71
AlGaRu2,71
AlGaRu2,225
AlGeRu2,225
AlH3,227
AlInB,216
AlInSb2,160
AlIr,221
AlIrW,216
AlMo3,223
AlN,186
AlN,194
AlN,216
AlN,225
AlNi,221
AlNi3,221
AlOs,221
AlP,186
AlP,216
AlPO4,186
AlPd,198
AlPd,221
AlPd2,62
AlPd5,62
AlPt,198
AlPt,221
AlPt2,62
AlPt3,127
AlPt3,221
AlRe,221
AlRe2,139
AlReGe,107
AlReSi,107
AlReTc2,71
AlRh,221
AlRhW,216
AlRu,221
AlRu2W,71
AlSb,205
AlSb,216
AlSiRu2,225
AlSnRu2,71
AlTc2,139
AlTc2Mo,71
AlTlSe2,140
AlV2C,194
AlV2W,71
AlV3,223
AlV4C3,194
AlV4N3,194
AlVCo2,225
AlVCr2,71
AlVFe2,123
AlVFe2,225
AlVNi,216
AlVNi2,225
AlVOs2,225
AlVPt,216
AlVRu2,225
AlZnAg2,225
AlZnAu2,71
AlZnCo2,71
AlZnCu2,71
AlZnCu2,225
AlZnIr2,225
AlZnNi2,71
AlZnPd2,71
AlZnRh2,225
As2Pd,205
As2Pt,205
As2Ru,58
As3W2,12
AsPd2,36
AsPdSe,198
AsRu,62
B12W,225
B2Mo,166
B2Mo,191
B2Mo2Ir,58
B2Mo2Os,58
B2Mo2Ru,58
B2Mo3,127
B2Pd5,15
B2Ru,59
B2W,191
B2W,194
B3Ru2,194
BIrW,216
BMo,63
BMo,141
BMo2,140
BMo2C,63
BMoIr,216
BMoRh,216
BPd2,58
BPd3,62
BPt,194
BRhW,216
BSb,216
BW,63
BW,141
BW2,140
Ba(AgSn)2,139
Ba(AgTe)2,62
Ba(AlGe)2,62
Ba(AlSi)2,62
Ba(AlSi)2,139
Ba(AsPd)2,123
Ba(AsPd)2,139
Ba(AsRu)2,139
Ba(CdGe)2,139
Ba(Cu2P)4,87
Ba(CuAs)2,139
Ba(CuS)2,62
Ba(CuS)2,139
Ba(CuSb)2,129
Ba(CuSe)2,139
Ba(CuTe)2,62
Ba(GaSe2)2,66
Ba(Ge3Pt)4,204
Ba(GeAs)2,105
Ba(GeP)2,105
Ba(GeRu)2,70
Ba(MgSi)2,139
Ba(MoSe)3,176
Ba(P2Pd)2,139
Ba(PPd)2,123
Ba(PRu)2,139
Ba(Sb3Os)4,204
Ba(Sb3Ru)4,204
Ba(SbPd)2,139
Ba(SbRu)2,139
Ba(TeMo)3,176
Ba(ZnAs)2,62
Ba(ZnAs)2,139
Ba(ZnP)2,139
Ba(ZnSb)2,62
Ba(ZnSi)2,139
Ba(ZnSn)2,129
Ba2AgAs,225
Ba2AgBi,225
Ba2AgPd,71
Ba2AgSb,225
Ba2AsAu,225
Ba2Bi3,71
Ba2BiAu,225
Ba2CdGa,71
Ba2Cu3P4,72
Ba2Ga7Ag,115
Ba2Ge,62
Ba2HfS4,139
Ba2PdF6,64
Ba2Sb,139
Ba2SbAu,225
Ba2Si,62
Ba2Sn,62
Ba2ZnAg,71
Ba2ZnGa,71
Ba2ZnIn,71
Ba2ZnIn,225
Ba2ZnN2,139
Ba2ZrO4,139
Ba3BiN,194
Ba3CrN3,176
Ba3CrS5,185
Ba3Cu17AgP6,12
Ba3Ge5,63
Ba3MnN3,176
Ba3Si23,223
Ba3SiO5,140
Ba3Sn5,63
Ba3SnO,221
Ba3TiS5,140
Ba4Bi3,220
Ba4Si23,223
Ba5Al5Sn,187
Ba5Sb4,64
Ba5Sn3,140
BaAg,62
BaAg2,74
BaAg5,191
BaAgAs,194
BaAgBi,194
BaAgP,194
BaAgSb,194
BaAgSb,216
BaAl2,227
BaAl4,139
BaAl9Co2,191
BaAl9Ni2,191
BaAlGe,187
BaAlSi,187
BaAsPd,187
BaAsPt,198
BaAuCl,216
BaBeGa,216
BaBiO3,225
BaBrCl,216
BaCaGe,62
BaCaPb,216
BaCaRu2,216
BaCaSi,216
BaCaSn,62
BaCaSn,216
BaCdGe,194
BaCoO2,152
BaCrS2,59
BaCu,194
BaCu3O4,65
BaCu5AgP2,123
BaCuAs,194
BaCuBi,194
BaCuGe,187
BaCuP,194
BaCuSb,194
BaFeO3,221
BaGa2,191
BaGa4,139
BaGaGe,187
BaGaSi,187
BaGe2S5,227
BaGe3Ir,107
BaGe3Pd,107
BaGe3Pt,107
BaGePt,198
BaHfMo,216
BaHfN2,129
BaIn,63
BaIn2,74
BaIn2Ir,63
BaIn2Pt,63
BaIn2Rh,63
BaIn4,139
BaIn4Ir,51
BaInGe,156
BaLiBi,216
BaLiSb,194
BaLiSb,216
BaLiSi,187
BaMg4Si3,123
BaMgSi,216
BaMgSn,216
BaMnO3,194
BaNaAs,216
BaNaBi,189
BaNaBi,216
BaNaGe,216
BaNaP,216
BaNaSb,216
BaNaSn,216
BaNb4O6,123
BaNb7O9,123
BaNbO3,221
BaNiF4,36
BaNiSn3,107
BaPPt,198
BaPd,63
BaPd2,227
BaPd5,191
BaPdF4,140
BaPdS2,63
BaPt,194
BaPt2,227
BaPt5,191
BaRuO3,194
BaSO4,216
BaSbAu,194
BaSbPt,187
BaScIr,216
BaScSn,216
BaSi2,212
BaSi23,223
BaSi3Pd,107
BaSi3Pt,107
BaSiPd,198
BaSn,63
BaSn3Pd,107
BaSn3Pt,107
BaSnHg,194
BaSnO3,221
BaSrGe,216
BaSrIn,216
BaSrSi,216
BaSrSn,216
BaTaB,216
BaTiO3,194
BaTiO3,221
BaYSc,216
BaZn,221
BaZn13,226
BaZn2,74
BaZnGe,194
BaZnIn3,107
BaZnPb,194
BaZnSi,194
BaZnSn,194
BaZrN2,129
BaZrO3,221
BaZrS3,62
Be13Sb,226
Be17Nb2,166
Be22Mo,227
Be22Re,227
Be22W,227
Be2Ag,227
Be2CoPd,71
Be2Cu,227
Be2Fe,194
Be2Mo,194
Be2Nb,227
Be2Nb3,127
Be2NiPd,71
Be2Re,194
Be2Si,225
Be2V,194
Be2W,194
Be5Co,216
Be5Fe,216
Be5Pd,216
Be5Pt,216
BeAlB,216
BeCo,221
BeCu,221
BeCuP,216
BeGeRu2,225
BeInBi,216
BeInSi2,216
BeMo3,223
BeMoRu2,71
BeNbCo2,71
BeNbRu2,225
BeNi,221
BePd,221
BePd2,139
BePd3,63
BeReB,216
BeSiN2,33
BeSiN2,122
BeVOs2,225
BeVRh2,71
BeVRu2,225
BeZn13,226
Bi,140
Bi,221
Bi2Ir,14
Bi2Ir2O7,227
Bi2O3,14
Bi2O3,206
Bi2O3,224
Bi2O3,227
Bi2Pd,139
Bi2Pd3S2,199
Bi2Pd5,12
Bi2PdPt,164
Bi2Pt,205
Bi2Pt2O7,227
Bi2Rh2O7,227
Bi2Ru2O7,227
Bi2SeO2,139
BiAsO4,88
BiAu2,227
BiB,216
BiIrS,198
BiIrSe,198
BiMoRh,216
BiO2,225
BiPd2Pb,36
BiPdSe,198
BiPt,194
BiPtSe,198
BiRh,194
BiRhO3,62
BiRhS,198
BiRhSe,198
BiSeCl,216
BiTePd,198
BiTePt,198
Ca(AgGe)2,139
Ca(Al2Cu)4,139
Ca(AlGa)2,139
Ca(AlZn)2,139
Ca(AsPd)2,139
Ca(AsRu)2,139
Ca(Cu2As)2,166
Ca(Cu2P)2,136
Ca(CuP)2,139
Ca(CuSi)2,139
Ca(FeAs)2,139
Ca(GaP)2,194
Ca(GeAu)2,139
Ca(GeIr)2,139
Ca(GePd)2,139
Ca(GeRh)2,139
Ca(GeRu)2,139
Ca(InP)2,194
Ca(PPd)2,139
Ca(PRu)2,139
Ca(SiAu)2,139
Ca(SiPd)2,139
Ca(SiRh)2,139
Ca(ZnAs)2,164
Ca(ZnGe)2,139
Ca(ZnP)2,164
Ca(ZnSb)2,164
Ca(ZnSi)2,139
Ca19Ag8N7,225
Ca2AgAu,225
Ca2AgPd,71
Ca2AgPd,225
Ca2AgPd2,71
Ca2AgSn,225
Ca2AlZn,71
Ca2AlZn16,160
Ca2Bi,139
Ca2CoW,216
Ca2Cu,62
Ca2CuAg,38
Ca2Ga7Ag,115
Ca2GaAg,38
Ca2GaAg,71
Ca2Ge,62
Ca2H6Ru,225
Ca2HgPb,225
Ca2In,62
Ca2InPd2,15
Ca2InPt2,15
Ca2Nb2O7,227
Ca2Ni3Ge2,51
Ca2Sb,139
Ca2Si,62
Ca2Si,225
Ca2Si3Ag,69
Ca2Sn,62
Ca2SnHg,225
Ca2SnO4,55
Ca2Ta2O7,227
Ca2TlIn,71
Ca2Zn2CuP3,194
Ca2Zn3Ga,8
Ca2ZnGa,71
Ca2ZnGa,225
Ca2ZnGa3,8
Ca2ZnIn,71
Ca2ZnIn,225
Ca2ZnN2,139
Ca2ZnSn,225
Ca3(GaNi)4,217
Ca3(InAs2)2,58
Ca3(SiIr)4,217
Ca3Ag8,229
Ca3Al7Cu2,166
Ca3AlSb3,62
Ca3BiN,221
Ca3Co4Sn13,223
Ca3CrN3,63
Ca3Ga5,63
Ca3Ge13Ir4,223
Ca3Ge13Rh4,223
Ca3GeN,221
Ca3GeO,221
Ca3In,225
Ca3SbN,221
Ca3Sn13Ir4,223
Ca3Sn13Rh4,223
Ca3SnN,221
Ca3SnO,221
Ca3VN3,63
Ca3Zn,63
Ca3Zn2(CuP2)2,164
Ca4AlZn43,21
Ca5(InSb3)2,55
Ca5Sb3,193
Ca5Sn3H,140
Ca7Ge,225
CaAcCd2,225
CaAg,63
CaAg2,74
CaAgAs,189
CaAgAs,216
CaAgBi,186
CaAgBi,194
CaAgP,189
CaAgP,216
CaAgSb,62
CaAl2,227
CaAlAu,62
CaAlB,216
CaAlSi,186
CaAlSi,187
CaBiAu,216
CaBiPd2,225
CaBrCl,216
CaCd2In,71
CaCdGe,189
CaCdGe,216
CaCdSi,216
CaCdSn,189
CaCdSn,216
CaCu5,191
CaCuAs,194
CaCuAs,216
CaCuBi,194
CaCuF4,140
CaCuGe,187
CaCuP,194
CaCuSb,194
CaCuSi,187
CaEuGa2,225
CaFeTe,216
CaGa,63
CaGa2,191
CaGa2,194
CaGa3Ni2,63
CaGa4,12
CaGa4,139
CaGaAu,62
CaGaB,216
CaGaGe,194
CaGaSi,187
CaGe2,186
CaGeN2,122
CaHF,216
CaHfBe,216
CaHfZn,216
CaIn,221
CaIn2,194
CaIn2Au,63
CaIn2Cu,63
CaIn2O4,141
CaIn2Pd,63
CaIn4Ir,51
CaIn4Pd,63
CaIn4Rh,51
CaInAu,62
CaInB,216
CaInBr3,63
CaInPt,62
CaInRh,62
CaMgGe,62
CaMgGe,216
CaMgPb,216
CaMgSi,62
CaMgSi,216
CaMgSn,216
CaMn7O12,148
CaMnO3,62
CaMnO3,194
CaMnO3,221
CaNi2,227
CaNiN,131
CaNiTe,216
CaPbF6,225
CaPd,221
CaPd2,227
CaPd3C,221
CaPd3O4,223
CaPd5,191
CaPdF4,140
CaPdPb,189
CaPt2,194
CaPt2,227
CaPt5,191
CaPtO3,63
CaReBi,216
CaRuO3,62
CaSbAu,194
CaScIn2,71
CaSi,63
CaSi2,141
CaSi3,139
CaSi3Ir,107
CaSi3Pt,107
CaSiO3,62
CaSiO3,127
CaSiO3,204
CaSiO3,221
CaSiPt,198
CaSmAg2,225
CaSn2Ir,63
CaSn2Pd,63
CaSn3,221
CaSnF6,225
CaSnHg,186
CaSnO3,221
CaSnPt,62
CaTaTc,216
CaTiO3,62
CaTiO3,140
CaTiO3,221
CaTmIn2,225
CaYPd2,225
CaYZn2,71
CaYbGa2,225
CaYbZn2,225
CaZn,63
CaZn13,226
CaZn2,74
CaZn5,191
CaZnGe,194
CaZnGe,216
CaZnPb,194
CaZnSi,187
CaZnSi,194
CaZnSi,216
CaZnSn,186
CaZnSn,194
CaZrO3,62
CaZrO3,221
CaZrPd,216
CaZrS3,62
Cd(GaO2)2,227
Cd(InS2)2,227
Cd(InSe2)2,82
Cd(InSe2)2,227
Cd(PtO2)3,65
Cd(SbO3)2,162
Cd2AgAu,225
Cd2AgPd,71
Cd2AgPt,71
Cd2AgPt,225
Cd2Sb2O7,227
Cd2SiO4,227
Cd2SnO4,55
Cd3In,221
CdAg,221
CdAgPd2,225
CdAgSb,216
CdAsPd5,123
CdAsPt5,123
CdCuF4,140
CdCuSb,216
CdGaPd2,71
CdGeP2,225
CdIn2O4,141
CdIn2O4,227
CdIrRu,216
CdNi3N,221
CdPPd5,123
CdPPt5,123
CdPd,123
CdPt,123
CdSbAu,216
CdSiAs2,122
CdSnO3,62
CdSnP2,122
CdSnSb2,122
Ce(AgGe)2,139
Ce(Al5Ru)2,63
Ce(AlGa)2,139
Ce(AlZn)2,139
Ce(As3Ru)4,204
Ce(BRu)2,70
Ce(CuGe)2,139
Ce(CuSb)2,129
Ce(CuSi)2,139
Ce(FeP3)4,204
Ce(GePd)2,139
Ce(GeRu)2,139
Ce(P3Ru)4,204
Ce(Re2Si)2,65
Ce(SiAg)2,139
Ce(SiPd)2,139
Ce(SiRu)2,139
Ce2(Al5Ru)3,193
Ce2(Ga3Ru)3,63
Ce2(Ni7B2)3,225
Ce2(Si2Pd7)3,225
Ce2(Zn2Ge)3,189
Ce2Al3Ru,194
Ce2AlRu,185
Ce2AlRu2,64
Ce2In,194
Ce2In3Ru2,62
Ce2InPt2,127
Ce2Ni12P7,174
Ce2ZnIn,225
Ce2ZnNi2,71
Ce2ZnPb,225
Ce3(Al3Ru)4,194
Ce3(InRu)2,62
Ce3Bi4Pd3,220
Ce3Bi4Pt3,220
Ce3Ga,221
Ce3Ge13Ru4,223
Ce3In,221
Ce3In3Ru2,12
Ce4SiRh12,229
Ce5Al2Ru3,146
Ce5Al2Ru3,199
Ce5Ge2Ru,62
CeAg,221
CeAgSb2,129
CeAgSn,186
CeAl2BRu2,123
CeAl3Pd2,191
CeAl4Ni,63
CeAlGa,187
CeAlRu,38
CeAlRu,62
CeAsPd,194
CeB2Ru3,191
CeBPd3,221
CeBiPd,216
CeCd2Ag,225
CeCdCu,187
CeCoSi2,63
CeCoSi3,107
CeCu2,74
CeCu5,191
CeCu5Ag,62
CeCuGe,187
CeCuGe,194
CeCuSi,187
CeCuSn,186
CeCuSn,194
CeGa2,191
CeGa3Ag,119
CeGa3Pd2,191
CeGa4Co9,140
CeGaAg,12
CeGaAg,44
CeGaAg,53
CeGaNi,189
CeGaO3,221
CeGe3Ru,223
CeGeAu,216
CeGeIr,62
CeHN,216
CeHoIn2,225
CeIn2Ir,63
CeIn3,221
CeIn5Co,123
CeIn5Ir,123
CeIn5Rh,123
CeInAu,189
CeInCu,187
CeInCu2,225
CeInCuAg,216
CeInNi,189
CeInPd,189
CeInPd2,194
CeMg2Ag,225
CeMg2Cu,225
CeMgZn2,225
CeMnIn,187
CePPd,194
CePd3,221
CePd5,191
CePt3,221
CeReB4,55
CeRu2,227
CeSb2Pd,129
CeSbPd,194
CeScGe,139
CeScSi,139
CeSi2Ru3,191
CeSi3Ru,107
CeSiAg,187
CeSiO4,141
CeSiRu,129
CeTlAg2,225
CeTlPd,189
CeVGe3,194
CeVO4,141
CeZn,221
CeZn3Cu2,191
CeZn5,191
CeZnGa,194
CeZnGa3,119
CeZnGe,194
CeZnIn,194
CeZnSi,187
Co(BW)2,71
Co(BW)3,63
Co(NiS2)2,227
Co(PtO2)3,65
Co(RhO2)2,227
Co(RhS2)2,227
Co(SbO3)2,136
Co21(B3Mo)2,225
Co21(B3W)2,225
Co21(ReB3)2,225
Co2B4Mo,71
Co2CuGe2,51
Co2CuS4,227
Co2Mo4C,227
Co2Sb2O7,227
Co3Mo,194
Co3S4,227
Co3W,194
Co3W,221
CoAgO2,194
CoAs2,58
CoAs3,204
CoAsS,29
CoAsS,31
CoAsS,198
CoBMo,62
CoBW,62
CoBW,216
CoBiO3,99
CoCu2Sn,225
CoMoP,62
CoMoP2,194
CoN,225
CoN3,204
CoNi,221
CoO,186
CoO,216
CoP2W,194
CoP3,204
CoPPd,129
CoReB,62
CoReGe2,216
CoSb2,58
CoSb3,204
CoSbS,198
CoSe2,205
CoSeO3,62
CoSi2,225
CoTe2,58
Cr,194
Cr2AgTe4,227
Cr2CdS4,227
Cr2CdSe4,227
Cr2CuS4,227
Cr2CuSe4,227
Cr2CuTe4,227
Cr2GaC,194
Cr2GaN,194
Cr2HgO4,227
Cr2HgS4,227
Cr2HgSe4,227
Cr2ReMo,71
Cr2TeO6,136
Cr2WO6,136
Cr3(W10C3)2,225
Cr3C2,62
Cr3Ga,223
Cr3PtN,221
Cr3Ru,223
Cr3Si,223
CrAs,194
CrAsIr,216
CrAsRu,216
CrAu4,87
CrB2,191
CrB2W,38
CrB4,58
CrB4,71
CrBIr,216
CrBRh,216
CrBiO3,62
CrBrCl,216
CrC,187
CrC,225
CrCo2Bi,225
CrCo2Sb,225
CrCo2Si,225
CrCoB,216
CrCoGe,216
CrCoSb,216
CrCu2Si,225
CrCuB,216
CrCuO2,194
CrFe2Sb,225
CrFe2Si,225
CrFe2Sn,225
CrFeAs,216
CrFeC,216
CrFeGe,216
CrFeSi,216
CrFeSn,216
CrGa3P4,215
CrGaCo,216
CrGaCo2,225
CrGaFe2,225
CrGaIr,216
CrGaIr2,71
CrGaRh,216
CrGaRh2,225
CrGaRu2,71
CrGaRu2,225
CrGeIr,216
CrGeOs,216
CrGeRh,216
CrGeRu,216
CrGeRu2,71
CrGeRu2,225
CrInCo,216
CrInCo2,225
CrInCu2,225
CrInIr,216
CrIrRu,216
CrMoW2,71
CrN,216
CrN,225
CrNiAs,189
CrNiAs,216
CrNiSb,216
CrO2,136
CrO2,205
CrO2,225
CrO3,40
CrOsPb,216
CrP,62
CrP4,15
CrPO4,63
CrPPd,216
CrReAs,216
CrReP,216
CrReSb,216
CrReW2,71
CrRh3,221
CrRuC,216
CrRuPb,216
CrS,15
CrSi2,139
CrSi2,180
CrSiOs,216
CrSiRu,216
CrSiRu2,225
CrSnOs,216
CrSnRu,216
CrTcAs,216
CrTcP,216
CrTcSb,216
CrTe,63
CrTe,216
Cs2GeCl6,225
Cs2GeF6,225
Cs2HfI6,225
Cs2PbCl6,225
Cs2PdI6,225
Cs2Pt,194
Cs2PtBr6,225
Cs2PtC2,164
Cs2PtCl6,225
Cs2PtI6,225
Cs2SeCl6,225
Cs2SiF6,225
Cs2SnBr6,225
Cs2SnCl6,225
Cs2SnI6,225
Cs2TeBr6,225
Cs2TeCl6,225
Cs2TeI6,225
Cs2TiCl6,225
Cs2ZrCl6,225
Cs3BiO3,198
Cs3NiO2,136
Cs3Sb2I9,164
Cs3SbO3,198
CsAcTe2,225
CsAgBr2,63
CsAgO,139
CsClO4,216
CsCuF4,140
CsCuO2,63
CsFeO2,227
CsGeBr3,221
CsIn3,119
CsK2Bi,225
CsK2Sb,225
CsLaW2,139
CsNbN2,227
CsSn2Br5,140
CsSnBr3,221
CsSnI3,127
CsSnI3,221
CsYO2,194
Cu(IrS2)2,227
Cu(RhSe2)2,227
Cu12PdN4,123
Cu29(Ag6As7)2,1
Cu2AgAu,71
Cu2As,129
Cu2GePd,225
Cu2NiSn,225
Cu2O,224
Cu2S,225
Cu2Sb,129
Cu2Se,225
Cu3Ag,139
Cu3As,220
Cu3AsS4,215
Cu3Au,221
Cu3Ge,59
Cu3N,221
Cu3P,164
Cu3PS4,31
Cu3Pd,221
Cu3Pt,221
Cu3Sb,225
Cu3Se2,113
Cu3Sn,194
Cu3Sn,225
Cu4O3,141
Cu4SnP10,160
Cu6PbO8,225
CuAg3,194
CuAgPd2,71
CuAgTe,216
CuAs,194
CuAs2,58
CuAsS,62
CuAu,123
CuAu3,221
CuBr,194
CuBr,205
CuBr,216
CuBr,225
CuCl,205
CuCl,216
CuCl,225
CuI,216
CuNi2Sb,225
CuNi2Sn,225
CuNiAu,156
CuNiPd,156
CuNiSb2,164
CuO,15
CuP2,14
CuPd,221
CuPd2Au,71
CuPt7,225
CuS2,205
CuSbSe2,62
CuSe2,205
CuSiTc2,71
CuSn,194
CuSnRh2,225
CuTcBi,216
Dy(Al2Cu)4,139
Dy(AlAu)2,129
Dy(AlC)3,194
Dy(CuGe)2,139
Dy(CuSi)2,139
Dy(GePd)2,139
Dy(GeRh)2,139
Dy(GeRu)2,139
Dy(MnAl2)4,139
Dy(NiGe)2,139
Dy(NiP)2,139
Dy(SiAu)2,139
Dy(SiIr)2,129
Dy(SiIr)2,139
Dy(SiNi)2,139
Dy(SiOs)2,139
Dy(SiPd)2,139
Dy(SiPt)2,129
Dy(SiPt)2,139
Dy(SiRh)2,139
Dy(SiRu)2,139
Dy2(Ga3Ru)3,63
Dy2AlZn,225
Dy2BiO2,139
Dy2CdGe2,127
Dy2CdPd2,127
Dy2CuAg3,99
Dy2CuGe6,38
Dy2GaAg,225
Dy2Ge2Ru,12
Dy2Ge5Ru3,72
Dy2Hf2O7,227
Dy2In,194
Dy2InAg,225
Dy2InAu2,127
Dy2InCu2,127
Dy2InGe2,127
Dy2InPd2,127
Dy2MgGe2,127
Dy2MgSi2,127
Dy2NiAs2,194
Dy2OsPd,225
Dy2ReC2,62
Dy2Ru2O7,227
Dy2Sn2O7,227
Dy2Sn5Rh3,36
Dy2Ti2O7,227
Dy2TlZn,225
Dy2V2O7,227
Dy2ZnGa,225
Dy2ZnIn,225
Dy3(Al3Ru)4,194
Dy3Al2,136
Dy3AlC,221
Dy3AlN,221
Dy3Co4Ge13,223
Dy3Cu3Sb4,220
Dy3Ga15Ru4,62
Dy3Ga8Ag3,71
Dy3GaC,221
Dy3GaO6,36
Dy3Ge13Os4,223
Dy3Ge13Rh4,223
Dy3Ge13Ru4,223
Dy3Ge3Ru2,63
Dy3Ge4,63
Dy3InC,221
Dy3InN,221
Dy3Mn3Ga2Si,189
Dy3Ni2,12
Dy3Pd2,127
Dy3Pt,62
Dy3Ru,62
Dy3Sb4Au3,220
Dy3SnC,221
Dy4CdCo,216
Dy4CdRh,216
Dy4CrGa12,229
Dy4Ga12Pd,229
Dy4Ge6Ir7,229
Dy4Ge6Rh7,229
Dy4InRh,216
Dy4MgRh,216
Dy4Sb3,220
Dy5BiAu2,140
Dy5Ge3C,193
Dy5NiPb3,193
Dy5Ru2,15
DyAg,221
DyAg2,139
DyAgGe,189
DyAgPb,186
DyAgSb2,129
DyAgSe2,19
DyAgSe2,109
DyAgSn,186
DyAgTe2,113
DyAl,221
DyAl2,227
DyAl3,139
DyAl3,194
DyAl3,221
DyAlAu,62
DyAlGa,187
DyAlNi,189
DyAlZn,194
DyAsPd,62
DyB2Ru3,191
DyB4Mo,55
DyB4Ru,55
DyBPd3,221
DyBi,225
DyBiPd,216
DyBiPt,216
DyBiRh,189
DyCdCu,189
DyCdGa,189
DyCdNi4,216
DyCoGe,62
DyCoGe2,63
DyCoSn,62
DyCu,221
DyCu4Ag,216
DyCu4Au,216
DyCu5,216
DyCuAs2,129
DyCuGe,186
DyCuGe,187
DyCuPb,186
DyCuSb2,129
DyCuSi,187
DyCuSi,194
DyCuSn,186
DyCuSn,194
DyGa,63
DyGa2,191
DyGa2Ni,63
DyGa3,221
DyGa3Ru,221
DyGa4Ni,63
DyGaAg,12
DyGaPd,62
DyGaPt,62
DyGe,63
DyGeAu,186
DyGeIr,62
DyGePt,62
DyGeRu,62
DyHoZn2,225
DyIn,221
DyIn3,221
DyIn3Cu2,191
DyIn5Rh,123
DyInAg2,225
DyInAu,189
DyInAu2,225
DyInCu2,225
DyInIr,189
DyInNi,189
DyInPd2,225
DyInPt,189
DyInPt2,194
DyInPt4,216
DyInRh,189
DyInRh2,225
DyMg2Sc,225
DyMgAg,189
DyMgIn,189
DyMgPd,189
DyMgSn,139
DyNbRu2,225
DyNiBi,216
DyNiC2,38
DyNiGe,62
DyNiP,194
DyNiSb,216
DyPPt,187
DyPaRu2,225
DyPbAu,216
DyPd,221
DyPd2Pb,225
DyPd3,221
DyPdPb,189
DyPt2,227
DyPt3,221
DyRe2,194
DySb,225
DySbPd,186
DySbPd,194
DySbPd,216
DySbPt,216
DyScSb,129
DyScZn2,225
DySi,62
DySi,63
DySi2,141
DySi2Rh3,191
DySi3Ir,107
DySiAg,187
DySiAg,189
DySiIr,62
DySiPt,62
DySiRu,62
DySn2,63
DySn3,221
DySnAu,186
DySnAu,194
DySnGe,63
DySnPd,62
DySnPd2,225
DySnPt,189
DySnRh,189
DyThRu2,225
DyTlPd,189
DyTlZn,194
DyVO4,88
DyVO4,141
DyZn,221
DyZn5,191
DyZnGa,194
DyZnIn,194
DyZnRh,62
DyZnRh2,225
DyZnSi,187
DyZrSb,139
Er(Al5Ru)2,63
Er(AlC)3,194
Er(CuSi)2,139
Er(GeRh)2,139
Er(GeRu)2,139
Er(MnAl2)4,139
Er(NiP)2,139
Er(PRu)2,139
Er(SiIr)2,139
Er(SiNi)2,139
Er(SiOs)2,139
Er(SiPd)2,139
Er(SiPt)2,129
Er(SiRh)2,139
Er(SiRu)2,139
Er(TiGa2)2,139
Er(VGa2)2,139
Er2(Ga3Ru)3,63
Er2AgAu,225
Er2AgRu,225
Er2Al,62
Er2AlZn,225
Er2BiO2,139
Er2CdGe2,127
Er2Ge2Ru,12
Er2Ge5Ru3,72
Er2Hf2O7,227
Er2In,194
Er2InNi2,127
Er2InPd2,127
Er2IrPd,225
Er2Mg3Ru,123
Er2MgGe2,127
Er2Ni12P7,174
Er2NiSn6,65
Er2Pd2Pb,127
Er2ReC2,62
Er2Ru2O7,227
Er2Sn2O7,227
Er2SnAu2,136
Er2Ti2O7,227
Er2ZnGa,225
Er2ZnIn,225
Er3(Al3Ru)4,194
Er3(In2Co)2,174
Er3(P3Pd10)2,225
Er3Al2,136
Er3AlC,221
Er3AlN,221
Er3Co4Ge13,223
Er3Ga15Ru4,62
Er3Ga8Ag3,71
Er3GaC,221
Er3GaO6,36
Er3Ge13Ir4,223
Er3Ge13Rh4,223
Er3Ge13Ru4,223
Er3Ge3Ru2,63
Er3Ge4,63
Er3InN,221
Er3Pd2,127
Er3Ru2,176
Er3Sb4Au3,220
Er3Si13Os4,223
Er3Sn7,65
Er4Ga12Fe,229
Er4Ga12Pd,229
Er4Ga16Co3,123
Er4Ge6Ir7,229
Er4Ge6Os7,229
Er4Ge6Rh7,229
Er4InRh,216
Er5BiPt2,140
Er5Ga3,193
Er5Ge3,193
Er5Ge3C,193
Er5NiPb3,193
Er5Sb3,193
Er5Si3,193
Er6MnBi2,189
Er8Ga3Co,186
ErAg,221
ErAg2,139
ErAgGe,189
ErAgHg2,225
ErAgS2,109
ErAgSe2,19
ErAgSn,186
ErAgSn,189
ErAl,57
ErAl2,227
ErAl2Ni,63
ErAl3,221
ErAl3Ni2,191
ErAl4Ni,63
ErAlAu,62
ErAlCu,189
ErAlGa,187
ErAlNi,189
ErAlPd,189
ErAlZn,194
ErAsPd,62
ErAsPt,194
ErB2Ru3,191
ErB3Mo,11
ErBPd3,221
ErBi,225
ErBiPd,216
ErBiPt,216
ErCdCu4,216
ErCdGa,189
ErCdNi4,216
ErCoGe2,63
ErCoSi2,63
ErCrO4,141
ErCu,221
ErCu4Ag,216
ErCu4Pd,216
ErCu5,216
ErCuAs2,129
ErCuGe,186
ErCuGe,187
ErCuPb,186
ErCuPb,194
ErCuSi,187
ErCuSi,194
ErCuSn,194
ErGa,63
ErGa2,191
ErGa2Ni,63
ErGa2Pd,63
ErGa3,221
ErGa3Ru,221
ErGa5Co,123
ErGaAg,12
ErGaCo,62
ErGaIr,62
ErGaPd,62
ErGaRh,62
ErGe,63
ErGeIr,62
ErGePd2,62
ErGeRh,62
ErGeRu,62
ErIn,221
ErIn3,221
ErIn5Co,123
ErInAg2,225
ErInAu,189
ErInAu2,225
ErInCu,189
ErInCu2,225
ErInNi,189
ErInPd,189
ErInPd2,225
ErInPt,189
ErInPt4,216
ErMgPd,189
ErNbOs2,225
ErNi4Au,216
ErNiBi,216
ErNiGe3,65
ErNiP,194
ErNiSb,216
ErPPd,62
ErPbAu,216
ErPd,221
ErPd3,221
ErPd3S4,223
ErPdPb,189
ErPt,62
ErPt2,227
ErPt3,221
ErSb,225
ErSbPd,216
ErSbPt,216
ErScZn2,225
ErSi,63
ErSi2,141
ErSi2Rh3,191
ErSiAg,187
ErSiAg,189
ErSiIr,62
ErSiPd2,62
ErSiPt,62
ErSiPt2,62
ErSiRu,62
ErSn2,63
ErSn3,221
ErSnAu,186
ErSnAu,216
ErSnGe,63
ErSnIr,189
ErSnPd,62
ErSnPd,189
ErSnPd2,225
ErSnPt,189
ErSnRh,189
ErTaOs2,225
ErTlPd,189
ErTlZn,194
ErVB4,55
ErZn,221
ErZnGa,186
ErZnGa,194
ErZnIn,194
ErZnPt,62
ErZrSb,139
Eu(AlZn)2,139
Eu(GeRu)2,139
Eu(ZnGa)2,139
Eu2AgGe,225
Eu2AgPd,225
Eu2CdGa,225
Eu2Ga7Ag,115
Eu2GaAg3,8
Eu2ZnGa,225
Eu2ZnIn,225
EuAg2Sn,225
EuGa3Ag,119
EuGaAg,12
EuGaAg4,65
EuGaSi,187
EuInAg2,225
EuInAu2,225
EuMnIn,187
EuSiAg,187
EuTiO3,221
EuZnGa,12
EuZnGe,51
EuZnGe,187
EuZnIn,12
EuZnIn3,107
Fe(BW)2,127
Fe(RhS2)2,227
Fe2B,123
Fe2B4Mo,71
Fe2CoGe,225
Fe2CuGe2,51
Fe2Re3,213
Fe2W,194
Fe3N,20
Fe3Pd,221
Fe6W6C,227
FeB2,62
FeB2,191
FeB4,58
FeBW,62
FeBiO3,62
FeCo2Ge,225
FeCo2Si,225
FeCo3,221
FeCu2Sn,225
FeCuNi,156
FeCuPt2,123
FeGe,191
FeGeMo,216
FeGeRu2,225
FeGeW,216
FeNiMo,216
FeO,225
FePbW,216
FePbW2,216
FePd,123
FePd3,221
FeS2,205
FeSe2,58
FeSi,198
FeSiMo,216
FeSiRu2,225
FeSiW,216
FeSnMo,216
FeSnRu2,225
FeSnW,216
FeTe,129
FeTe2,58
FeWC,216
FeWN2,194
Ga,12
Ga2Au,225
Ga2CoRu,225
Ga2Cu,123
Ga2HgTe4,82
Ga2IrRu,225
Ga2NiRu,225
Ga2O3,12
Ga2Os,70
Ga2PbSe4,66
Ga2Pt,225
Ga2Ru,70
Ga2Ru,227
Ga2RuPt,71
Ga2RuPt,225
Ga2RuRh,225
Ga2TeO6,136
Ga3Ag,139
Ga3Ag,194
Ga3Ag,225
Ga3Co,136
Ga3Ni2,164
Ga3Ni5,65
Ga3Os,136
Ga3Pd7,12
Ga3Pt2,164
Ga3Ru,136
Ga40AgMo8,148
Ga4Cu9,215
Ga5Ag13,1
Ga5Pd,140
Ga7Ni3,229
GaAg,221
GaAg2,189
GaAg3,187
GaAg3,194
GaAg3,221
GaAgO2,194
GaAgS2,122
GaAgTe2,122
GaAs,44
GaAs,123
GaAs,186
GaAs,205
GaAs,216
GaAu,62
GaAu2,36
GaAuO2,194
GaBi,216
GaBiO3,54
GaBiO3,221
GaCo,221
GaCo2Ni,123
GaCo2Ni,139
GaCo2Ni,225
GaCoMo,216
GaCoRu2,216
GaCoW,216
GaCuO2,194
GaCuPd2,71
GaCuPt2,123
GaCuPt2,225
GaCuS2,122
GaCuTe2,122
GaFe2Co,225
GaFe2Ni,225
GaFe3,221
GaFeCo2,225
GaFeNi2,225
GaFeRh2,225
GaFeRu2,71
GaFeRu2,225
GaGeRu2,225
GaIr,221
GaIrW,216
GaMo3,223
GaN,186
GaN,216
GaNi,221
GaNi2,194
GaNi3,221
GaP,186
GaP,216
GaP,225
GaPPt5,123
GaPd,198
GaPt,198
GaPt3,140
GaPt3,221
GaReAs,216
GaReTc2,71
GaRh,221
GaRhW,216
GaRu,221
GaSb,216
GaSiRu2,225
GaSnRu2,71
GaTc2W,225
Gd(Al5Ru)2,63
Gd(AlC)3,194
Gd2AlZn,225
Gd2GaAg,225
Gd2Hf2O7,227
Gd2IrRu,225
Gd2Sn2O7,227
Gd2Ti2O7,227
Gd2ZnAg,225
Gd2ZnGa,225
Gd2ZnIn,225
Gd2Zr2O7,227
Gd3AlC,221
Gd3GaO6,36
Gd3Ge13Ru4,223
Gd3InN,221
GdAg,221
GdAlGa,187
GdAlO3,62
GdAlZn,194
GdAlZnGe2,156
GdBiPd,216
GdBiPt,216
GdCuSi,187
GdGa3Ru,221
GdGeRu,62
GdMoC2,62
GdNiBi,216
GdNiSb,216
GdPaRu2,225
GdPbAu,216
GdSbPt,216
GdSnAu,216
GdVO4,141
GdZnGa,194
GdZnGe,187
GdZnIn,194
GdZnSi,187
Ge,141
Ge,194
Ge,206
Ge,227
Ge(SeO3)2,205
Ge2Mo,62
Ge2Mo,139
Ge2Pt,58
Ge2W,62
Ge2W,139
Ge3As4,215
Ge3Ir2S3,200
Ge3Mo5,140
Ge3Mo5C,193
Ge3N4,176
Ge3N4,220
Ge3N4,227
Ge3Pt2,62
Ge3Rh5,55
Ge3Ru2,60
Ge3Ru2,116
Ge3W5,140
Ge7Ir3,229
GeAs,107
GeC,216
GeC,225
GeMo3,223
GeO2,60
GeO2,136
GeO2,205
GeOsW,216
GeP,107
GePbO3,221
GePd,62
GePd2,189
GePt2,189
GePtSe,29
GeRh,198
GeRh2,62
GeRu,198
GeS2,122
GeSe,225
GeTe,225
H2W,62
HPd,225
HW,194
Hf,191
Hf,194
Hf(Al2Fe)4,139
Hf(AlFe)6,71
Hf(BH4)4,215
Hf(CoGe)6,191
Hf(CoSi)2,139
Hf(CuP)2,164
Hf(FeGe)6,191
Hf(FeSi)2,57
Hf(GaFe)6,71
Hf(MnGe)6,191
Hf(SiNi)2,139
Hf10(AlSi)3,189
Hf10SiMo3,194
Hf2(Ni7B2)3,225
Hf20Si12B,10
Hf27(Si3P5)2,71
Hf2Ag,139
Hf2Al,140
Hf2Al3C4,194
Hf2Al3Zn,166
Hf2AlSi,38
Hf2Au,139
Hf2BeRe,71
Hf2BiB,216
Hf2CS,194
Hf2Cd,139
Hf2Co3Si4,60
Hf2CoP,11
Hf2CoRe,225
Hf2CoRu,71
Hf2CoTc,225
Hf2Cr3Si,194
Hf2Cr4Si5,72
Hf2Cu,139
Hf2CuGe4,63
Hf2CuMo,71
Hf2CuRe,225
Hf2CuRh,225
Hf2CuSb3,115
Hf2CuSi3,123
Hf2CuSi4,63
Hf2Fe,227
Hf2Fe3Si,194
Hf2FeCo,71
Hf2FeCu,71
Hf2FeIr,225
Hf2FeOs,225
Hf2FeRe,71
Hf2FeRh,71
Hf2FeRh,225
Hf2FeRu,71
Hf2FeTc,225
Hf2Ga,140
Hf2Ga3,43
Hf2GaSb3,115
Hf2Ge,140
Hf2H2Pd,139
Hf2Hg,139
Hf2In5,127
Hf2InC,194
Hf2Ir,227
Hf2IrRh,225
Hf2MgRe,71
Hf2MnCo,71
Hf2MnFe,139
Hf2MnOs,225
Hf2MoIr,225
Hf2MoPd,71
Hf2MoPt,71
Hf2MoPt,225
Hf2MoRh,225
Hf2Nb3Ge4,62
Hf2Ni,140
Hf2Ni2Sn,127
Hf2Ni2Sn,136
Hf2NiMo,71
Hf2Pd,139
Hf2Pd,227
Hf2PdRh,71
Hf2ReAg,71
Hf2ReHg,71
Hf2ReRh,225
Hf2ReRu,71
Hf2Rh,227
Hf2S,194
Hf2SbP,194
Hf2Sc3Si4,92
Hf2Si,140
Hf2Si4Mo3,62
Hf2Si4Ni3,64
Hf2Si4Ru3,15
Hf2SiAs3,115
Hf2SiMo3,194
Hf2SiNi3,194
Hf2TcOs,225
Hf2TcPd,225
Hf2TcRu,225
Hf2TiIr,71
Hf2V3Ge,194
Hf2VOs,71
Hf2VSi2,123
Hf2Zn,139
Hf2ZnFe,71
Hf2ZnOs,71
Hf2ZnRe,225
Hf2ZnRh,71
Hf2ZnTc,71
Hf3(Cu2Ge)2,189
Hf3(Cu2Si)2,189
Hf3(CuSi)4,71
Hf3(NbGe2)2,62
Hf3(Ni10B3)2,225
Hf3(NiGe)4,71
Hf3Al2,136
Hf3AlGe5,38
Hf3As2,62
Hf3B2Ir5,127
Hf3Co2Si3,63
Hf3Fe2Si3,63
Hf3Ge,86
Hf3Ge,139
Hf3Ge2,127
Hf3GeMo8,156
Hf3In4,127
Hf3Nb2Ga3,193
Hf3P2,62
Hf3Rh5,55
Hf3Sb,82
Hf3ScSi4,6
Hf3Si,194
Hf3Si2,127
Hf3Si3Ni2,63
Hf3SiMo8,156
Hf3TaFe8,156
Hf3Zn3C,227
Hf3Zn3N,227
Hf4AgPd,123
Hf4Al3,191
Hf4AlSi,97
Hf4Co4Ge7,139
Hf4Co4Si7,139
Hf4Co7Ge6,229
Hf4CuP,124
Hf4CuSi3,25
Hf4CuSi4,12
Hf4Fe,227
Hf4Fe4Ge7,139
Hf4FeP,124
Hf4GeSb7,6
Hf4NbGe4,62
Hf4NiP,124
Hf4Si7Ni4,139
Hf4USi4,76
Hf4ZnGa11,99
Hf5Al3N,193
Hf5CuPb3,193
Hf5CuSn3,193
Hf5FeSb2,140
Hf5Ga3,193
Hf5Ge3,193
Hf5Ge4,62
Hf5Ir3,193
Hf5P7Pd9,38
Hf5Pb,123
Hf5Sb3,62
Hf5Sc,189
Hf5Sc5Ge6,38
Hf5Sc5Si6,38
Hf5ScSi4,83
Hf5Si3,193
Hf5Si4,92
Hf5Sn3,193
Hf5Sn4,193
Hf5ZnSb3,193
Hf6Al16Os7,225
Hf6Al16Pd7,225
Hf6Al16Pt7,225
Hf6Al16Rh7,225
Hf6Al2Fe,189
Hf6Al2Pt,189
Hf6Co16Ge7,225
Hf6Co16Si7,225
Hf6CoBi2,189
Hf6Fe16Si7,225
Hf6FeSb2,189
Hf6Ga2Fe,189
Hf6Ga2Ni,189
Hf6Ni16Ge7,225
Hf6NiSb2,189
Hf6Si7Ni16,225
Hf6Zn16Cu7,225
Hf8GeMo5,38
Hf9FeMo4,194
Hf9FeRe4,194
Hf9FeW4,194
Hf9GeMo4,194
Hf9Re4Ge,194
Hf9Re4Si,194
Hf9SiMo4,194
HfAg,129
HfAgAu2,71
HfAgB,216
HfAl,63
HfAl2,194
HfAl2Zn,123
HfAl3,139
HfAlAg,216
HfAlAu,216
HfAlAu2,225
HfAlCo2,225
HfAlCu2,225
HfAlFe,38
HfAlFe2,225
HfAlIr2,225
HfAlNi2,225
HfAlPd2,225
HfAlPt,190
HfAlRu2,225
HfAlZn,74
HfAs,194
HfAs2,62
HfAsIr,216
HfAsRh,216
HfAsRu,189
HfAu,129
HfAu4,62
HfB,225
HfB12,225
HfB2,191
HfB4Ir3,176
HfBAu,216
HfBRh3,221
HfBe,63
HfBe13,226
HfBe2,191
HfBe5,191
HfBeAu2,71
HfBeIr2,225
HfBeSi,194
HfBiIr,216
HfBiRh,216
HfC,216
HfC,225
HfCd,129
HfCo,221
HfCo2,227
HfCo2Sn,225
HfCo3B2,191
HfCoAs,62
HfCoAs,216
HfCoBi,216
HfCoGe,62
HfCoP,216
HfCoSb,216
HfCoSi,38
HfCoSi,62
HfCoSn,189
HfCoSn,190
HfCr2,227
HfCrAu2,71
HfCrGe2,55
HfCrSi,62
HfCrSi2,55
HfCuB,216
HfCuGe,62
HfCuGe,139
HfCuGe2,129
HfCuGeAs,129
HfCuHg2,216
HfCuP,156
HfCuSb,216
HfCuSi,62
HfCuSi2,129
HfCuSn,186
HfFe2,194
HfFe2,227
HfFe2Sn,225
HfFeAs,62
HfFeBi,216
HfFeGe,189
HfFeGe2,55
HfFeP,62
HfFeSb,62
HfFeSe,216
HfFeSi,62
HfFeSi2,71
HfFeTe,216
HfGa2,141
HfGa2Ag,123
HfGa2Co,107
HfGa3,139
HfGa4Co,123
HfGaAg,216
HfGaAu,187
HfGaAu,216
HfGaCo,189
HfGaCo2,225
HfGaCu,194
HfGaNi,189
HfGaNi2,225
HfGaPd,190
HfGaPt,189
HfGaRh,189
HfGaRh2,225
HfGaRu2,225
HfGe2,63
HfGe2Rh,55
HfGe2Ru,55
HfGeB2,216
HfGeIr,62
HfGeMo,62
HfGeOs,189
HfGePd,11
HfGePd,216
HfGePt,62
HfGePt,216
HfGeRh,62
HfGeRh,189
HfGeRh2,71
HfGeRu,189
HfGeRu2,225
HfH2,139
HfInAu,216
HfInAu2,225
HfInCo2,225
HfInCu2,123
HfInCu2,225
HfInNi2,225
HfInPd2,225
HfInRu2,71
HfIr3,221
HfMg14Fe,38
HfMg14Fe,187
HfMg14Si,38
HfMg14Si,187
HfMg6Fe,38
HfMg6Si,38
HfMgZn2,71
HfMn2,194
HfMnCo2,71
HfMnGe,189
HfMnGe2,55
HfMnRh2,225
HfMnSi,62
HfMnSi2,55
HfMnTe,216
HfMnTl,216
HfMo2,227
HfMoP,189
HfN,221
HfN,225
HfN2,194
HfN2,205
HfNbB2,38
HfNbP,62
HfNbSi,38
HfNi2,227
HfNi2Sb,194
HfNi2Sn,225
HfNiC,216
HfNiGe,62
HfNiGe,216
HfNiP,62
HfNiPb,216
HfNiSb,216
HfNiSn,216
HfO2,14
HfO2,62
HfO2,225
HfOs,221
HfOs3,221
HfP,194
HfPRh,216
HfPRu,189
HfPbO3,221
HfPbS3,62
HfPd3,194
HfPd3,221
HfPd5,65
HfPdPb,216
HfPt,63
HfPt,221
HfPt3,194
HfPt3,221
HfPtPb,216
HfRe2,194
HfReSi,189
HfReSi2,55
HfRh,221
HfRh3,221
HfRu,221
HfRu3,221
HfS2,164
HfSO,198
HfSb,63
HfSb2,58
HfSb2,129
HfSbIr,216
HfSbRh,216
HfSbRu,216
HfSc3Si8,25
HfScCo2,225
HfScGe4,38
HfScHg2,71
HfScRu2,225
HfScSi2,38
HfSi,62
HfSi2,63
HfSiIr,62
HfSiMo,62
HfSiNi,62
HfSiNi,216
HfSiO4,141
HfSiOs,46
HfSiOs,189
HfSiPd,62
HfSiPd,216
HfSiPt,62
HfSiPt,216
HfSiRh,62
HfSiRu,46
HfSiRu,189
HfSiRu2,225
HfSiTc2,71
HfSiW,38
HfSiW,62
HfSiW4,216
HfSn,198
HfSnIr,189
HfSnPd,216
HfSnPt,216
HfSnRh,189
HfSnRh,190
HfSnRu2,225
HfTaFe2,71
HfTaFe4,164
HfTaMo2,71
HfTaOs2,71
HfTaRe2,225
HfTaSi,38
HfTaTc2,225
HfTc,221
HfTc2,194
HfTc2Ge,71
HfTc2Mo,71
HfTc2W,225
HfTeRu,216
HfThTc2,225
HfTiFe2,71
HfTiFe4,164
HfTiRe2,71
HfTiZn2,225
HfTlAu,216
HfU3Sb5,193
HfV2,227
HfV2O7,205
HfVF6,225
HfVGe,129
HfVGe,139
HfVP,62
HfVSi,38
HfVSi,129
HfW2,227
HfZn2,227
HfZn2Ga,123
HfZn2Ga,160
HfZnCu2,225
HfZnIr2,225
HfZnNi2,225
HfZnPt2,225
HfZnRh2,71
HfZnSi,216
HfZrCo2,71
HfZrFe2,225
HfZrFe4,216
HfZrRu2,71
HfZrZn2,225
Hg2Pt,123
Hg2Sb2O7,227
Hg4Pt,229
Hg5Pd2,127
HgAsPd5,123
HgPPd5,123
HgPPt5,123
HgPd,123
HgPt,123
HgPt3,221
Ho(Al5Ru)2,63
Ho(AlC)3,194
Ho(CuGe)2,139
Ho(CuSi)2,139
Ho(GePd)2,139
Ho(GeRh)2,139
Ho(GeRu)2,139
Ho(MnSn)6,191
Ho(Ni2As)2,136
Ho(NiGe)2,139
Ho(PRu)2,139
Ho(SiAu)2,139
Ho(SiIr)2,139
Ho(SiNi)2,139
Ho(SiOs)2,139
Ho(SiPd)2,139
Ho(SiRh)2,139
Ho(SiRu)2,139
Ho2(Ga3Ru)3,63
Ho2Al,62
Ho2AlRu,225
Ho2AlZn,225
Ho2BiO2,139
Ho2CoRu,225
Ho2CuGe6,38
Ho2CuOs,225
Ho2GaAg,225
Ho2GaRu,123
Ho2Ge2Ru,12
Ho2Ge5Ru3,72
Ho2Ge6Pd,38
Ho2Hf2O7,227
Ho2In,194
Ho2InCu2,127
Ho2InHg,225
Ho2InNi2,65
Ho2InPd2,127
Ho2MgGe2,127
Ho2Ni12As7,174
Ho2NiAs2,194
Ho2NiGe6,38
Ho2NiSn6,65
Ho2PdRu,225
Ho2Ru2O7,227
Ho2RuAu,225
Ho2Sn2O7,227
Ho2Sn5Rh3,36
Ho2ZnGa,225
Ho2ZnIn,225
Ho3(Al3Ru)4,194
Ho3Al2,136
Ho3AlC,221
Ho3AlN,221
Ho3Cu3Sb4,220
Ho3Ga15Ru4,62
Ho3Ga8Ag3,71
Ho3GaC,221
Ho3GaO6,36
Ho3Ge13Os4,223
Ho3Ge13Rh4,223
Ho3Ge13Ru4,223
Ho3Ge3Ru2,63
Ho3InN,221
Ho3Pd2,127
Ho3Ru,62
Ho3Sb4Au3,220
Ho3Sn7,65
Ho4CdCo,216
Ho4CdRh,216
Ho4Ga12Fe,229
Ho4Ga12Ni,229
Ho4Ga12Pd,229
Ho4Ga16Co3,123
Ho4Ge6Ir7,229
Ho4Ge6Rh7,229
Ho4Ge8Ru,25
Ho4InRh,216
Ho4Sb3,220
Ho5Ni2Sb,140
Ho5Sb3,193
Ho5SbAu2,140
Ho6Bi2Rh,189
Ho6GaCo2,71
HoAg,221
HoAg2,139
HoAgGe,189
HoAgPb,186
HoAgSe2,19
HoAgSn,186
HoAgSn,187
HoAl2,227
HoAl3,221
HoAlGa,187
HoAlNi,189
HoAsPd,62
HoB2Ru3,191
HoB4Ru,55
HoBPd3,221
HoBi,225
HoBiPd,216
HoBiPt,216
HoCdCu4,216
HoCdNi4,216
HoCo3Cu2,191
HoCoC2,38
HoCrO4,141
HoCu,221
HoCu4Ag,216
HoCu5,191
HoCuAs2,129
HoCuGe,187
HoCuP2,129
HoCuPb,186
HoCuSb2,129
HoCuSi,187
HoCuSi,194
HoCuSn,194
HoErIn2,225
HoGa2,191
HoGa2Pd,63
HoGa3,221
HoGa3Ru,221
HoGa5Co,123
HoGaAg,12
HoGaNi,62
HoGaO3,62
HoGaPt,62
HoGe,63
HoGeAu,216
HoGeIr,62
HoGeRh,62
HoGeRu,62
HoIn,221
HoIn3,221
HoIn5Co,123
HoIn5Rh,123
HoInAg2,225
HoInAu,189
HoInAu2,225
HoInCu2,225
HoInIr,189
HoInNi,189
HoInPd,189
HoInPt,189
HoInPt4,216
HoInRh,189
HoLuIn2,225
HoMg2Sc,225
HoMgIn,189
HoMgSn,139
HoMnGa,189
HoMnGe,62
HoMnIn,187
HoNbOs2,225
HoNbRu2,225
HoNi4Au,216
HoNiBi,216
HoNiC2,38
HoNiSb,216
HoPbAu,216
HoPd,221
HoPd3,221
HoPd3S4,223
HoPt2,227
HoPt3,221
HoRe2,194
HoSb,225
HoSbPd,216
HoSbPt,216
HoSi,62
HoSi,63
HoSi2Rh3,191
HoSi3Ir,107
HoSiIr,62
HoSiPt2,62
HoSiRh,62
HoSiRu,62
HoSn2,63
HoSn3,221
HoSnAu,186
HoSnAu,194
HoSnAu,216
HoSnGe,63
HoSnIr,189
HoSnPd,62
HoSnPd2,225
HoSnPt,189
HoSnRh,189
HoTaOs2,225
HoTiSi,129
HoTlPd,189
HoTmPd2,225
HoVB4,55
HoZn,221
HoZn2,74
HoZnIn,194
HoZnPd2,225
HoZnRh,62
HoZnSi,187
HoZrSb,139
In2Au,225
In2CoS4,227
In2CoSe4,227
In2HgS4,227
In2O3,206
In2Pt,225
In2Pt3,194
In2SbAs,160
In2SnPb,71
In3Co,136
In3Ir,62
In3Ir,136
In3Ni2,164
In3Pd2,164
In3Rh,136
In3Ru,118
In3Ru,136
In3S4,227
In4Ag9,215
In4Au9,215
In4Cu9,215
In5AgSe8,111
In5AgTe8,111
In5B4Ir9,189
In5Se5Br,31
In7Pt3,229
InAg3,221
InAgO2,194
InAgPd2,71
InAgS2,122
InAgTe2,122
InAs,205
InAs,216
InAs,225
InAsPt5,123
InAuO2,194
InBi,129
InBi,216
InBiO3,33
InBiO3,62
InBiO3,221
InBr,63
InCoSi2,225
InCoW,216
InCu2,194
InCuO2,194
InCuPd2,225
InCuPt2,123
InCuSe2,122
InFeAs,216
InFeCo2,225
InFeNi,187
InFeO3,194
InGaO3,194
InGaP2,160
InGaTe2,140
InHO2,58
InHO2,198
InHO2,205
InHg,166
InHgW2,225
InIrW,216
InN,186
InN,216
InN,225
InNi,191
InNi,221
InNi2,194
InNi3,194
InNi3,221
InP,186
InP,216
InP,225
InP3,166
InPPd5,123
InPPt5,123
InPd,221
InPd2,62
InPd3,139
InPd3,221
InPt3,221
InPt3C,221
InReGe,216
InRh,221
InRhW,216
InRu3,194
InSb,25
InSb,186
InSb,216
InSb,221
InSb,225
InSbS3,62
InSiIr,216
InSiPt5,123
InSn2I5,140
InTe,221
InTe,225
Ir3W,194
IrOsRu,156
IrOsW,216
IrW,51
K(BH)3,225
K(InAu2)2,140
K(SnAu)3,59
K2AgAs,63
K2AgBi,20
K2AgBi,63
K2AgP,63
K2AgSb,63
K2AlF5,123
K2As2Pd,63
K2CuAs,63
K2CuP,63
K2CuSb,63
K2HfF6,225
K2Mg5Sn3,139
K2MnCl6,225
K2MnF6,225
K2NaGaAs2,72
K2NaGaP2,72
K2NaInAs2,72
K2NaInP2,72
K2NaInSb2,64
K2NiAs2,63
K2NiF6,225
K2P2Pd,63
K2PdBr4,123
K2PdCl4,123
K2PdCl6,225
K2PtBr4,123
K2PtBr6,225
K2PtCl6,225
K2ReBr6,225
K2ReCl6,225
K2SeBr6,225
K2SiF6,225
K2SnBr6,225
K2SnCl6,225
K2TcCl6,225
K2TeBr6,225
K2TiCl6,225
K2ZnF4,139
K3(Mg10In7)2,221
K34(Zn4In17)5,166
K3Ag3As2,166
K3AlF6,225
K3Bi,194
K3Bi,225
K3BiSe3,198
K3BiTe3,198
K3Cu3As2,166
K3Cu3P2,166
K3Sb,225
K3SbS3,198
K3SbSe3,198
K3SbTe3,198
K3WF6,225
K3ZnH5,140
K4Si23,223
K4Sn23,223
K4ZnAs2,166
K4ZnP2,166
K5CuAs2,194
K5CuSb2,166
K5Sb4,12
K7NbAs4,31
K7TaAs4,31
K8SnSb4,227
KAgC2,123
KAgF3,62
KAgO,139
KAgTe,216
KAlO2,227
KAlTe2,140
KBaAs,216
KBaBi,216
KBaCl,216
KBaGe,216
KBaP,216
KBaPb,216
KBaSb,216
KBaSn,216
KCaAs,216
KCaBi,216
KCaP,216
KCaSb,216
KClO4,216
KCoO2,129
KCrF3,140
KCrO2,194
KCuF3,127
KCuF3,140
KCuO,139
KCuO,216
KCuS,33
KCuSe,194
KCuTe,194
KCuTe,216
KEr3F10,225
KGa3,119
KHfNi,216
KHgSb,194
KIn4,139
KIn9Ni2,191
KLaPb,216
KLaSn,216
KLiTe,216
KMgAs,216
KMgSb,216
KMnF3,221
KMnRu,216
KMnTe2,119
KNa2Sb,225
KNaBi,216
KNaSb,216
KNaSe,216
KNaTe,216
KNbO3,38
KNbS2,194
KNbSe2,194
KNiF3,221
KPdF3,221
KSbO3,227
KSnSb,186
KSrAs,216
KSrBi,216
KSrP,216
KSrSb,216
KTaO3,221
KTaPt,216
KTb3F10,225
KVF3,221
KY3F10,225
KYGe,216
KYSn,216
KZn13,226
KZnAs,187
KZnF3,221
KZnP,194
KZnSb,187
KZnSb,194
La(Al10V)2,227
La(Al2Fe)4,139
La(Al5Ru)2,63
La(AlZn)2,139
La(BRu)4,86
La(CuGe)2,139
La(CuSi)2,139
La(Ge2Rh3)2,187
La(GeIr)2,129
La(GePd)2,139
La(GePt)2,129
La(GePt)2,139
La(GeRh)2,139
La(GeRu)2,139
La(NiAs)2,139
La(P3Ru)4,204
La(PRu)2,139
La(Sb3Ru)4,204
La(SbPd)2,129
La(SiAg)2,139
La(SiIr)2,129
La(SiIr)2,139
La(SiOs)2,139
La(SiPd)2,139
La(SiPt)2,129
La(SiPt)2,139
La(SiRh)2,139
La(SiRu)2,139
La(TiAl10)2,227
La10Si8O3,191
La2(Ga3Ru)3,63
La2AgRu,225
La2Al2Ge,63
La2Al2I,194
La2AlZn,71
La2AlZn,123
La2CdIn,225
La2GaAg,225
La2GaIr,71
La2Ge5Ru3,72
La2Hf2O7,227
La2InGa,71
La2InPd2,127
La2InRh2,127
La2IrRu,71
La2Pd2O5,84
La2Pd2Pb,127
La2Sb,139
La2Sn2O7,227
La2Ti2O7,227
La2ZnGa,225
La2ZnHg,225
La2ZnIn,71
La2Zr2O7,227
La3(GaRu)2,11
La3Al,194
La3Al,221
La3AlC,221
La3AlN,221
La3Bi4Pt3,220
La3Ga,221
La3GaBr3,221
La3Ge,62
La3HfSb5,193
La3In,221
La3InB,221
La3InC,221
La3InN,221
La3MgBi5,193
La3Sb4Au3,220
La3ScBi5,193
La3Sn,221
La3Sn13Ir4,223
La3Sn13Rh4,223
La3Sn13Ru4,223
La3Sn4,63
La3Sn7,65
La3TaO7,65
La3ZrSb5,193
La4Bi3,220
La4CdRu,216
La4Ge3,220
La4MgIr,216
La4MgRu,216
La4Sb3,220
La5Al2Ru3,199
La5Sb3Br,193
La5Si3,140
La5Sn3Br,193
La5Sn3Cl,193
La5Sn3I,193
La7Pt3,186
LaAg,123
LaAg,221
LaAgGe,186
LaAgGe,216
LaAgPb,186
LaAl,63
LaAl2,227
LaAl2BRu2,123
LaAl3Pd2,191
LaAl4,139
LaAl4Co,51
LaAlHg,216
LaAlO3,221
LaAlZn,12
LaAsPd,194
LaAsPd,216
LaB2Ru3,191
LaBPt2,180
LaBi,225
LaBiPd,216
LaCd2In,71
LaCd2Pd,63
LaCdPd,189
LaCoS,216
LaCoSe,216
LaCoSi3,107
LaCoTe,216
LaCrO3,221
LaCrS3,62
LaCrSe3,62
LaCu,62
LaCuC,216
LaCuGe,187
LaCuPb,194
LaCuSi,187
LaCuSi,194
LaCuSn,187
LaEuAg2,225
LaFeF,216
LaFeO3,221
LaGa2,191
LaGaPd2,62
LaGaPt,62
LaGe,62
LaGe,63
LaGe2Ir3,191
LaGe2Pd,63
LaGe2Rh,63
LaGe3Os,107
LaGe3Rh,107
LaGe3Ru,107
LaGeRu,129
LaHgPd,189
LaHoRu2,225
LaIn,221
LaIn3,221
LaInAg2,225
LaInAu,189
LaInCu,189
LaInCu2,225
LaInHg,216
LaInO3,62
LaInPd,189
LaInPd2,194
LaInPt,189
LaInPt4,216
LaInRh,189
LaInW,216
LaMgAg,189
LaMgAg2,225
LaMgGa,189
LaMgNb2,225
LaMgNi4,216
LaMgPd,189
LaMgTl,216
LaMnIn,187
LaMnO3,221
LaNi,63
LaNi2Rh3,191
LaNiAs,216
LaNiBi,216
LaNiGe2,63
LaNiO2,123
LaNiP,216
LaNiSb,216
LaOF,216
LaPPd,194
LaPd,63
LaPd3,221
LaPd3S4,223
LaPd5,191
LaPdPb,189
LaPt,63
LaPt2,227
LaPt3,221
LaPt5,191
LaRe2W,216
LaReB,216
LaRhS,216
LaRhSe,216
LaRuF,216
LaSb,225
LaSb2,64
LaSbPd,194
LaSbPd,216
LaSbPt,216
LaScAu2,71
LaScSi,139
LaSeBr,216
LaSeCl,216
LaSi,62
LaSi,63
LaSi2,141
LaSi2Rh,63
LaSi2Rh3,191
LaSi3Ir,107
LaSi3Os,107
LaSi3Rh,107
LaSi3Ru,107
LaSiAg,187
LaSiAu,216
LaSiIr,198
LaSiRh,198
LaSmZn2,225
LaSn,63
LaSn2,65
LaSn2Rh,63
LaSn3,221
LaSn3Ru,223
LaSnAu,216
LaSnPd,62
LaSnPd,189
LaTeBr,216
LaTeRh,216
LaTiO3,221
LaTlPd,189
LaTlZn,194
LaYO3,33
LaZn,221
LaZn5,191
LaZnGa,194
LaZnIn,194
Li(CuP)2,139
Li(Mg2Si)2,123
Li(Mg2Si)4,221
Li(Sn3Pd)2,127
Li(YSi)2,127
Li21Si5,216
Li2AgBi,216
Li2AgHg,225
Li2AgPb,216
Li2AgPb,225
Li2AgPd,225
Li2AgSb,216
Li2AgSn,225
Li2AlAg,216
Li2AlPd,216
Li2AlPt,216
Li2AlRh,216
Li2BPd3,212
Li2BiAu,216
Li2CaGa,71
Li2CaGe,225
Li2CaSi,225
Li2CdGe,225
Li2CdPb,216
Li2CdPb,225
Li2CdPd,225
Li2CdSb,225
Li2CdSn,225
Li2CuAg,71
Li2CuAs,194
Li2CuP,194
Li2CuSb,216
Li2CuSn,216
Li2EuIn,225
Li2EuPb,225
Li2Ga,63
Li2GaAg,71
Li2GaAg,216
Li2GaAu,216
Li2GaIr,216
Li2GaPd,216
Li2GaPt,216
Li2GaRh,216
Li2GaSb,225
Li2GeAu,216
Li2GeO3,36
Li2GePd,225
Li2H6Pt,225
Li2HgGe,225
Li2InAg,216
Li2InAu,216
Li2InBi,225
Li2InIr,216
Li2InIr,225
Li2InPd,216
Li2InPt,216
Li2InRh,216
Li2La2Ge3,63
Li2MgIn,225
Li2MgPb,225
Li2MgSi,215
Li2MgSi,216
Li2MgTl,225
Li2PbAu,216
Li2Pd,191
Li2PmGa,225
Li2Pt,191
Li2SbAu,216
Li2SbPd,216
Li2SbPt,216
Li2ScIn,225
Li2Si2O5,37
Li2SnAu,216
Li2SnGe,216
Li2SnPd,216
Li2TlAu,216
Li2TlBi,225
Li2YIn,71
Li2YbGe,225
Li2ZnCl4,227
Li2ZnGa,71
Li2ZnGe,216
Li2ZnIn,71
Li2ZnSn,225
Li3Bi,225
Li3Ga2,166
Li3In2,166
Li3Pd,225
Li3Sb,225
Li5AlO4,59
Li6CoCl8,225
Li6MgBr8,225
Li6VCl8,225
LiAg,141
LiAg,221
LiAg2Au,71
LiAg2Ge,225
LiAg2Pd,225
LiAg2Sn,225
LiAgC2,187
LiAgPd2,71
LiAgSe,216
LiAgTe,216
LiAl,194
LiAl,227
LiAl2Ir,225
LiAl2Pd,225
LiAl2Pt,225
LiAl2Rh,225
LiAl2Ru,71
LiAl3,221
LiAlAg2,225
LiAlGe,216
LiAlO2,92
LiAlPd,187
LiAlSi,216
LiAlTe2,122
LiAlZn2,71
LiAlZn2,225
LiBRu,216
LiBeAs,216
LiBeBi,216
LiBeCu2,71
LiBeP,216
LiBeSb,186
LiBeSb,216
LiBi,123
LiCaAs,216
LiCaBi,216
LiCaGe2,62
LiCaP,216
LiCaRh,216
LiCaSb,216
LiCaSi2,62
LiCdAg2,225
LiCdAs,216
LiCdP,216
LiCdSb,216
LiCeSn,216
LiCo2Ge,225
LiCu2Ge,225
LiCu2Pd,71
LiCu2Si,225
LiCuAg2,71
LiCuO,139
LiCuO,216
LiCuSe,216
LiCuTe,216
LiDyGe,189
LiEr2Ga,225
LiEr2Ru,225
LiFeAs,107
LiFeAs,129
LiGa,227
LiGa2Ag,71
LiGa2Ir,225
LiGa2Pd,225
LiGa2Pt,225
LiGa2Rh,225
LiGa2Ru,225
LiGaAg2,225
LiGaGe,186
LiGaO2,33
LiGaS2,33
LiGaSe2,33
LiGaSi,216
LiGeB,216
LiGePd2,225
LiGeRh2,225
LiHf2Ir,225
LiHfAu2,71
LiHfPd2,225
LiHfPt2,225
LiHoIn2,225
LiHoPd2,225
LiIn,227
LiIn2Ir,225
LiIn2Pd,225
LiIn2Pt,225
LiIn2Rh,225
LiIn2Ru,225
LiInAg2,225
LiInCu2,71
LiInGe,216
LiInIr,187
LiInO2,141
LiInPt,187
LiInSe2,33
LiInSe2,122
LiInSi,216
LiInSn,216
LiInTe2,122
LiLaGe2,62
LiLaIn2,71
LiMg2Ga,225
LiMg2Ge,225
LiMg2Tl,225
LiMgAs,216
LiMgBi,216
LiMgN,216
LiMgP,216
LiMgSb,216
LiMgSbPd,216
LiMgSnPd,216
LiMnO2,141
LiNbO2,194
LiNbRu2,71
LiNbS2,194
LiNdSn,216
LiNi2Ge,225
LiNi2Sn,225
LiOs2W,71
LiPd,187
LiPd,221
LiPd2Pb,225
LiPdW2,225
LiPrSn,216
LiPt,187
LiPt2,227
LiPt7,225
LiSbAu,216
LiSbO3,52
LiSc2Al,71
LiSc2Hg,71
LiSc2Pd,225
LiSc2Ru,225
LiScGe,216
LiScPb,216
LiScRh2,71
LiScSi,216
LiScSn,216
LiSi3Pd,107
LiSiAg2,225
LiSiB,216
LiSiBi,216
LiSiNi2,225
LiSm(CuP)2,164
LiSn4Ru,140
LiSnB,216
LiSnPd2,225
LiTa2Re,71
LiTaBe,216
LiTaOs2,71
LiTaW2,225
LiTb(CuP)2,164
LiTi2O4,227
LiTiRe,216
LiTlAg2,71
LiTlPd2,139
LiV2F6,136
LiV2O4,227
LiVBi,216
LiVRh2,225
LiVRu2,71
LiVSb,216
LiY(CuP)2,164
LiY2Zn,71
LiYGa4,187
LiYGe,189
LiYGe,216
LiYPb,216
LiYSi,189
LiYSi,216
LiYb(CuP)2,164
LiYb2InGe2,62
LiYbPd2,225
LiZn,227
LiZnAs,216
LiZnBi,186
LiZnCd2,71
LiZnGa2,71
LiZnN,216
LiZnP,216
LiZnSb,186
LiZnSb,216
LiZrSc,216
Lu(SiPd)2,139
Lu(SiRu)2,139
Lu2AlRu,225
Lu2AlZn,225
Lu2GaAg,225
Lu2GaRu,225
Lu2In,194
Lu2InPd2,127
Lu2OsPd,225
Lu2PdRu,225
Lu2TlZn,225
Lu2ZnGa,225
Lu2ZnIn,225
Lu3AlN,221
Lu3Co4Ge13,223
Lu3Ga5Ni,189
Lu3Ge13Rh4,223
Lu3Ge13Ru4,223
Lu3Ge3Ru2,63
Lu3Si13Os4,223
Lu3SnC,221
Lu4Ga12Pd,229
Lu4Ge6Ru7,229
Lu4Ge8Ru,25
Lu5SbPd2,140
Lu6Sb2Mo,189
LuAgPb,189
LuAgSn,186
LuAgSn,189
LuB2Ru,62
LuB2Ru3,191
LuBPd3,221
LuBiPd,216
LuBiPt,216
LuCuGe,187
LuCuPb,186
LuCuSi,194
LuGa3,221
LuGa5Co,123
LuGaAg,12
LuGeRu,62
LuHfIr2,225
LuIn3,221
LuInAu2,225
LuInCu2,225
LuInPd2,225
LuInRh,62
LuMg2Sc,225
LuMnIn,187
LuNi2Sn,225
LuNiBi,216
LuNiSb,216
LuPd,221
LuPd2Pb,225
LuPt3,221
LuSbPt,216
LuSiIr,62
LuSnAu,216
LuSnPd2,225
LuTaOs2,225
LuTc2W,225
LuZn,221
LuZrSb,139
Mg(BiO3)2,136
Mg(GaO2)2,227
Mg(InS2)2,227
Mg(PtO2)3,65
Mg(SbO3)2,136
Mg(ScGa)2,127
Mg(ScS2)2,227
Mg(ScSe2)2,227
Mg14AlZn,38
Mg14AlZn,187
Mg14ZnGa,38
Mg14ZnGa,187
Mg16Al12Ru,160
Mg16Al12Zn,8
Mg16Al12Zn,160
Mg16Al12Zn,217
Mg17Al11Zn,8
Mg19Al4Zn15,63
Mg2AgHg,225
Mg2AgIr,225
Mg2AgPd,71
Mg2AgPd,123
Mg2AgPd,225
Mg2Al4Zn3,164
Mg2Al4Zn3,194
Mg2B4Ru5,55
Mg2Cu3Si,194
Mg2CuAg,71
Mg2FeH6,225
Mg2Ga5Cu6,200
Mg2GaPb,71
Mg2Ge,225
Mg2GeO4,227
Mg2HgPd,71
Mg2In,189
Mg2IrPd,71
Mg2Pd,227
Mg2PdAu,225
Mg2Pt,140
Mg2Si,194
Mg2Si,225
Mg2Si,227
Mg2SiO4,164
Mg2SiO4,227
Mg2SiPt,194
Mg2Sn,225
Mg2SnO4,227
Mg2Zn11,200
Mg2ZnAs2,12
Mg2ZnB2Ir5,127
Mg2ZnGa,71
Mg2ZnHg,71
Mg2ZnRh,225
Mg3(Al9Cr)2,227
Mg3(Al9Mo)2,227
Mg3(Al9V)2,227
Mg3(Al9W)2,227
Mg3(MnAl9)2,227
Mg3(Ni10P3)2,225
Mg3(TaAl9)2,227
Mg3(TiAl9)2,227
Mg3In,221
Mg3Nb6O11,164
Mg3Ru2,213
Mg3Sb2,206
Mg3Si8Ir3,216
Mg3TiNi2,227
Mg3ZnC,221
Mg4AlZn11,38
Mg5(Si8Pd5)2,216
Mg5(Si8Pt5)2,216
Mg5Ga2,72
Mg6AlZn,38
Mg6MnO8,225
Mg6Ni16As7,225
Mg6Si7Ni16,225
Mg6ZnGa,38
Mg7GaAg12,160
Mg8BPt4,227
MgAg,221
MgAg3,221
MgAgAs,216
MgAgPd2,71
MgAgSb,129
MgAgSb,216
MgAl2,141
MgAl2Cu,63
MgAl2O4,63
MgAl2O4,227
MgAsPt5,123
MgCdAg2,225
MgCr2O4,227
MgCu2,227
MgCu4Sn,216
MgCuAs,129
MgCuBi,216
MgCuGe,129
MgCuP,62
MgCuP,216
MgCuPb,216
MgCuSb,216
MgCuSn,216
MgGa2,194
MgGaAg2,225
MgGaCu2,71
MgGaNi2,225
MgGeAs2,122
MgGeN2,33
MgGeO3,63
MgGeRu2,71
MgIn,123
MgIn2O4,227
MgIn3,221
MgInAg2,225
MgInCu4,216
MgInHg2,71
MgInNi2,225
MgMoN2,194
MgMoRu2,71
MgNbOs2,225
MgNbRu2,225
MgNi2Sb,225
MgNi2Sn,225
MgNi3B2,181
MgNiBi,216
MgNiH,123
MgNiH2,123
MgNiH3,221
MgNiSb,216
MgOs2W,71
MgPPd5,123
MgPPt5,123
MgPd,221
MgPd2,62
MgPd3,221
MgRu2W,71
MgSbPd,216
MgSbPt,216
MgSbRu2,225
MgSc,221
MgSc2Ga,71
MgSc2Os,225
MgSc2Zn,71
MgSc3Ru2,123
MgScAu2,71
MgScB,216
MgScCu2,71
MgScGa,216
MgScIn,216
MgScNi2,71
MgScRh2,225
MgScTl,216
MgSiN2,33
MgSiO3,62
MgSiO3,63
MgSn4Ru,140
MgSnAu,216
MgTa2O6,136
MgTaRh2,225
MgTaZn,216
MgVO3,36
MgVO3,65
MgVRu2,71
MgZn2,63
MgZn2,194
MgZn2Ru,71
MgZnAg2,123
MgZnAg2,225
Mn,225
Mn(AlS2)2,227
Mn(BW)2,127
Mn(InS2)2,227
Mn(NbS2)3,182
Mn(Ni3O4)2,225
Mn2AlCo,216
Mn2AlCr,225
Mn2AlRe,225
Mn2AlV,225
Mn2AlW,225
Mn2Au,139
Mn2CdO4,141
Mn2CoGe,216
Mn2CoMo,71
Mn2CoSb,216
Mn2CoSi,216
Mn2CoSn,216
Mn2CrCo,225
Mn2FeRe,71
Mn2GaCo,216
Mn2GaRh,216
Mn2GaW,225
Mn2GeO4,55
Mn2GeRu,216
Mn2GeW,71
Mn2InCo,216
Mn2MoP12,15
Mn2Nb,194
Mn2NbAl,225
Mn2NbSb,225
Mn2Sb2O7,227
Mn2SiNi,216
Mn2SiRu,216
Mn2SiW,71
Mn2SnW,225
Mn2Tl2O7,227
Mn2VGa,225
Mn2VGe,225
Mn2VSi,225
Mn2ZnAs2,164
Mn2ZnTe4,227
Mn3(CuBi)4,225
Mn3AgN,221
Mn3CuN,221
Mn3Ge,221
Mn3GeIr,198
Mn3Nb6O11,164
Mn3PdN,221
Mn3Sb,221
Mn3SiIr,198
Mn3SnC,221
Mn3ZnC,221
Mn3ZnN,221
Mn4Ge6Ir7,229
Mn8(Al9Zn)3,63
MnAgPd2,71
MnAl6,63
MnAlAu2,225
MnAlCo2,225
MnAlCu2,225
MnAlFe2,225
MnAlNi2,225
MnAlPd2,225
MnAlPt,194
MnAlPt2,225
MnAlRh2,225
MnAlRu2,225
MnAsPd2,225
MnAsRu,189
MnAu,221
MnAu2,139
MnB2,191
MnB4,71
MnBeRu2,225
MnCo2Ge,225
MnCo2Sb,225
MnCo2Si,225
MnCo2Sn,225
MnCoGe,62
MnCoSb,216
MnCoSi,216
MnCr2O4,227
MnCrRe,216
MnCu2Sb,225
MnCu2Sn,225
MnCu4Sn,216
MnCuAs,62
MnCuAs,129
MnCuP,62
MnCuPd2,225
MnCuSb,216
MnFe2Ge,225
MnFe2Si,225
MnFeAs,216
MnFeSb,216
MnGa,123
MnGaCo2,225
MnGaFe2,123
MnGaGe,129
MnGaIr,216
MnGaNi2,123
MnGaNi2,139
MnGaNi2,225
MnGaPt,194
MnGaPt,216
MnGaPt2,225
MnGaRh2,225
MnGaRu,216
MnGaRu2,225
MnGe,198
MnGePd,189
MnGePd2,225
MnGeRh,189
MnGeRh2,225
MnGeRu2,225
MnHg,221
MnInAgPd,216
MnInCu2,225
MnInFe,187
MnInNi2,225
MnInPd2,225
MnNb2Re,71
MnNb2Tc,71
MnNbAs,216
MnNbGe,189
MnNbP,62
MnNbRu2,225
MnNbSe,216
MnNbSi,189
MnNbTe,216
MnNi2Ge,225
MnNi2Sb,225
MnNi2Sn,225
MnNi3,221
MnNiB,216
MnNiSb,216
MnO,225
MnPRh,189
MnPd,123
MnPd,221
MnPd2,62
MnPd3,139
MnPdAu2,71
MnPt,123
MnPt3,221
MnRePt,216
MnRh,221
MnRh2Pb,225
MnS,221
MnS,225
MnSbAu,216
MnSbIr,216
MnSbMo,216
MnSbPd,216
MnSbPd2,225
MnSbPt,216
MnSbRh,216
MnSbRu2,225
MnSe,194
MnSe,225
MnSiIr,62
MnSiNi,216
MnSiNi2,225
MnSiRu2,225
MnSn2,140
MnSnAu,216
MnSnIr,216
MnSnPd2,225
MnSnPt,216
MnSnRh2,225
MnSnRu2,225
MnTcPd,216
MnTe,194
MnTe,216
MnTe,225
MnTePd,216
MnTlCl3,221
MnV,221
MnV2Cr,225
MnV2Fe,225
MnV2Mo,71
MnV2Ru,225
MnVAs,129
MnVNi,216
MnVRu2,225
MnVTe,216
MnZn,221
MnZn3,221
MnZnPd2,225
Mo(RhO3)2,136
Mo2As3,12
Mo2C,60
Mo3Ir,223
Mo3Os,223
Mo3P,121
Mo3Pt,223
Mo3Pt2N,213
Mo5As4,87
Mo8P5,6
MoAs,62
MoAs2,12
MoC,187
MoC,194
MoC,216
MoC,225
MoF3,221
MoIr,51
MoIr3,194
MoN,194
MoN,216
MoN,221
MoO2,14
MoO2,136
MoO3,62
MoOsPb,216
MoP,187
MoP,216
MoP,225
MoP2,36
MoP4,15
MoPRh,62
MoPRu,62
MoPd2Rh,160
MoPt,51
MoPt2,71
MoPt3,221
MoRh,51
MoRh3,194
MoSBr,216
MoSe2,194
Na2AgAs,63
Na2AgSb,63
Na2CdPb,216
Na2CuAs,63
Na2CuP,63
Na2H6Pt,225
Na2In5Au6,200
Na2LiGaAs2,64
Na2MoO4,227
Na2NiO2,36
Na2PdC2,164
Na2PdSe2,36
Na2WO4,227
Na2ZnGe,63
Na3(GePt)4,217
Na3In2Ag,227
Na3In2Au,227
Na3Sb,194
Na3SbS3,198
Na3SbSe3,198
Na3SbSe4,217
Na3SbTe3,198
Na3Sr3GaAs4,186
Na3Sr3GaP4,186
Na4Si23,223
Na5InO4,59
Na6Cd16Au7,225
Na6CdCl8,225
Na6P4W,186
Na6S2O9,225
Na8SnSb4,227
Na8TiAs4,227
NaAg2,227
NaAg2Pd,71
NaAg3S2,227
NaAgO,119
NaAgO,139
NaAgO,216
NaAgPd2,71
NaAgSe,216
NaAgTe,216
NaAlF4,63
NaAlGe,216
NaAlH4,36
NaAsF6,225
NaBH4,216
NaBeAs,216
NaBeP,216
NaBeSb,194
NaBeSb,216
NaBi,123
NaCaAs,216
NaCaBi,216
NaCaP,216
NaCaPb,216
NaCaSb,216
NaCaSn,216
NaCdIn2,71
NaCdP,216
NaCdSb,62
NaCuO,139
NaCuO,216
NaCuSe,129
NaCuTe,216
NaGa4,139
NaGe2N3,36
NaGeAu3,205
NaIn,227
NaIn2Au,63
NaLi2Bi,225
NaLi2Sb,225
NaLiO,139
NaLiPt,216
NaLiSe,216
NaLiTe,216
NaMgAs,216
NaMgP,216
NaMgSb,216
NaMnO2,59
NaNbO3,127
NaNbO3,221
NaNbS2,194
NaNbSe2,194
NaNiF3,63
NaPF6,225
NaPd3O4,223
NaPt2,227
NaPt3O4,223
NaSbF6,205
NaSbF6,225
NaSbO3,62
NaSbO3,227
NaScGe,216
NaScPb,216
NaScSi,216
NaScSn,216
NaSi2Pd3,44
NaSiAu3,205
NaSrAs,216
NaSrBi,216
NaSrP,216
NaSrRe2,225
NaSrSb,216
NaTaNi,216
NaTaO3,127
NaTaO3,221
NaTiSb,216
NaVF3,221
NaWO3,221
NaYGe,216
NaYSi,216
NaYSn,216
NaZn13,226
NaZnAs,129
NaZnAs,216
NaZnF3,62
NaZnP,129
NaZnP,216
NaZnSb,129
Nb(BMo)2,127
Nb(ZnGa)3,166
Nb2Al,136
Nb2AsC,194
Nb2B3,63
Nb2C,62
Nb2CS,194
Nb2Cd2O7,227
Nb2Co12P7,174
Nb2Co3Si,194
Nb2CrMo,71
Nb2CrOs,71
Nb2CrRe,71
Nb2CrRu,71
Nb2FeMo,71
Nb2FeTc,71
Nb2GaC,194
Nb2InC,194
Nb2MoOs,71
Nb2MoOs,225
Nb2MoRu,71
Nb2MoW,71
Nb2OsW,71
Nb2P5,62
Nb2PC,194
Nb2ReMo,71
Nb2RePd,71
Nb2ReRh,71
Nb2ReRu,71
Nb2ReTc,71
Nb2RuW,225
Nb2Sn2O7,227
Nb2TcNi,71
Nb2TcRu,71
Nb2TcW,71
Nb2VOs,71
Nb2VRu,71
Nb2VTc,71
Nb2VW,71
Nb2ZnO6,60
Nb3(Fe10B3)2,225
Nb3Al,223
Nb3Al2C,213
Nb3Al2N,213
Nb3Au,223
Nb3Au2,139
Nb3Au2,213
Nb3B2,127
Nb3B3C,63
Nb3B4,71
Nb3Bi,223
Nb3Co4B7,63
Nb3Cr3C,227
Nb3CuTe4,176
Nb3Ga,223
Nb3Ga2,127
Nb3Ge,223
Nb3In,223
Nb3Ir,223
Nb3Ni3C,227
Nb3Os,223
Nb3Pb,223
Nb3Pt,223
Nb3Rh,223
Nb3RhSe6,182
Nb3S4,176
Nb3Sb,223
Nb3Sb2Te5,217
Nb3Se4,176
Nb3Si,221
Nb3Si,223
Nb3Si2,127
Nb3Sn,223
Nb3SnS6,193
Nb3Te,223
Nb3Te3As,176
Nb3Te4,176
Nb3Tl,223
Nb3VS6,182
Nb3Zn3N,227
Nb4AlC3,194
Nb4C3,221
Nb4CoSi,124
Nb4CuSi,124
Nb4FeP,124
Nb4FeSi,124
Nb4N3,139
Nb4Ni2C,227
Nb4Ni2N,227
Nb4NiP,124
Nb4O5,137
Nb4Rh2C,227
Nb4SiC3,194
Nb4SiNi,124
Nb4Zn2C,227
Nb5(CuSi)4,87
Nb5(NiP)4,87
Nb5(PPd)4,87
Nb5Ga13,65
Nb5Ga4,193
Nb5Ge3,140
Nb5Ge3B,193
Nb5Sb4,87
Nb5Si3P,193
Nb6Co16Si7,225
Nb6Co7,166
Nb6Si7Ni16,225
Nb7(B4Ru3)2,175
Nb8Zn4C3,227
NbAgO3,221
NbAl3,139
NbAlCo2,225
NbAlFe2,225
NbAlNi,216
NbAlNi2,225
NbAlPt,216
NbAlRu2,225
NbAlZn,38
NbAs,109
NbAs2,12
NbAsOs,216
NbAsRu,216
NbAu2,191
NbB,63
NbB2,191
NbB2W,38
NbBO4,141
NbBPt,216
NbBW,216
NbBi2Mo,216
NbBiOs,216
NbBiRu,216
NbC,194
NbC,216
NbC,221
NbC,225
NbCd3,221
NbCo,221
NbCo2,227
NbCo2Sn,225
NbCo3,186
NbCoAs,62
NbCoC,216
NbCoGe,62
NbCoGe,216
NbCoP,62
NbCoPb,216
NbCoSb,216
NbCoSi,216
NbCoSn,216
NbCr2,227
NbCr2W,71
NbCr3,221
NbCrCo,216
NbCrGe,189
NbCrN,129
NbCrP,62
NbCrRe2,71
NbCrSi,189
NbCrTc2,71
NbCrW,216
NbCu3S4,215
NbCu3Se4,215
NbCu3Te4,215
NbF4,139
NbFeAs,62
NbFeAs,216
NbFeB,187
NbFeBi,216
NbFeP,62
NbFeP,216
NbFeSb,216
NbGa3,139
NbGaCo2,225
NbGaNi,216
NbGaNi2,225
NbGaPd,216
NbGaPt,216
NbGaRu2,225
NbGaTc2,71
NbGe2,180
NbGeAs,129
NbGeIr,62
NbGeIr,216
NbGePt,62
NbGeRh,62
NbGeRh,216
NbGeRu2,225
NbGeSb,129
NbH2,225
NbInNi,107
NbInNi,216
NbInNi2,71
NbInPd,216
NbInPt,216
NbInRu,216
NbInRu2,225
NbIr,51
NbIr,123
NbIr3,221
NbIrC,216
NbIrPb,216
NbMo2W,71
NbMoW,42
NbN,186
NbN,187
NbN,194
NbN,221
NbN,225
NbNi2Sn,225
NbNi3,59
NbNi3,139
NbNiAs,62
NbNiAs2,62
NbNiB,63
NbNiB,216
NbNiB2,62
NbNiP,62
NbNiP2,62
NbO,221
NbO2,136
NbOsPb,216
NbP,109
NbP,141
NbPOs,216
NbPRu,62
NbPRu,216
NbPd2,71
NbPd3,139
NbPt,51
NbPt2,71
NbPt3,59
NbRe2Mo,71
NbReMo,42
NbReMo2,71
NbReSi,189
NbReW2,71
NbRh,51
NbRh,123
NbRh3,221
NbRhC,216
NbRhPb,216
NbRu,123
NbRu,221
NbRu3,221
NbRu3C,221
NbS,194
NbSb2,12
NbSbOs,216
NbSbRh,216
NbSbRu,216
NbSe4,124
NbSi2,180
NbSi2,181
NbSiAs,129
NbSiIr,62
NbSiIr,216
NbSiPd,62
NbSiPt,62
NbSiRh,62
NbSiRh,216
NbSiRu2,225
NbSnIr,216
NbSnRh,216
NbSnRu,216
NbTc2Mo,71
NbTc2W,71
NbTcW2,71
NbTe4,124
NbTlNi,216
NbTlPt,216
NbV2Mo,71
NbVMo2,71
NbVP,62
NbVRe,42
NbZn3,221
NbZnCo2,225
NbZnRu2,225
Nd(AgGe)2,139
Nd(Al2Cu)4,139
Nd(Al5Ru)2,63
Nd(AsPd)2,139
Nd(CuGe)2,139
Nd(CuSi)2,139
Nd(GePd)2,139
Nd(GeRu)2,139
Nd(P3Ru)4,204
Nd(SiAg)2,139
Nd(SiPd)2,139
Nd(SiRu)2,139
Nd(ZnGa)2,139
Nd2(CuAg)5,47
Nd2(Ga3Ru)3,63
Nd2(Zn2Ge)3,189
Nd2CuIr,225
Nd2GaAg,225
Nd2Ge2Ru,12
Nd2In,194
Nd2InAg,225
Nd2MgCu2,127
Nd2ZnGa,225
Nd2ZnIn,225
Nd3(Al3Ru)4,194
Nd3(GeRu)2,57
Nd3Cu3Sb4,220
Nd3Ge13Ru4,223
Nd3In,221
NdAg,221
NdAg2,191
NdAgAs2,62
NdAgAs2,129
NdAgPb,186
NdAgSn,186
NdAl3Pd2,191
NdAlGa,187
NdAsPd,186
NdAsPd,194
NdB2Ru3,191
NdBPd3,221
NdBi,225
NdBiPd,216
NdCu,62
NdCu4Ag,216
NdCu5,191
NdCuAg,12
NdCuGe,187
NdCuPb,216
NdCuSb2,129
NdCuSi,187
NdCuSi,194
NdCuSn,186
NdGa,63
NdGa2,191
NdGa3Ag,107
NdGeRu,129
NdHoIn2,225
NdIn2Ir,63
NdIn3,221
NdIn5Rh,123
NdInAg2,225
NdInCu2,225
NdInPd,189
NdInRh,189
NdMg2Ag,225
NdMgGa,189
NdMnIn,187
NdNiBi,216
NdOF,216
NdPPd,194
NdPd3,221
NdPt3,221
NdRu2,227
NdSb2Pd,129
NdSbPd,194
NdScGe,139
NdSi2Ru,11
NdSnPd,189
NdTlPd,189
NdZn,221
NdZn5,191
NdZnIn,194
NdZnSn,194
Ni(BMo)2,71
Ni(BW)3,63
Ni(NO3)2,205
Ni(RhS2)2,227
Ni(SbO3)2,136
Ni2Ge,62
Ni2Ge,194
Ni2GeO4,227
Ni2Mo3N,213
Ni2Mo4C,227
Ni2Mo4N,227
Ni2W3N,213
Ni2W4C,227
Ni3B,62
Ni3GeC,221
Ni3Mo,59
Ni3S4,227
Ni3Sb,59
Ni3Sn,221
Ni4Mo,87
Ni4W,87
NiAs,194
NiAs2,58
NiAs2,205
NiAsS,198
NiAsSe,198
NiB12,225
NiBi3,62
NiBiSe,198
NiC,225
NiF2,58
NiF2,136
NiGePd,129
NiH,225
NiHg,123
NiMoP,189
NiMoP2,194
NiO,225
NiP,61
NiP2,205
NiP3,204
NiPPd,189
NiPRh,189
NiPS,198
NiPW,189
NiPt,123
NiS,194
NiS2,58
NiSb2,58
NiSbS,198
NiSbSe,198
NiSnRh2,225
NiTePd,62
Np(CuGe)2,139
Np(GePd)2,139
Np(SiPd)2,139
Np2InNi2,127
Np2InPt2,127
Np2InRh2,127
Np3In,221
NpGa2,191
NpGa3,221
NpGaRh2,225
NpIn3,221
NpPd3,221
NpRu2,227
OsPbW,216
OsW2,136
P2Pd,15
P2Pt,205
P2Pt5,15
P2Ru,58
P2W,12
P2W,36
P3Pd,204
P3Ru,2
P4Ru,2
P4Ru,14
PIrRh,216
PPbW,216
PRu,62
PRu2,62
PW,62
PW3,82
Pa3Sb4,220
PaAlRu2,225
PaFeSb,216
PaGaPt2,225
PaInRu2,225
PaSb2,129
PaZnNi2,225
PbBrCl,216
Pd16S7,217
Pd2Cl2O,141
Pd2O,224
Pd3Au,221
Pd3Pb,221
Pd3PbC,221
Pd3S,63
Pd4S,114
Pd4Se,114
PdAu3,221
PdC,225
PdF2,136
PdF2,205
PdN,225
PdO,131
PdPb2,140
PdPbF4,140
PdPtAu,156
PdSe2,61
Pm2AlZn,225
Pm2CdGa,225
Pm2GaAg,225
Pm2GaRu,225
Pm2ZnAg,225
Pm2ZnGa,225
Pm2ZnIn,225
PmAg2Pb,225
PmAgPb,216
PmGaAg2,225
PmGdIn2,225
PmInPd2,225
PmNdZn2,225
PmNiSb,216
PmPbAu,216
PmPdPb,216
PmSbPd,216
PmSbPt,216
PmSnAu,216
PmZnHg2,225
Pr(AgGe)2,139
Pr(Al10V)2,227
Pr(Al2Cu)4,139
Pr(Al5Ru)2,63
Pr(AlZn)2,139
Pr(BRu)2,70
Pr(CuGe)2,139
Pr(CuSi)2,139
Pr(Ge3Pt)4,204
Pr(GeRu)2,139
Pr(P3Ru)4,204
Pr(SiAg)2,139
Pr(SiPd)2,139
Pr(SiRu)2,139
Pr(ZnGa)2,139
Pr(ZnP)3,194
Pr2(Ga3Ru)3,63
Pr2(Zn2Ge)3,189
Pr2AgIr,225
Pr2AlZn,123
Pr2CdPd2,127
Pr2CuAg,123
Pr2Ga,62
Pr2GaAg,225
Pr2Ge2Ru,12
Pr2Ge5Ru3,72
Pr2In,194
Pr2InAg,123
Pr2ZnGa,225
Pr2ZnHg,225
Pr2ZnIn,225
Pr3(Al3Ru)4,194
Pr3(GeRu)2,57
Pr3Ga,221
Pr3Ge13Ru4,223
Pr3In,221
Pr5Al2Ru3,199
PrAg,221
PrAgAs2,62
PrAgPb,186
PrAgSn,186
PrAl3,221
PrAlZn,12
PrB2Ru3,191
PrBPd3,221
PrBiPd,216
PrCu5,191
PrCuGe,187
PrCuPb,194
PrCuSb2,129
PrCuSi,187
PrCuSi,194
PrCuSn,194
PrGa,63
PrGa2,191
PrGaCo2,51
PrGaO3,221
PrGeRu,129
PrIn,221
PrIn3,221
PrIn5Rh,123
PrInAu,189
PrInCu2,225
PrInRh,189
PrMg2Ag,225
PrMgGa,189
PrMnIn,187
PrNiBi,216
PrOF,216
PrPPd,194
PrPd3,221
PrRu2,227
PrSb2Pd,129
PrSbPd,194
PrScGe,139
PrSi2Ru,11
PrSiAg,187
PrSiRu,129
PrSnPd,189
PrSnRu,62
PrVO4,141
PrZn,221
PrZn5,191
PrZnGa,194
PrZnIn,194
PrZnNi,189
PrZnSn,194
Pt2W,71
Pt3O4,223
Pt3Pb,221
Pt5Se4,14
PtC,187
PtC,216
PtC,225
PtN,225
PtN2,58
PtN2,205
PtO,131
PtO2,58
PtO2,136
PtO2,224
PtPb2,140
PtS,84
PtS,131
Pu(CuSi)2,139
Pu2InNi2,127
Pu2InRh2,127
Pu3Ga,221
PuGa,139
PuGa3,194
PuGe3,221
PuIn,123
PuInHg2,225
PuPd3,221
PuPt5,216
PuRu,221
PuRu2,227
PuRu3C,221
PuWC2,62
PuZn2,227
Rb2CuCl4,64
Rb2GeF6,225
Rb2In3,139
Rb2MnCl6,225
Rb2MnF5,123
Rb2MnF6,225
Rb2NiF4,139
Rb2NiF6,225
Rb2PbCl6,225
Rb2PdBr6,225
Rb2PdCl6,225
Rb2PdF6,225
Rb2PdI6,225
Rb2PtCl6,225
Rb2PtI6,225
Rb2SeCl6,225
Rb2SiF6,225
Rb2SnBr6,225
Rb2SnCl6,225
Rb2SnI6,225
Rb2TeBr6,225
Rb2TeCl6,225
Rb2TiCl6,225
Rb2ZrCl6,225
Rb3Bi,194
Rb3Bi,225
Rb3BiO3,198
Rb3BiSe3,198
Rb3Ge4Au,59
Rb3Sb2Br9,164
Rb3SbSe3,198
Rb3ZnH5,140
RbAgF3,140
RbAgO,119
RbAgO,139
RbAlF4,123
RbAlO2,227
RbAuO,139
RbBiF4,227
RbClO4,216
RbCuC2,123
RbCuF3,140
RbCuO,139
RbCuO,216
RbGa3,119
RbGeI3,221
RbIn4,139
RbInTe2,140
RbMnF3,221
RbNa2Sb,225
RbPdF3,221
RbSb,19
RbScO2,194
RbVF3,221
RbYTe2,194
RbZn4As3,123
RbZn4P3,123
Re,194
Re2C,194
Re2N,194
Re2P,62
Re2P5,2
Re2PtRh,225
Re2W,194
Re3As7,229
Re3N,187
Re3Ru,44
Re5Si3,140
ReB2,194
ReC,187
ReC,221
ReC2,123
ReC2,187
ReC2,194
ReN,131
ReN,194
ReN,221
ReN2,12
ReN2,57
ReN2,62
ReN2,127
ReN2,187
ReN2,205
ReO2,14
ReO2,60
ReO2,136
ReO3,182
ReO3,221
ReOsRu,216
ReSi,198
ReSi2,139
ReSi2Tc,71
ReSiTc2,71
ReSnGe,216
ReTeS,216
Rh3W,194
Ru,194
RuC,187
RuC,216
RuC,225
RuN,194
RuN,216
RuN2,58
RuO2,58
RuO2,136
RuO2,205
RuPbW,216
RuS2,205
RuSe2,205
Sb,221
Sb2Au,205
Sb2O3,227
Sb2O5,15
Sb2Os,58
Sb2Pb2O7,227
Sb2Pd,205
Sb2Pt,205
Sb2Pt2O7,227
Sb2Pt3,72
Sb2Rh,14
Sb2Ru,58
Sb3Ir,204
Sb3Rh,204
Sb7Mo3,229
SbAsPd5,227
SbIr,194
SbIrS,29
SbIrS,198
SbIrSe,198
SbO2,33
SbPd,194
SbPd2,36
SbPdS,198
SbPdSe,198
SbPt,194
SbPt7,225
SbPtS,198
SbPtSe,198
SbRh2,62
SbRhS,198
SbRhSe,198
SbRu,62
SbTeIr,198
SbTePd,198
Sc,194
Sc(Al2Fe)4,139
Sc(AlC)3,186
Sc(BC)2,55
Sc(CoSi)2,139
Sc(CuSi)2,139
Sc(Fe2P)2,136
Sc(FeSi)2,57
Sc(GaFe)6,71
Sc(MnAl2)4,139
Sc(MnSn)6,191
Sc(SiNi)2,139
Sc11Ir4,225
Sc11Os4,225
Sc2AgOs,225
Sc2AgPd,71
Sc2AgRu,225
Sc2Al,194
Sc2Al3Ru,194
Sc2AlAg,225
Sc2AlCu,225
Sc2AlHg,71
Sc2AlRu,225
Sc2AlSi2,127
Sc2AlTl,71
Sc2AlZn,225
Sc2BC2,139
Sc2CdGa,71
Sc2CdS4,227
Sc2CdSe4,227
Sc2Co,140
Sc2Co3Si,194
Sc2CoPt,225
Sc2CoRu,225
Sc2CoSi2,12
Sc2CuAg,71
Sc2CuNi,71
Sc2CuPt,225
Sc2CuRu,225
Sc2FeB2Ir5,127
Sc2FeSi2,12
Sc2GaAg,225
Sc2GaB2Rh5,127
Sc2GaC,194
Sc2GaCu,225
Sc2GaPd,225
Sc2GaPt,225
Sc2GaRu,225
Sc2GePd,71
Sc2In,194
Sc2InNi2,127
Sc2InPt,71
Sc2InRu,71
Sc2Ir,227
Sc2MnGe,216
Sc2MnGe,225
Sc2MnS4,227
Sc2MnSe4,227
Sc2MnSi,216
Sc2MnSn,216
Sc2Ni,227
Sc2Ni12P7,174
Sc2Ni2Sn,127
Sc2NiPt,225
Sc2O3,206
Sc2P7Ru12,174
Sc2Pd,227
Sc2PtRh,225
Sc2RuRh,225
Sc2SO2,194
Sc2Sb,129
Sc2Si2Pt3,55
Sc2Si2Ru,12
Sc2SiB2Ir5,127
Sc2TlPd,71
Sc2VB2Ir5,127
Sc2ZnCu,225
Sc2ZnGa,225
Sc2ZnIn,71
Sc2ZnIn,225
Sc2ZnPd,71
Sc2ZnPt,225
Sc2ZnRu,225
Sc2ZnS4,227
Sc3(Ni10B3)2,225
Sc3AlC,221
Sc3As2,62
Sc3BPb,221
Sc3Co2Si3,63
Sc3Fe2Si3,63
Sc3GaC,221
Sc3In,194
Sc3In,221
Sc3InB,221
Sc3InC,221
Sc3InN,221
Sc3P,62
Sc3P2,62
Sc3PbC,221
Sc3Si3Ni2,63
Sc3SnB,221
Sc3SnC,221
Sc3TlB,221
Sc3TlC,221
Sc4C3,220
Sc4Ge6Ir7,229
Sc4Ge6Os7,229
Sc4Ge6Rh7,229
Sc4Ge6Ru7,229
Sc4Si6Ir7,229
Sc4TaFe19P12,6
Sc5Ge3,193
Sc5Pb3,193
Sc5Si3,193
Sc5Si7Pt9,174
Sc5Sn3,193
Sc6Al16Ir7,225
Sc6Al16Ni7,225
Sc6Al16Os7,225
Sc6Al16Pd7,225
Sc6Al16Rh7,225
Sc6Al16Ru7,225
Sc6FeSb2,189
Sc6Ga16Ru7,225
Sc6Ni16Ge7,225
Sc6NiTe2,189
Sc6Si7Ni16,225
ScAg,221
ScAg2,139
ScAg2Sn,71
ScAg4,87
ScAgC,216
ScAgGe,216
ScAgO2,194
ScAgPd2,71
ScAl,221
ScAl2,227
ScAl2Os,71
ScAl3,139
ScAl3,221
ScAlAg2,225
ScAlAu2,225
ScAlCo2,225
ScAlCu2,225
ScAlGe,63
ScAlHg,216
ScAlNi2,225
ScAlPd2,225
ScAlPt2,225
ScAlRu2,71
ScAs,221
ScAs,225
ScAsO4,141
ScAsPd,216
ScAu,221
ScAu2,139
ScAuO2,194
ScB12,139
ScB12,225
ScB2,191
ScB2,227
ScB2C,135
ScB4Ir3,176
ScB4Os3,63
ScBIr3,221
ScBPd3,221
ScBPt3,221
ScBRh3,221
ScBe13,226
ScBe5,191
ScBeB,216
ScBi,225
ScBiO3,221
ScBiPd,216
ScBiRu2,225
ScC,194
ScC,225
ScCd,221
ScCd3,194
ScCdB,216
ScCdIn,216
ScCdNi4,216
ScCo,221
ScCo2,227
ScCo2Ge,71
ScCo2Sn,225
ScCo3B2,191
ScCoC2,129
ScCoS,216
ScCoSe,216
ScCoTe,216
ScCrC2,194
ScCu,221
ScCu2,139
ScCu2Ag,71
ScCuC,216
ScCuGe,189
ScCuO2,194
ScCuPd2,225
ScCuSi,189
ScCuSi,216
ScCuSn,186
ScCuSn,194
ScCuSn,216
ScF3,221
ScFe2,227
ScFeGe,189
ScFeSi,62
ScGa,63
ScGa2,65
ScGa2,74
ScGa2Ir,71
ScGa2Ni,63
ScGa2Os,71
ScGa2Ru,225
ScGa3,221
ScGaAg2,71
ScGaCo2,225
ScGaCu2,225
ScGaHg,216
ScGaIr2,225
ScGaNi2,225
ScGaPd2,225
ScGaPt2,225
ScGaRu2,225
ScGe,63
ScGe2,63
ScGeAu,186
ScGeAu,216
ScGeIr,62
ScGeOs,189
ScGePd,189
ScGeRh,62
ScGeRh,189
ScGeRu,189
ScH2,225
ScHg,221
ScHg3,194
ScHgB,216
ScHgW2,225
ScIn3,221
ScInAg2,225
ScInAu2,225
ScInCu2,225
ScInCu4,216
ScInHg,216
ScInNi2,225
ScInPd2,225
ScInPt,189
ScInPt2,225
ScIr,221
ScIr2,227
ScIr3,221
ScMn2,194
ScMnAu2,71
ScMnSi,189
ScN,225
ScNbRu2,225
ScNbTc2,225
ScNi,221
ScNi2,227
ScNi2Sn,225
ScNi4Sn,216
ScNiAs,216
ScNiB4,55
ScNiBi,216
ScNiP,62
ScNiP,216
ScNiSb,216
ScO,225
ScOs2,194
ScP,221
ScP,225
ScPO4,141
ScPPd,216
ScPPt,62
ScPPt,216
ScPRu,189
ScPaTc2,225
ScPbAu,216
ScPd,221
ScPd3,221
ScPt,221
ScPt3,221
ScRe2,194
ScReTc2,225
ScRh,221
ScRh3,221
ScRh3C,221
ScRu,221
ScRu2,194
ScRu3C,221
ScS,225
ScSb,221
ScSb,225
ScSbPd,216
ScSbPt,216
ScSbRu2,225
ScSe,225
ScSi,63
ScSi2,191
ScSi2Rh,62
ScSi3Ni,65
ScSi7Ir3,167
ScSi7Rh3,167
ScSiAg,216
ScSiAu,187
ScSiAu,216
ScSiNi,62
ScSiPd,62
ScSiPd2,225
ScSiPt,62
ScSiPt2,63
ScSiRh,62
ScSiRu,189
ScSn2,141
ScSnAu,186
ScSnAu,216
ScSnPd,189
ScSnPd2,225
ScSnPt,190
ScSnPt,216
ScSnPt2,225
ScSnRh2,225
ScSnRu2,225
ScTaFe2,225
ScTaRu2,225
ScTc2,194
ScTc2Mo,225
ScTc2W,225
ScTe,194
ScTeRh,216
ScTiCo2,71
ScTiRh2,71
ScTiRu2,225
ScTl2W,225
ScTlCd,216
ScTlCu2,71
ScTlHg,216
ScTlRh2,225
ScTlS2,194
ScU3Sb5,193
ScVFe,216
ScVRu2,225
ScVTc2,71
ScZn,221
ScZn2,194
ScZn2Ag,225
ScZn2Cu,225
ScZn2In,225
ScZn2Pd,225
ScZn2Pt,225
ScZnB,216
ScZnCu2,225
ScZnHg2,71
ScZnPd,63
ScZnPd2,225
ScZnPt,63
ScZnPt2,225
Si,12
Si,15
Si,137
Si,139
Si,141
Si,191
Si,194
Si,206
Si,217
Si,223
Si,227
Si,229
Si(GeN2)2,227
Si(NiO2)2,227
Si2Mo,139
Si2Mo,180
Si2Mo3,127
Si2Ni,225
Si2Ni6B,189
Si2Ru,64
Si2Ru,123
Si2Ru,225
Si2TcRu,71
Si2W,139
Si2W,180
Si2W3,127
Si3Ag3(SnP3)2,217
Si3Mo5,140
Si3MoPt2,26
Si3N4,176
Si3N4,220
Si3N4,227
Si3NiP4,121
Si3Ru2,116
Si3Ru5,55
Si3Tc5,140
Si3W5,140
Si4P4Ru,1
Si5Rh4,11
SiAgPt5,123
SiAs2,205
SiBr4,205
SiC,156
SiC,186
SiC,216
SiC,225
SiC2,205
SiF4,217
SiIr2,62
SiIr3,140
SiMo3,223
SiNi,59
SiNi,198
SiNi3,221
SiNiPd,189
SiO2,24
SiO2,60
SiO2,92
SiO2,98
SiO2,136
SiO2,194
SiO2,195
SiO2,205
SiO2,227
SiOs,198
SiOs,221
SiP2,205
SiP2O7,205
SiPd,62
SiPd2,189
SiPt2,139
SiPt2,189
SiPt5Pb,123
SiPtSe,29
SiRh,198
SiRu,198
SiRu,221
SiRu2,62
SiS2,122
SiSn,216
SiTc,198
SiTc2Mo,71
SiTc2W,225
Sm(AgGe)2,139
Sm(Al2Cu)4,139
Sm(Al5Ru)2,63
Sm(AlZn)2,139
Sm(BRu)2,70
Sm(CuSi)2,139
Sm(GaPd)2,139
Sm(GePd)2,139
Sm(GeRu)2,139
Sm(PRu)2,139
Sm(SiAg)2,139
Sm(SiPd)2,139
Sm(SiRu)2,139
Sm(ZnGa)2,139
Sm(ZnP)3,194
Sm2(Ga3Ru)3,63
Sm2(Zn2Ge)3,189
Sm2AgRu,225
Sm2AlZn,225
Sm2CdPd2,127
Sm2Ga9Ru5,139
Sm2GaAg,225
Sm2Ge2Ru,12
Sm2Ge5Ru3,72
Sm2GeRu3,166
Sm2In,194
Sm2InAg,225
Sm2InGe2,127
Sm2ZnGa,225
Sm2ZnIn,225
Sm3(Al3Ru)4,194
Sm3(Ge2Ru)2,12
Sm3(GeRu)2,57
Sm3Ga,221
Sm3Ge13Ru4,223
Sm3In,221
Sm4Ga7Ag5,6
Sm5Ga3,130
Sm6GaCo2,71
Sm8Al53Si17Ru12,1
Sm8Ga21Ru11,21
SmAg,221
SmAgPb,186
SmAl3Pd2,191
SmAlCu,189
SmAlGa,187
SmAlZn,12
SmAsPd,186
SmB2Ru3,191
SmBPd3,221
SmBiPd,216
SmCu,62
SmCu,221
SmCu4Ag,216
SmCu5,191
SmCuGe,187
SmCuPb,186
SmCuSi,187
SmCuSi,194
SmCuSn,186
SmErZn2,225
SmGa2,191
SmGa3Ag,119
SmGa5Co,123
SmGaSb2,20
SmGaSb2,123
SmGePd,187
SmGeRu,62
SmGeRu,129
SmHoIn2,225
SmIn,221
SmIn2Ir,63
SmIn2Rh,63
SmIn3,221
SmInCu2,225
SmInIr,189
SmInRh,189
SmMg2Ag,225
SmMgGa,189
SmMgIn,189
SmMnIn,187
SmNiBi,216
SmOF,216
SmPPd,194
SmPd,63
SmPd3,221
SmRu2,227
SmSbPd,194
SmScSi,139
SmSiAg,189
SmSiPd,187
SmSiRu,129
SmSnAu,216
SmTiGe,139
SmTmRu2,225
SmTmZn2,225
SmZn,221
SmZnGa,194
SmZnIn,194
SmZnRh,62
SmZnSi,187
Sn,141
Sn,227
Sn(SeO3)2,205
Sn2Bi2O7,227
Sn2Ir,225
Sn2Pt,225
Sn2Rh,64
Sn2Rh,140
Sn2S3,62
Sn3Ir2S3,200
Sn3N4,227
Sn3Ru2,116
Sn4Au,68
Sn4Ir,68
Sn5(BIr3)2,189
Sn7Ir3,229
Sn7Ir5,107
Sn7Os3,229
Sn7Ru3,229
SnAs,225
SnAu,194
SnC,216
SnC,225
SnF3,225
SnF4,139
SnIr,194
SnMo3,223
SnO,129
SnO2,58
SnO2,60
SnO2,62
SnO2,136
SnO2,205
SnO2,225
SnOsW,216
SnP,107
SnP,225
SnPPt5,123
SnPd,62
SnPd3,221
SnPt,194
SnPt3,221
SnRh,198
SnRh2,62
SnRuW,216
SnS,225
SnSb,221
SnSb,225
SnSe,225
SnTe,225
Sr(AgGe)2,139
Sr(AgSn)2,139
Sr(AlAu)2,129
Sr(AlS2)2,66
Sr(AlSe2)2,66
Sr(AsPd)2,139
Sr(AsRu)2,139
Sr(CdGa)2,139
Sr(CdGe)2,139
Sr(Cu2As)2,166
Sr(CuAs)2,139
Sr(CuGe)2,139
Sr(CuSb)2,129
Sr(CuSi)2,139
Sr(GaAs)2,10
Sr(GaAu)2,129
Sr(GaS2)2,66
Sr(GaSe2)2,66
Sr(GeRh)2,139
Sr(GeRu)2,139
Sr(InAu)2,62
Sr(InTe2)2,66
Sr(PPd)2,139
Sr(PRu)2,139
Sr(Sb3Os)4,204
Sr(Sb3Ru)4,204
Sr(SbPd)2,129
Sr(SbPd)2,139
Sr(SbRu)2,139
Sr(SiAg)2,139
Sr(SiAu)2,139
Sr(SiPd)2,139
Sr(ZnAs)2,164
Sr(ZnGe)2,139
Sr(ZnP)2,164
Sr(ZnSb)2,164
Sr11Al4In3,225
Sr2AgPd,71
Sr2AgPt,225
Sr2AgSn,71
Sr2AsAu,225
Sr2BiAu,225
Sr2Cu3O5,65
Sr2FeH6,225
Sr2GeN2,64
Sr2H6Os,225
Sr2H6Ru,225
Sr2InPd2,15
Sr2LiGa,71
Sr2Mn2O5,55
Sr2Nb5O9,123
Sr2Sb,139
Sr2SbAu,225
Sr2Si,62
Sr2Si,194
Sr2Sn,62
Sr2SnS4,40
Sr2TlIn,71
Sr2TlZn,225
Sr2VW,225
Sr2ZnGa,71
Sr2ZnGa,225
Sr2ZnIn,71
Sr2ZnIn,225
Sr2ZnN2,139
Sr3(InP2)2,58
Sr3(SnIr)4,217
Sr3BiN,221
Sr3CrN3,176
Sr3In,225
Sr3InP3,62
Sr3MnN3,176
Sr3SbN,221
Sr3Sn13Ir4,223
Sr3Sn13Rh4,223
Sr3SnO,221
Sr4Bi3,220
Sr4Fe4O11,65
Sr4Zn3F14,157
Sr5Sb3,193
Sr5Si3,108
SrAcIn2,225
SrAg,62
SrAg2,74
SrAg3Pd2,191
SrAg5,191
SrAgAs,194
SrAgAs,216
SrAgBi,194
SrAgP,194
SrAgSb,194
SrAl2,227
SrAl9Co2,191
SrAlGa,187
SrAlGa,216
SrAlGe,187
SrAlSi,187
SrAsPd,194
SrAsPt,194
SrBi3,221
SrBrCl,216
SrCaPb,216
SrCaSi,216
SrCaSn,62
SrCaSn,216
SrCd2Pd,63
SrCdGe,62
SrCdSi,216
SrCoO3,221
SrCrF4,140
SrCrW2,225
SrCu,194
SrCu2O3,65
SrCu4Ag,65
SrCu5,191
SrCuAs,194
SrCuBi,194
SrCuF4,140
SrCuGe,187
SrCuO2,63
SrCuP,194
SrCuSb,194
SrCuSb,216
SrCuSi,187
SrFeO2,123
SrFeO3,221
SrGa2,191
SrGa4,139
SrGaCu2,166
SrGaGe,187
SrGaSi,187
SrGaSn,194
SrGe3Ir,107
SrGe3Pd,107
SrGeO3,189
SrGePt,198
SrHfO3,62
SrHfO3,63
SrHfO3,127
SrHfO3,140
SrHfO3,221
SrHfRe2,216
SrIn2,194
SrIn2Ir,63
SrIn2Pt,63
SrIn4,139
SrIn4Ir,51
SrIn4Ni,63
SrIn4Pd,63
SrIn4Pt,63
SrInPd,62
SrInPt,62
SrLaZn2,71
SrLiBi,62
SrLiBi,216
SrLiSb,62
SrLiSb,216
SrMgPb,216
SrMgSi,62
SrMgSi,216
SrMgSn,216
SrMnBi2,139
SrMnO3,194
SrMnO3,221
SrNbO3,221
SrNi5P3,63
SrPd,63
SrPd2,227
SrPd3O4,223
SrPd5,191
SrPdF4,140
SrPt2,227
SrRuO3,221
SrSO4,216
SrScBe,216
SrScTl2,71
SrSi,71
SrSi2,141
SrSi2,212
SrSi3Ni,107
SrSi6,63
SrSiPd,198
SrSn3Pd,107
SrSn4,63
SrSnHg,186
SrSnO3,62
SrSnO3,140
SrSnO3,221
SrSnPt,62
SrSnS3,62
SrTa2Mn,225
SrTePd,216
SrTiN2,129
SrTiO3,140
SrTiO3,221
SrTl2Pd,63
SrVSb,216
SrZn13,226
SrZn5,191
SrZnGe,187
SrZnIn3,107
SrZnPb,194
SrZnSb2,62
SrZnSi,187
SrZnSi,194
SrZnSn,194
SrZr2Nb,216
SrZrO3,140
SrZrO3,221
SrZrS3,62
SrZrSe3,62
SrZrZn,216
Ta,136
Ta2Al,136
Ta2B,140
Ta2Be,140
Ta2Cd2O7,227
Ta2CdBi,216
Ta2Co,140
Ta2CoRe,71
Ta2CrFe,225
Ta2CrRe,71
Ta2CrRu,225
Ta2CrW,71
Ta2CuRe,71
Ta2Fe,193
Ta2FeB2,127
Ta2FeMo,225
Ta2FeOs,225
Ta2FeRe,71
Ta2FeRu,71
Ta2FeRu,225
Ta2FeTc,71
Ta2FeW,71
Ta2GaC,194
Ta2H,21
Ta2IrW,71
Ta2MnFe,71
Ta2MnOs,225
Ta2MoIr,225
Ta2MoRh,71
Ta2MoRu,225
Ta2NbOs,225
Ta2NbRe,71
Ta2NbRu,225
Ta2NbW,71
Ta2Ni,140
Ta2NiO6,136
Ta2O5,47
Ta2ReMo,225
Ta2ReOs,225
Ta2RePd,71
Ta2ReRh,71
Ta2ReTc,225
Ta2ReW,225
Ta2RhW,71
Ta2RuW,225
Ta2Si,140
Ta2TcMo,225
Ta2TcRu,71
Ta2TcRu,225
Ta2TcW,225
Ta2TiRe,71
Ta2TiW,71
Ta2TiW,225
Ta2V3Si,194
Ta2VFe,71
Ta2VIr,225
Ta2VMo,71
Ta2VO6,136
Ta2VRu,225
Ta3(Ni10B3)2,225
Ta3Al2C,213
Ta3AlFe8,156
Ta3Au,223
Ta3B2,127
Ta3B4,71
Ta3Be2,127
Ta3Fe8Si,156
Ta3Ga2,127
Ta3PbS6,193
Ta3S2,39
Ta3Sb,223
Ta3SiNi2,227
Ta3Sn,223
Ta3SnS6,193
Ta4AlC3,194
Ta4AlN3,194
Ta4Co2C,227
Ta4Co2N,227
Ta4CoP,124
Ta4Fe4Si7,139
Ta4FeP,124
Ta4Ni2C,227
Ta4Ni2N,227
Ta4NiP,124
Ta4O,123
Ta5(NiP)4,87
Ta5As4,87
Ta5AuS,216
Ta5B6,65
Ta5Ga3,140
Ta5Ge3,140
Ta5Ge3B,193
Ta5N6,193
Ta5Sb4,87
Ta6Fe16Si7,225
Ta6Fe7,166
Ta6Si7Ni16,225
Ta7Fe6,166
Ta9(CoS3)2,189
Ta9(FeS3)2,189
Ta9(NiS3)2,189
TaAgS3,36
TaAgS3,63
TaAl3,139
TaAlCo2,225
TaAlFe,38
TaAlFe2,225
TaAlFe4,164
TaAlNi,216
TaAlNi2,225
TaAlOs2,225
TaAlPd,216
TaAlPt,216
TaAlRe2,71
TaAlRu2,225
TaAlZn,38
TaAs,109
TaAs2,12
TaAsOs,216
TaAsRu,216
TaB,63
TaB2,191
TaBO4,141
TaBPt,216
TaBe2,227
TaBeB,187
TaBeOs2,71
TaBeRu2,225
TaBiOs,216
TaBiRu,216
TaC,216
TaC,221
TaC,225
TaCo,221
TaCo2,227
TaCo3,221
TaCoC,216
TaCoGe,62
TaCoGe,216
TaCoPb,216
TaCoSb,216
TaCoSi,216
TaCoSn,216
TaCr2,227
TaCr2Re,71
TaCrRe2,71
TaCu3Se4,215
TaCuSi,216
TaFe,166
TaFe2,194
TaFe2Ge,71
TaFe2Ge,225
TaFe4Si,164
TaFe4W,164
TaFeAs,62
TaFeAs,216
TaFeB,189
TaFeBi,216
TaFeGe,62
TaFeP,62
TaFeP,216
TaFeRu2,225
TaFeSb,216
TaFeSi,62
TaGa3,139
TaGaCo2,225
TaGaFe2,225
TaGaNi,216
TaGaNi2,225
TaGaPd,216
TaGaPt,216
TaGaRu2,225
TaGe2,180
TaGeIr,216
TaGeRh,62
TaGeRh,216
TaGeRu2,71
TaGeRu2,225
TaH2,225
TaInNi,216
TaInPd,216
TaInPt,216
TaInRh2,71
TaInRu2,225
TaIr3,221
TaIrPb,216
TaMn2,194
TaMn2Al,225
TaMn2O3,191
TaMn2Sb,225
TaMnAs,216
TaMnP,62
TaMnRe2,71
TaMnSb,216
TaMnTe,216
TaMoW,42
TaMoW2,71
TaN,187
TaN,189
TaN,191
TaN,194
TaN,221
TaN,225
TaN2,191
TaN2,194
TaN2,205
TaNb2Mo,71
TaNb2W,71
TaNbMo,42
TaNbOs2,71
TaNbV,42
TaNbW,42
TaNbW2,71
TaNi2,139
TaNi3,11
TaNi3,59
TaNiB,216
TaNiB2,62
TaNiGe,62
TaNiP,62
TaNiTe5,63
TaO2,136
TaOsPb,216
TaP,141
TaPOs,216
TaPRh,62
TaPRu,62
TaPRu,216
TaPd,129
TaPd2,71
TaPd3,139
TaPt2,63
TaPt3,59
TaRe2Mo,71
TaReSi,189
TaReW2,71
TaRh3,221
TaRhC,216
TaRhPb,216
TaRu,123
TaRu,221
TaRu3C,221
TaS,187
TaS2,164
TaS2,194
TaSb2,12
TaSbOs,216
TaSbRu,216
TaSe2,187
TaSe2,194
TaSi2,180
TaSi2,181
TaSiAs,129
TaSiIr,62
TaSiIr,216
TaSiRh,62
TaSiRh,216
TaSiTc2,71
TaSnIr,216
TaSnRh,216
TaTc,221
TaTc2Ge,71
TaTc2Sn,71
TaTcPb2,216
TaTiAl,216
TaTiFe2,225
TaTiFe4,164
TaTiMn2,225
TaTiMo2,71
TaTiRe2,225
TaTiRu2,225
TaTl3Se4,217
TaTlNi,216
TaTlPt,216
TaV2Re,71
TaVW2,71
TaZn2,194
TaZnCo2,225
TaZnNi2,71
TaZnRh2,225
TaZnRu2,225
Tb(Al5Ru)2,63
Tb(AlC)3,194
Tb(CuGe)2,139
Tb(CuSi)2,139
Tb(FeSi)2,139
Tb(GeIr)2,129
Tb(GePd)2,139
Tb(GeRh)2,139
Tb(GeRu)2,139
Tb(MnSi)2,139
Tb(NbSn)6,191
Tb(NiP)2,139
Tb(NiSb)2,129
Tb(P3Ru)4,204
Tb(SiAg)2,139
Tb(SiAu)2,139
Tb(SiIr)2,129
Tb(SiIr)2,139
Tb(SiNi)2,139
Tb(SiOs)2,139
Tb(SiPd)2,139
Tb(SiRh)2,139
Tb(SiRu)2,139
Tb2(Ga3Ru)3,63
Tb2AgPd,123
Tb2Al,62
Tb2CdGe2,127
Tb2CuAg,123
Tb2Ge2Ru,12
Tb2Hf3Si4,92
Tb2In,194
Tb2InAg,123
Tb2InAu2,127
Tb2InGe2,127
Tb2InNi2,65
Tb2InPd2,127
Tb2MgGe2,127
Tb2MgPd2,127
Tb2MnGa6,225
Tb2NiAs2,194
Tb2Pd2Pb,127
Tb2Pt,62
Tb2Si5Ru3,72
Tb2Sn2O7,227
Tb2Ti2O7,227
Tb2ZnNi2,71
Tb3(Al3Ru)4,194
Tb3(CuSi)4,71
Tb3Al,221
Tb3Al2,136
Tb3AlC,221
Tb3AlN,221
Tb3Co4Ge13,223
Tb3Cu3Sb4,220
Tb3Ga15Ru4,62
Tb3Ga8Ag3,71
Tb3GaO6,36
Tb3Ge13Ir4,223
Tb3Ge13Os4,223
Tb3Ge13Rh4,223
Tb3Ge13Ru4,223
Tb3Ge3Ir2,63
Tb3Ge3Ru2,63
Tb3InN,221
Tb3Mn3Ga2Si,189
Tb3Ru,62
Tb3Sb4Au3,220
Tb4Bi3,220
Tb4CdRh,216
Tb4Ga12Ag,229
Tb4Ga12Fe,229
Tb4Ga12Pd,229
Tb4Ge6Ir7,229
Tb4InIr,216
Tb4InRh,216
Tb4MgIr,216
Tb4Sb3,220
Tb5Bi3,193
Tb5BiAu2,140
Tb5Ge3,193
Tb5Ru2,15
Tb5Sn3,193
TbAg,221
TbAg2,139
TbAgGe,189
TbAgPb,186
TbAgSn,186
TbAgSn,187
TbAl,57
TbAl,221
TbAl2,227
TbAl4Ni,63
TbAlGa,187
TbAlPd,62
TbAlPd,189
TbAsPd,62
TbB2Ru3,191
TbBPd3,221
TbBi,225
TbBiPd,216
TbBiPt,216
TbCdNi4,216
TbCoC2,38
TbCoSi2,63
TbCoSn,62
TbCrO4,141
TbCu,221
TbCu2,74
TbCu4Ag,216
TbCu4Au,216
TbCu5,191
TbCuAs2,129
TbCuGe,187
TbCuPb,186
TbCuSb2,129
TbCuSi,187
TbCuSi,194
TbCuSn,194
TbErIn2,225
TbFeSi,129
TbGa,63
TbGa2,191
TbGa2Ag,62
TbGa3,221
TbGa3Os,221
TbGa3Ru,221
TbGa5Co,123
TbGaAg,12
TbGaPd,62
TbGaPt,62
TbGe2,141
TbGeAu,186
TbGeIr,62
TbGeRh,62
TbGeRu,62
TbIn3,221
TbIn5Rh,123
TbInAg2,225
TbInAu,189
TbInAu2,225
TbInCo2,51
TbInCu,189
TbInCu2,225
TbInCu4,216
TbInIr,189
TbInPd,189
TbInPd2,225
TbInPt2,194
TbInPt4,216
TbInRh,189
TbMnSi,62
TbNi,63
TbNi4Au,216
TbNi4B,191
TbNiBi,216
TbNiC2,38
TbNiSb,216
TbNiSn,62
TbPPt,187
TbPbAu,216
TbPd,62
TbPd,63
TbPd3,221
TbPt2,227
TbPt3,221
TbRe2,194
TbRu2,194
TbSb,225
TbSb2,64
TbSbPd,194
TbSbPt,216
TbSbRh,62
TbScGe,139
TbScSi2,38
TbSi3Ir,107
TbSi3Rh,107
TbSiPd2,62
TbSiRu,62
TbSn2,63
TbSn3,221
TbSnAu,186
TbSnAu,194
TbSnGe,63
TbSnPd2,225
TbSnPt,62
TbSnRh,189
TbTiGe,139
TbTlPd,189
TbVB4,55
TbZn,221
TbZn2,74
TbZnNi,189
TbZnRh,62
TbZnSi,187
TbZnSn,194
TbZrSb,139
Tc2GeMo,71
TcNiW,216
TcTeS,216
Te2Pd3,63
Te2Ru,58
Te2Ru,205
Th(AlAu)2,129
Th(AlC)4,87
Th(CuP)2,164
Th(CuSi)2,139
Th(CuSn)2,129
Th(GeAu)2,139
Th(GeIr)2,129
Th(GeOs)2,139
Th(GePd)2,139
Th(GePt)2,129
Th(GePt)2,139
Th(GeRh)2,139
Th(GeRu)2,139
Th(NiP)2,129
Th(P3Ru)4,204
Th(SiAu)2,139
Th(SiIr)2,129
Th(SiIr)2,139
Th(SiNi)2,139
Th(SiOs)2,139
Th(SiPd)2,139
Th(SiPt)2,129
Th(SiPt)2,139
Th(SiRh)2,139
Th(SiRu)2,139
Th2Ag,140
Th2Al2C3,58
Th2Al7,55
Th2AlH4,140
Th2BiN2,139
Th2Cu,140
Th2Ga,140
Th2In,140
Th2InPd2,127
Th2Pd,140
Th2SbN2,139
Th2Zn,140
Th3Al2,127
Th3Bi4,220
Th3Ge2,127
Th3Sb4,220
Th3Si2,127
Th3Sn13Rh4,223
Th4AgPd,97
Th5Sn4,193
Th7Pt3,186
Th7Ru3,186
ThAg2,191
ThAl,63
ThAl2,191
ThAl2,227
ThAl3,194
ThAl3Ni2,191
ThAlIr,189
ThAlPd,189
ThAlPt,189
ThAlRh,189
ThB2Ru3,191
ThB4Mo,65
ThB4W,65
ThBi,221
ThBi2,129
ThCdCu2,225
ThCoC2,38
ThCoSi3,107
ThCoSn,189
ThCu2,191
ThGa2,141
ThGa2,191
ThGaIr,189
ThGaPt,189
ThGe,225
ThGe2,63
ThGe2,65
ThGe2,141
ThHN,216
ThIn3,221
ThInAu2,225
ThInPd,189
ThInPt,189
ThInRu2,225
ThMnSe3,63
ThNiSn,216
ThPd,62
ThPt,63
ThRe2,194
ThReB4,65
ThRu,63
ThRu3C,221
ThSb,221
ThSb,225
ThSb2,129
ThSbIr,216
ThSbRh,216
ThSi,62
ThSi2,141
ThSi2,191
ThSi2Ru3,193
ThSi3Ir,107
ThSi3Os,107
ThSi3Rh,107
ThSi3Ru,107
ThSiAu,187
ThSiNi,109
ThSn2,63
ThSn3,221
ThSnPt,216
ThSnRh,189
ThTaN3,63
ThTaN3,221
ThZn2,191
ThZn4,139
ThZnAu2,225
ThZr2H7,227
Ti,191
Ti,194
Ti2Ag,139
Ti2AlC,194
Ti2AlCr,216
Ti2AlCu,216
Ti2AlFe,216
Ti2AlMo,225
Ti2AlRe,225
Ti2AlV,216
Ti2AlW,71
Ti2AlZn,216
Ti2BRh6,225
Ti2BeRe,71
Ti2Bi,139
Ti2Bi2O7,227
Ti2C,227
Ti2Co,227
Ti2CoGe,216
Ti2CoMo,71
Ti2CoRe,225
Ti2CoSi,216
Ti2Cu,139
Ti2Cu3,139
Ti2CuRe,71
Ti2CuRe,225
Ti2CuSb3,115
Ti2FeMo,71
Ti2Ga,194
Ti2Ga3,83
Ti2GaC,194
Ti2GaCo,216
Ti2GaNi,216
Ti2GaTc,225
Ti2GaW,71
Ti2GeC,194
Ti2H3Pd,123
Ti2InC,194
Ti2InN,194
Ti2InNi,216
Ti2IrW,225
Ti2MnAl,216
Ti2MnCo,225
Ti2MnCu,71
Ti2MnFe,225
Ti2MnGa,216
Ti2MnGe,216
Ti2MnIn,216
Ti2MnMo,71
Ti2MnNi,225
Ti2MnRe,225
Ti2MnRu,225
Ti2MnSi,216
Ti2MnSn,216
Ti2MoAu,71
Ti2MoIr,225
Ti2MoOs,71
Ti2MoOs,225
Ti2MoPd,225
Ti2MoPt,225
Ti2MoRh,71
Ti2MoRu,71
Ti2N,141
Ti2NbIr,71
Ti2NbPt,71
Ti2NbZn,71
Ti2NiMo,225
Ti2O3,167
Ti2PbC,194
Ti2Pd,139
Ti2Pd3,63
Ti2PtW,71
Ti2Re,164
Ti2ReB2,127
Ti2ReIr,225
Ti2ReMo,71
Ti2ReNi,225
Ti2ReOs,225
Ti2RePd,225
Ti2RePt,225
Ti2ReRh,225
Ti2ReRu,225
Ti2Rh,139
Ti2SbP,194
Ti2Sn,194
Ti2SnC,194
Ti2TcMo,71
Ti2TlC,194
Ti2VRh,71
Ti2VTc,71
Ti2Zn,139
Ti2ZnOs,71
Ti2ZnRe,225
Ti3Al,194
Ti3AlC,221
Ti3As,223
Ti3Au,223
Ti3B4,71
Ti3Cu,123
Ti3Cu4,139
Ti3Ga,191
Ti3Ga,194
Ti3GeC2,194
Ti3H3Au,223
Ti3Hg,223
Ti3In3Rh2,189
Ti3Ir,223
Ti3O,193
Ti3O5,63
Ti3Pd5,123
Ti3Pt,223
Ti3Sb,223
Ti3SiC2,194
Ti3SnC2,63
Ti3TlC,221
Ti4Al11Zn,99
Ti4CuAg,123
Ti4GaS8,216
Ti5CuSb2,140
Ti5Ga4,193
Ti5Si4,92
Ti5Sn3,63
Ti6Al16Pd7,225
Ti6Al16Pt7,225
Ti6Al16Ru7,225
Ti6Ga16Ru7,225
Ti6Si7Ni16,225
TiAg,123
TiAg,129
TiAgB,216
TiAgHg2,123
TiAl,123
TiAl2Zn,123
TiAlAg,216
TiAlAu,216
TiAlAu2,225
TiAlCo2,225
TiAlCu2,225
TiAlFe2,225
TiAlFeCo,216
TiAlNi2,225
TiAlPd2,225
TiAlPt,194
TiAlRu2,225
TiAs,194
TiAsIr,216
TiAsRh,62
TiAsRh,216
TiAu,129
TiAu,221
TiAu2,139
TiAu4,87
TiAuBr,216
TiAuCl,216
TiB,62
TiB2,191
TiB2Mo,38
TiBAu,216
TiBe,221
TiBe2,227
TiBeIr2,225
TiBiIr,216
TiBiRh,216
TiBr4,205
TiC,225
TiCdHg2,123
TiCdO3,62
TiCdPd2,71
TiCo,221
TiCo2Ge,225
TiCo2Si,225
TiCo2Sn,225
TiCoAs,216
TiCoBi,216
TiCoGe,189
TiCoP,216
TiCoSb,216
TiCoSn,216
TiCr2,227
TiCrAg,216
TiCrMo2,71
TiCrRe2,71
TiCu,129
TiCu,221
TiCu3,59
TiCuB,216
TiCuHg2,216
TiCuNi,107
TiCuSi,62
TiCuSn,186
TiF2,225
TiFe,221
TiFe2Ge,225
TiFe2Sb,225
TiFe2Si,225
TiFe2Sn,225
TiFePo,216
TiFeS,216
TiFeSb,216
TiFeSe,216
TiFeSn,216
TiFeTe,216
TiGa,123
TiGa3,139
TiGaAg,216
TiGaAu,216
TiGaAu2,71
TiGaCo2,225
TiGaCu,216
TiGaFe2,225
TiGaNi,189
TiGaNi2,225
TiGaPd2,225
TiGaPt,194
TiGaRh,216
TiGaRu2,225
TiGaTc2,225
TiGePd,62
TiGePd,189
TiGePd,216
TiGePt,216
TiGeRu,46
TiGeRu2,225
TiH,131
TiHg,123
TiInAg,216
TiInAu,216
TiInAu2,225
TiInCu2,225
TiInFe2,225
TiInNi2,225
TiInPd2,225
TiIr,123
TiIr3,221
TiMn2Al,225
TiMn2Ga,225
TiMn2Ge,225
TiMn2Nb,71
TiMn2Si,225
TiMn2V,225
TiMn2W,225
TiMnCo2,225
TiMnTe,216
TiMnV,42
TiMnV2,35
TiMo2W,71
TiMo3,71
TiMoP2,164
TiN,225
TiNb2Mo,71
TiNbRe2,225
TiNbW2,71
TiNi2Sb,225
TiNi2Sn,225
TiNiC,216
TiNiGe,62
TiNiGe,216
TiNiPb,216
TiNiSb,216
TiNiSn,216
TiO,12
TiO2,60
TiO2,136
TiO2,141
TiOs,221
TiOs3,221
TiP,194
TiP2,62
TiP2O7,205
TiP2W,44
TiPIr,216
TiPRh,216
TiPRu,189
TiPbO3,221
TiPd,11
TiPd,51
TiPd,221
TiPd2,71
TiPd3,221
TiPdPb,216
TiPt,221
TiPt3,221
TiPtC,216
TiPtPb,216
TiRe,221
TiRe2Mo,71
TiRe2Mo,225
TiRe2W,225
TiReMo2,71
TiReSi,189
TiRh3,221
TiRu,221
TiRu3,221
TiS,187
TiS,194
TiS2,205
TiSbIr,216
TiSbRh,216
TiSbRu,216
TiSe,194
TiSi,62
TiSi2,70
TiSiNi,216
TiSiPd,216
TiSiPt,216
TiSiRh,62
TiSiRu,62
TiSiRu2,225
TiSnIr,216
TiSnO3,221
TiSnPd,216
TiSnPd2,225
TiSnPt,216
TiSnRu2,225
TiTc,221
TiTc2W,225
TiTe,63
TiTeOs,216
TiTeRu,216
TiTl2W,225
TiTlAu,216
TiV2Mo,71
TiV2Re,71
TiVRe2,225
TiVRu2,225
TiVW,216
TiZn2,194
TiZn3,221
TiZnCo2,225
TiZnCu2,225
TiZnGa2,123
TiZnNi2,225
TiZnPd2,225
TiZnPt2,225
TiZnRh2,225
Tl(CoSe)2,139
Tl(CuTe)2,139
Tl2PdCl4,123
Tl2PdSe2,55
Tl2Pt,140
Tl2Pt2O7,227
Tl2Pt3,194
Tl2PtCl6,225
Tl2SiF6,225
Tl2SnCl6,225
Tl2SnTe5,140
Tl2TeCl6,225
Tl3SbSe3,198
Tl3VS4,217
Tl4SnSe3,140
Tl4SnTe3,140
Tl7Sb2,229
TlAgPd2,71
TlAgPd2,225
TlAgSe,62
TlAgTe,62
TlAsPd5,123
TlAsPt5,123
TlCdSb,62
TlClO4,216
TlCoMo2,216
TlCoW,216
TlCrIr,216
TlCuIr,216
TlCuS2,122
TlGaSe2,140
TlHPd3,221
TlIn2Bi,71
TlInS2,194
TlInTe2,140
TlIrW,216
TlMoIr,216
TlNi,194
TlPPd5,123
TlPPt5,123
TlPd3,139
TlPd3O4,225
TlRhW,216
TlSb,216
TlVPt,216
Tm(CuSi)2,139
Tm(GeRu)2,139
Tm(SiPd)2,139
Tm2(Ga3Ru)3,63
Tm2AgIr,225
Tm2AlRu,225
Tm2AlZn,225
Tm2CuPd,225
Tm2Ga8Fe,123
Tm2GaRu,225
Tm2Ge5Ru3,72
Tm2In,194
Tm2InAg,123
Tm2InPd2,127
Tm2MgIn,225
Tm2MgRu,225
Tm2PdRu,225
Tm2ZnGa,225
Tm2ZnIn,225
Tm3(Al3Ru)4,194
Tm3(GePd)4,71
Tm3Ga8Ag3,71
Tm3Ge13Ru4,223
Tm3Ge3Ru2,63
Tm4In(NiGe2)2,12
TmAg,221
TmAg2,139
TmAg3,221
TmAgPb,189
TmAgSn,186
TmAgSn,189
TmAlAg2,225
TmAlCu,189
TmAlGa,187
TmAlZn,194
TmB2Ru3,191
TmBPd3,221
TmBiPd,216
TmBiPt,216
TmCu,221
TmCu4Ag,216
TmCu5,216
TmCuAs2,129
TmCuGe,187
TmCuPb,186
TmCuSi,187
TmCuSi,194
TmGa2,74
TmGa2Pd,63
TmGa3,221
TmGa3Ru,221
TmGa5Co,123
TmGaAg,12
TmGaNi2,225
TmGeRu,62
TmHfRu2,225
TmIn,221
TmIn3,221
TmIn5Co,123
TmInNi4,216
TmInPd2,225
TmInPt,189
TmInRh,189
TmMgGa,189
TmMgIn,189
TmMn6(GaSn2)2,191
TmMnIn,187
TmNbOs2,225
TmNiBi,216
TmNiSb,216
TmPd,221
TmPd3,221
TmSbPd,216
TmSbPt,216
TmScPd2,225
TmScRu2,225
TmSiRu,62
TmSnAu,216
TmSnPd2,225
TmZn,221
TmZn2,74
TmZnGa,194
TmZnRh2,225
U(Al5Ru)2,63
U(CuGe)2,139
U(CuSi)2,139
U(GePd)2,139
U(NiAs)2,129
U(SiOs)2,139
U(SiPd)2,139
U(SiRu)2,139
U2(Ni7B2)3,225
U2Al3Os,194
U2Cu4As5,139
U2Ga8Ru,123
U2InPd2,127
U2InRh2,127
U2Mo,139
U2Si4W3,14
U2SnRu2,127
U3(Al3Ru)4,194
U3Al3CoRu2,189
U3Al3NiRu2,189
U3Si,221
U4As6Ru7,229
UAl2Pd5,139
UAl3,221
UAl3Pd2,191
UAlRu,189
UAs2Pd,129
UB4Mo,65
UBi,225
UCu4Ag,216
UCuAs2,129
UCuGe,187
UCuP2,139
UCuSi,187
UGa2,191
UGa3,221
UGa3Ni,119
UGa3Pd2,191
UGa5Co,123
UGa5Ir,123
UGa5Ni,123
UGa5Ru,123
UGaNi,189
UGaRu,189
UIn3,221
UInAu2,225
UNi2Sn,225
UNi5,216
UNiSn,216
UPd3,194
UPt,63
UReB3,194
UReB4,65
URu3,221
USb,225
USb2Pd,129
USb2Ru,129
USbRh,216
USi3Ir,107
USnAu2,225
USnPt,38
USnPt,216
USnRu,189
UWC2,62
UZnNi4,216
V2B2Ir,58
V2B3,63
V2C,60
V2CrFe,225
V2CrRe,225
V2CrRu,225
V2FeMo,71
V2FeRe,71
V2GaSn2,64
V2GeC,194
V2MoIr,71
V2MoRu,225
V2MoW,225
V2N,162
V2N3,164
V2NiSb,216
V2O3,146
V2O5,59
V2OsRu,225
V2OsW,71
V2P,62
V2ReMo,225
V2ReOs,225
V2ReRh,71
V2ReRu,225
V2TcW,71
V3As,223
V3AsC,63
V3Au,221
V3Au,223
V3B2,127
V3B4,71
V3Cd,221
V3Co,223
V3Fe,223
V3Ga,223
V3Ga2N,213
V3Ge,223
V3Ir,223
V3Ni,223
V3PN,63
V3Pb,223
V3Pd,223
V3Pt,221
V3Pt,223
V3Rh,223
V3Sb,223
V3Sb2,166
V3Si,223
V3Sn,194
V3Sn,223
V3Zn2N,213
V4As3,12
V4SiSb2,140
V4Zn5,139
V5As3,140
V5Ge3,193
V5Sb4,87
V5Si3,140
V5SiB2,140
V8C7,212
VAs,62
VAsIr,216
VAsOs,216
VAsRu,216
VAu2,63
VAu2,139
VAuS2,194
VB,63
VB2,191
VBPt,216
VBiO4,141
VBiOs,216
VBiRu,216
VC,225
VCdO3,62
VCo2Ge,225
VCo2Si,225
VCo2Sn,225
VCo3,221
VCoB3,63
VCoC,216
VCoGe,62
VCoGe,216
VCoPb,216
VCoSb,216
VCoSi,62
VCoSi,216
VCoSn,216
VCr2Re,71
VCr2W,71
VCrMo,42
VCrMo2,71
VCrO4,63
VCrRe2,71
VCu3S4,215
VCu3Te4,215
VF2,136
VFe,221
VFe2Si,225
VFe2Sn,225
VFeAs,216
VFeBi,216
VFeP,62
VFeP,216
VFeRu2,225
VFeSb,216
VFeSe,216
VFeTe,216
VGaCo2,225
VGaFe2,225
VGaNi,216
VGaNi2,225
VGaOs2,225
VGaPd,216
VGaPt,216
VGaRu2,225
VGe3,223
VGeIr,216
VGePt,216
VGeRh,216
VGeRu2,225
VH2,225
VInNi,216
VInPt,216
VInRu2,71
VIr,65
VIr,123
VIr3,221
VIrC,216
VIrPb,216
VMoW2,71
VN,187
VN,194
VN,221
VNi2,71
VNi2Sn,225
VNi3,139
VNiB,216
VNiSb,216
VO,225
VO2,136
VOs,221
VP,194
VP2,12
VP4,15
VPOs,216
VPRu,216
VPd2,71
VPd3,139
VPt,51
VPt,123
VPt2,71
VPt3,139
VPt3,221
VPt8,139
VRe2Mo,71
VReMo,42
VReTe,216
VReW2,71
VRh,65
VRh,123
VRh3,221
VRhC,216
VRhPb,216
VRu,221
VRu3C,221
VSb,194
VSb2,140
VSbIr,216
VSbO4,109
VSbOs,216
VSbRh,216
VSbRu,216
VSe,194
VSi2,180
VSi2,181
VSiIr,216
VSiPt,216
VSiRh,216
VSiRu2,225
VSiTc2,225
VSn2,70
VSnIr,216
VSnPd,216
VSnPt,216
VSnRh,216
VSnRh2,139
VSnRh2,225
VSnRu2,71
VTc,221
VTc2W,71
VTcTe,216
VTe,194
VTeRu,216
VZn3,221
VZnFe2,71
VZnRu2,225
W,223
W,229
W2C,60
W2C,162
W2C,164
W3N4,221
WC,187
WC,216
WC,221
WC,225
WN2,187
WN2,194
WN2,205
WO2,14
WO2,136
WO3,14
WO3,129
WO3,191
WO3,221
WS2,194
Y,194
Y(Al2Fe)4,139
Y(Al5Ru)2,63
Y(AlC)3,194
Y(BC)2,131
Y(BH4)3,226
Y(BRh)4,137
Y(CoB)2,139
Y(CuGe)2,139
Y(CuSi)2,139
Y(GeRh)2,139
Y(GeRu)2,139
Y(MnSi)2,139
Y(PRu)2,139
Y(PdO2)2,88
Y(SiIr)2,139
Y(SiOs)2,139
Y(SiPd)2,139
Y(SiPt)2,129
Y(SiRh)2,139
Y(SiRu)2,139
Y(Sn3Ru2)2,121
Y(VSn)6,191
Y2(Ga3Ru)3,63
Y2AgPd,71
Y2AgRu,225
Y2Al,62
Y2AlAg,71
Y2AlCu,71
Y2AlRu,71
Y2AlRu,225
Y2AlZn,225
Y2Au,62
Y2B6Os,55
Y2B6Ru,55
Y2BiO2,139
Y2CdS4,227
Y2CdSe4,227
Y2CuAg,71
Y2CuGe6,38
Y2CuRu,225
Y2Ga3Ag,156
Y2GaAg,71
Y2GaAg,225
Y2GaHg,71
Y2Ge2Ru,12
Y2Ge5Ru3,72
Y2Hf2O7,227
Y2In,194
Y2In8Co,123
Y2InRu,71
Y2MgGe2,127
Y2MgSe4,227
Y2Mn2O7,227
Y2NiPd,71
Y2NiRu,225
Y2O3,206
Y2Pd2Pb,127
Y2PdRh,225
Y2PdRu,225
Y2Pt,62
Y2ReB6,55
Y2ReC2,62
Y2Ru2O7,227
Y2RuAu,71
Y2RuPt,71
Y2S3,62
Y2Si4Mo3,14
Y2Sn2O7,227
Y2Ti2O7,227
Y2V2O7,227
Y2Zn17,166
Y2ZnAg,225
Y2ZnGa,71
Y2ZnGa,225
Y2ZnIn,225
Y2ZnPb,71
Y2ZnRu,225
Y2ZnS4,227
Y2ZnSe4,227
Y2Zr2O7,227
Y3Al,221
Y3Al2,136
Y3AlC,221
Y3B7W,63
Y3BrO4,63
Y3Co2,58
Y3Co4Ge13,223
Y3Cu3Sb4,220
Y3Ga15Ru4,62
Y3Ga8Ag3,71
Y3GaC,221
Y3GaO6,36
Y3Ge13Ir4,223
Y3Ge13Rh4,223
Y3Ge13Ru4,223
Y3Ge4,63
Y3InC,221
Y3MnB7,63
Y3PbC,221
Y3Pt,62
Y3ReB7,63
Y3Ru,62
Y3Sb4Au3,220
Y3Si3Pd2,63
Y3Si3Rh2,63
Y3SnC,221
Y3TlC,221
Y4Ga12Fe,229
Y4Ga12Pd,229
Y4Ga12Pt,229
Y4GaCo4,12
Y4Ge6Ir7,229
Y4Sb3,220
Y4ZnGa3,44
Y5Ge3,193
Y5Si3H,193
Y7Pt3,186
YAg,221
YAg2,139
YAgC,216
YAgO2,194
YAgPb,189
YAgPd2,71
YAgSn,186
YAgTe2,113
YAl,63
YAl,221
YAl2,227
YAl2Co,63
YAl2Ni,63
YAl2Pd5,139
YAl3,221
YAlAg2,225
YAlAu,62
YAlGe,63
YAlHg,216
YAlO3,62
YAlO3,194
YAlPd,62
YAlPd,189
YAlSi,63
YAlZn,194
YAs,225
YAsPd,216
YAsPt,216
YAu,221
YAu2,139
YAuO2,194
YB12,225
YB2,191
YB2Ru,62
YB2Ru3,191
YB6,221
YB7Mo3,62
YBPd3,221
YBPt2,180
YBRh3,221
YBi,225
YBiPd,216
YBiPd2,225
YBiPt,216
YC,216
YC,225
YC2,139
YCd,221
YCd2,191
YCd3,225
YCdB,216
YCdGa,216
YCdIn,216
YCdNi4,216
YClO,129
YCo,63
YCo3B2,191
YCo5,65
YCoS,216
YCoSi2,63
YCoSn,62
YCoTe,216
YCu,221
YCu5,191
YCuAs2,129
YCuC,216
YCuGe,187
YCuGe,216
YCuO2,194
YCuP2,129
YCuPb,186
YCuSb2,129
YCuSi,187
YCuSi,194
YCuSi,216
YCuSn,186
YCuSn,194
YF3,62
YF3,221
YGa,63
YGa2,191
YGa2Ni,63
YGa3Ru,221
YGa5Co,123
YGaAg,12
YGaAg2,71
YGaIr,62
YGaPt,62
YGaRh,62
YGe,63
YGeAu,186
YGeAu,216
YGeIr,62
YGePd2,62
YGePt,62
YGeRh,62
YH2,225
YH3,63
YHSe,187
YHfRu2,71
YHg,221
YHg2,191
YHg3,194
YHgB,216
YHoRu2,225
YIn,221
YIn2Ni,63
YIn3,221
YInAg2,225
YInAu,189
YInAu2,225
YInCu2,225
YInCu4,216
YInNi,189
YInPd,189
YInPd2,225
YInPt,189
YInPt2,194
YInRh,189
YIr,221
YIr2,227
YLuRu2,225
YLuZn2,225
YMg,221
YMg2Sc,225
YMgAg,189
YMgAl,189
YMgCu,189
YMgCu,216
YMgCu4,216
YMgGa,189
YMgIn,189
YMgIn,216
YMgPd,189
YMgTl,189
YMgTl,216
YMgZn,189
YMnNi4,216
YMnO3,194
YMnTe,216
YN,194
YN,216
YN,225
YNbRu2,225
YNiAs,216
YNiBi,216
YNiGe3,65
YNiP,216
YNiSb,216
YNiSn,62
YOF,216
YOs2,194
YP,225
YPO4,141
YPPt,187
YPPt,216
YPaRu2,225
YPb2,63
YPbAu,216
YPd,63
YPd2Pb,225
YPd3,221
YPd3S4,223
YPt,62
YPt2,227
YPt3,221
YRe2,194
YRh,221
YRh2,227
YRh3C,221
YRh5,191
YS,225
YS2,129
YSF,194
YSb,225
YSbPd,216
YSbPd2,225
YSbPt,216
YScBe,216
YScCd2,71
YScHg2,71
YScIn2,71
YScS3,33
YSe,225
YSeBr,216
YSeCl,216
YSi,63
YSi2,141
YSi2Rh3,191
YSi2Ru3,191
YSi3Ir,107
YSiAg,189
YSiAg,216
YSiAu,186
YSiAu,216
YSiIr,62
YSiPd2,62
YSiPt,62
YSiRh,62
YSiRu,62
YSn2,63
YSn3,221
YSnAu,186
YSnAu,194
YSnAu,216
YSnPd,62
YSnPd2,225
YSnPt,189
YSnRh,189
YSnRu2,71
YTaRu2,225
YTe,225
YTe2,129
YTeRh,216
YTi,221
YTiGe,139
YTiSi,129
YTl,221
YTl3,221
YTlCd,216
YTlPd,189
YTlPd2,71
YVO4,141
YWC2,62
YZn,221
YZn,225
YZn2Au,71
YZn2In,225
YZn5,191
YZnB,216
YZnGa,194
YZnGe,194
YZnPd,62
YZnSi,187
YZnSn,194
YZnSn2,129
YZrRu2,225
YZrSb,139
Yb(Al2Mo)2,139
Yb(Al5Ru)2,63
Yb(CuSi)2,139
Yb(GePd)2,139
Yb(GeRu)2,139
Yb(PRu)2,139
Yb(SiAg)2,139
Yb(SiAu)2,139
Yb(SiPd)2,139
Yb(SiRu)2,139
Yb(TiAl10)2,227
Yb(ZnAs)2,164
Yb(ZnGa)2,139
Yb(ZnP)2,164
Yb2AgIr,225
Yb2AgPd,123
Yb2AgPd,225
Yb2AgPt,225
Yb2AgRh,225
Yb2AsAu,225
Yb2CdPb,225
Yb2CdPd2,127
Yb2CuIr,225
Yb2Ga10Ru3,127
Yb2Ge4Ru3,15
Yb2In8Ir,123
Yb2InPb,225
Yb2InPd2,127
Yb2MgIn,225
Yb2Ni12P7,174
Yb2TlGa,225
Yb2ZnGa,225
Yb2ZnIn,225
Yb3Co4Ge13,223
Yb3Ge13Ir4,223
Yb3Ge13Ru4,223
Yb3In3Ge2Au,189
Yb3Sn13Ir4,223
Yb3SnO,221
Yb3Zn11,71
Yb4Ge6Ir7,229
Yb5Sb3,193
Yb6Al7Cu16,225
YbAg,221
YbAg2,139
YbAgBi,186
YbAgGe,189
YbAgPd2,225
YbAgSb,62
YbAgSn,187
YbAl2,227
YbAl2Cu,166
YbAl3,221
YbAlAu,62
YbAlZn2,225
YbAsPd,189
YbB2Ru3,191
YbB4Ru,55
YbBPd3,221
YbBiAu,216
YbBiPd,216
YbBiPt,216
YbCdCu4,216
YbCeCu2,225
YbCu,62
YbCu4Ag,216
YbCu4Ni,216
YbCu5,191
YbCuAs2,129
YbCuBi,186
YbCuBi,194
YbCuGe,194
YbCuGe,216
YbCuSb,186
YbCuSb,194
YbCuSi,194
YbEuZn2,225
YbGa,221
YbGa2,191
YbGa2,194
YbGa2Ag,62
YbGa4,139
YbGa5Co,123
YbGa7Au3,167
YbGaGe,194
YbGaRh2,225
YbH3Pd,221
YbIn,221
YbIn2Au,63
YbIn2Ni,63
YbIn2Pd,63
YbIn2Rh,63
YbIn3,221
YbIn5Co,123
YbIn5Ir,123
YbIn5Rh,123
YbInAg2,225
YbInAu,189
YbInCu4,216
YbInPd,189
YbInPd2,225
YbMnGe,62
YbNi2Sn,225
YbNiH3,221
YbNiSb,216
YbPd,221
YbPd3,221
YbPt2,227
YbPt3,221
YbRu,221
YbSbAu,186
YbSbPd,62
YbSbPd,216
YbSbPt,216
YbSiAg,189
YbSn2Pd,63
YbSn3,221
YbSnHg,186
YbSnPd,62
YbSnPd,189
YbSnPd2,225
YbTaRu2,225
YbTlPd,189
YbZn,221
YbZn,225
YbZn2,74
YbZnGa,12
YbZnGa3,107
YbZnIn,187
YbZnIn,194
YbZnSn,186
Zn(BIr)2,139
Zn(CN)2,215
Zn(CrS2)2,227
Zn(CrSe2)2,227
Zn(GaO2)2,227
Zn(InAu4)3,25
Zn(InS2)2,227
Zn(InSe2)2,82
Zn(InTe2)2,82
Zn(PtO2)3,65
Zn(RhO2)2,227
Zn(SbO3)2,136
Zn2AgAu,225
Zn2AgPd,71
Zn2CuAu,225
Zn2CuPd,71
Zn2CuPt,225
Zn2GaCu,225
Zn2In2S5,186
Zn2PdPt,225
Zn2RhAu,225
Zn2SiO4,122
Zn2SiO4,227
Zn2SnO4,227
Zn3(InS3)2,156
Zn3(Ni10B3)2,225
Zn3As2,224
Zn3Au,223
Zn3Ga4Pd7,146
Zn3In,63
Zn3In,139
Zn3N2,206
Zn3Ni2Ge,227
Zn3P2,137
Zn3P2,224
Zn3Ru,139
Zn3SiNi2,227
Zn7Mo,225
Zn7Sb8Ru9,225
Zn9(InSb3)2,19
Zn9Ga3Mo2,164
ZnAg,221
ZnAgAs,216
ZnAgF3,221
ZnAgPd2,71
ZnAgPd2,225
ZnAs,61
ZnAsPt5,123
ZnAu,221
ZnAu3,64
ZnBi,61
ZnCdAg2,35
ZnCdAu2,123
ZnCdPt2,123
ZnCl2,122
ZnCo2Ge,225
ZnCr2O4,141
ZnCr2O4,227
ZnCu,221
ZnCu2Ni,123
ZnCuGe,216
ZnCuMo,216
ZnCuNi2,225
ZnCuPd2,225
ZnCuPt2,225
ZnF2,60
ZnF2,136
ZnFeBi,216
ZnFePb,216
ZnFeSb,216
ZnGa11Co4,10
ZnGa3,221
ZnGaAg2,71
ZnGaCo2,71
ZnGaCo2,225
ZnGaCu2,71
ZnGaCu2,225
ZnGaIr2,225
ZnGaNi2,71
ZnGaNi2,225
ZnGaPd2,71
ZnGaRh2,225
ZnGeAs2,122
ZnGeP2,122
ZnGeRu2,71
ZnIn2GeAs4,139
ZnIn2SnAs4,121
ZnIn3,63
ZnIn3,139
ZnIn3,225
ZnInIr2,71
ZnInPd2,71
ZnInPd2,225
ZnInRh2,71
ZnInRh2,225
ZnMoRu2,71
ZnNi,123
ZnNi,221
ZnNi2Ge,225
ZnNi3C,221
ZnNi3N,221
ZnNi3Sb2,164
ZnNiSb,216
ZnO,186
ZnO,194
ZnO,216
ZnO,225
ZnO2,205
ZnP2,14
ZnP2,92
ZnP4,92
ZnPPt5,123
ZnPd,123
ZnPt,123
ZnPt3,221
ZnRh,221
ZnS,156
ZnS,186
ZnS,216
ZnSO4,216
ZnSb,61
ZnSbPd,216
ZnSbRu2,71
ZnSe,186
ZnSe,216
ZnSiAs2,122
ZnSiP2,122
ZnSnAs2,122
ZnSnP2,122
ZnSnSb2,122
ZnTcMo,216
ZnTe,63
ZnTe,216
Zr,194
Zr(CuP)2,164
Zr(MnSn)6,191
Zr(NiP)2,139
Zr(SiNi)2,139
Zr2(Ni7B2)3,225
Zr2(ZnGa)3,47
Zr2Ag,139
Zr2Al,140
Zr2Al,194
Zr2Al3C4,194
Zr2Al3Zn,166
Zr2AlC,194
Zr2AlN,194
Zr2Au,139
Zr2CS,194
Zr2Cd,139
Zr2Co,140
Zr2Cu,139
Zr2CuS4,227
Zr2CuSb3,115
Zr2Fe,140
Zr2FeRu,71
Zr2Ga,140
Zr2Ga3,43
Zr2H2Pd,139
Zr2InC,194
Zr2InCo2,127
Zr2InNi2,127
Zr2InPd2,136
Zr2Ir,227
Zr2MoIr,71
Zr2MoPt,71
Zr2NbPt,71
Zr2Ni,140
Zr2Pd,139
Zr2Pt,227
Zr2RePd,71
Zr2ReRh,225
Zr2RuRh,71
Zr2SN2,194
Zr2Sb,139
Zr2SbP,194
Zr2SeN2,194
Zr2Si,140
Zr2TcMo,71
Zr2TiAl,225
Zr2TlC,194
Zr2V3Ru,194
Zr2Zn,139
Zr2ZnCu,71
Zr3(Cu2Ge)2,189
Zr3(Cu2Si)2,189
Zr3Ag,221
Zr3Al,221
Zr3Al2,136
Zr3AlN,63
Zr3As2,62
Zr3Au,223
Zr3Co2Si3,63
Zr3Ga2,127
Zr3GeO8,121
Zr3Hg,223
Zr3In,221
Zr3Ir,121
Zr3N4,220
Zr3Ni3Sb4,220
Zr3NiO,63
Zr3O,182
Zr3S4,227
Zr3Sn,223
Zr3TaFe8,160
Zr3Zn3C,227
Zr3Zn3N,227
Zr4Al3,191
Zr4Co2N,227
Zr4CoP,124
Zr4Ir2N,227
Zr4Ni2N,227
Zr4Os2C,227
Zr4Os2N,227
Zr4Pd2O,227
Zr4Pt2N,227
Zr4Re2N,227
Zr4Rh2N,227
Zr4Ru2N,227
Zr5AgSb3,193
Zr5Al3C,193
Zr5Al4,193
Zr5AlSn3,193
Zr5AsPb3,193
Zr5CuSn3,193
Zr5GaSn3,193
Zr5Ir3,193
Zr5P7Pd9,38
Zr5Sb3As,193
Zr5Sb4,193
Zr5Si3,193
Zr5SiSb3,193
Zr5SiSn3,193
Zr5Sn3B,193
Zr5Sn3N,193
Zr5Sn3P,193
Zr6Al16Os7,225
Zr6Al16Pd7,225
Zr6Al16Pt7,225
Zr6Al16Ru7,225
Zr6Al2Co,189
Zr6Al2Fe,189
Zr6Al2Ni,189
Zr6Al7Cu16,225
Zr6CuBi2,189
Zr6FeSb2,189
Zr6FeTe2,189
Zr6Ga16Ru7,225
Zr6Ga2Co,189
Zr6Sb2Pt,189
Zr6Si7Ni16,225
Zr6Zn16Cu7,225
Zr8AgPd3,123
ZrAg,129
ZrAgB,216
ZrAgMo,216
ZrAl,63
ZrAl2,194
ZrAl2Zn,123
ZrAl3,139
ZrAl3,221
ZrAlAu,216
ZrAlCo2,225
ZrAlCu2,225
ZrAlNi2,225
ZrAlPd2,225
ZrAlPt,189
ZrAlPt,190
ZrAlRu2,225
ZrAlW,216
ZrAs,194
ZrAs,225
ZrAs2,62
ZrAs2,71
ZrAsIr,216
ZrAsRh,216
ZrAsRu,189
ZrAu4,62
ZrB,225
ZrB12,225
ZrB2,191
ZrB4Ir3,176
ZrBAu,216
ZrBRh3,221
ZrBe13,226
ZrBe2,191
ZrBiIr,216
ZrBiRh,216
ZrC,216
ZrC,225
ZrCd3,123
ZrCdAg2,225
ZrCdCu2,225
ZrCo,221
ZrCo2Sn,225
ZrCoAs,216
ZrCoBi,216
ZrCoP,216
ZrCoSb,216
ZrCrFe,216
ZrCu,11
ZrCu,221
ZrCu2Ag,71
ZrCu4Ag,216
ZrCu5,216
ZrCuB,216
ZrCuGe,62
ZrCuHg2,216
ZrCuSi,62
ZrCuSi2,129
ZrCuSiAs,129
ZrCuSiP,129
ZrFeP,62
ZrFePo,216
ZrFeS,216
ZrFeSb,216
ZrFeSe,216
ZrFeSi,62
ZrFeTe,216
ZrGa,141
ZrGa2,65
ZrGa3,139
ZrGaAu,187
ZrGaAu,216
ZrGaCu,194
ZrGaNi2,225
ZrGaPd2,225
ZrGaPt,189
ZrGaPt,190
ZrGaRh,189
ZrGaRh2,225
ZrGaRu2,71
ZrGaRu2,225
ZrGe,62
ZrGeIr,62
ZrGeOs,189
ZrGePd,62
ZrGePd,216
ZrGePt,62
ZrGePt,216
ZrGeRh,62
ZrGeRu,46
ZrGeRu2,225
ZrH2,139
ZrHg3,221
ZrIn2,141
ZrIn3,139
ZrInAu,216
ZrInAu2,225
ZrInCo2,225
ZrInCu2,225
ZrInNi2,225
ZrInNi4,216
ZrInPt2,225
ZrInRu2,71
ZrIr2,227
ZrIr3,221
ZrMnP,62
ZrMnTe,216
ZrMo2,227
ZrMo3,223
ZrMoP,189
ZrN,187
ZrN,216
ZrN,221
ZrN,225
ZrNbP,62
ZrNi,63
ZrNi2,227
ZrNi2Sb,225
ZrNi2Sn,225
ZrNiBi,216
ZrNiC,216
ZrNiGe,62
ZrNiGe,216
ZrNiPb,216
ZrNiSb,62
ZrNiSn,216
ZrO2,14
ZrO2,60
ZrO2,62
ZrO2,225
ZrOs,221
ZrOs3,221
ZrP,194
ZrP,225
ZrP2O7,205
ZrPIr,216
ZrPOs,62
ZrPRh,62
ZrPRh,216
ZrPRu,62
ZrPRu,189
ZrPbF6,67
ZrPbO3,221
ZrPd,221
ZrPd2,139
ZrPd3,221
ZrPdPb,216
ZrPt,63
ZrPt3,221
ZrPtPb,216
ZrRe2,194
ZrReSi,189
ZrRh,123
ZrRh,221
ZrRh3,221
ZrRu,221
ZrRu2,194
ZrRu3,221
ZrRu3C,221
ZrS,225
ZrSO,198
ZrSb,63
ZrSb,198
ZrSbIr,216
ZrSbPd,62
ZrSbRh,216
ZrSbRu,216
ZrSbRu2,225
ZrScCd2,71
ZrScIr2,71
ZrScZn2,71
ZrSi,62
ZrSi,63
ZrSi2,63
ZrSiMo,62
ZrSiNi,216
ZrSiO4,88
ZrSiO4,141
ZrSiOs,62
ZrSiPd,62
ZrSiPd,216
ZrSiPt,62
ZrSiPt,216
ZrSiRh,62
ZrSiRu,189
ZrSiRu2,71
ZrSiRu2,225
ZrSnIr,189
ZrSnIr,190
ZrSnPd,216
ZrSnPd2,225
ZrSnPt,216
ZrSnRh,189
ZrSnRh,190
ZrTa2N3,191
ZrTaFe4,164
ZrTaRe2,71
ZrTaRu2,71
ZrTc2,194
ZrTc2W,225
ZrTe,62
ZrTe,187
ZrTe,194
ZrTeRu,216
ZrTiAs,139
ZrTiCu,107
ZrTiNb,42
ZrTlAu,216
ZrUNb,42
ZrV2,227
ZrVF6,225
ZrVGe,139
ZrVP,62
ZrVSi,129
ZrVTc2,71
ZrW2,227
ZrZn,221
ZrZn2,227
ZrZn22,227
ZrZnCu2,225
ZrZnNi4,216
