section,claim,cite_key,supporting_text,doi,verified_on,verification_route
2.1,Experimental values were assembled from the Starrydata curated transport database.,katsura2025starrydata,"'We have developed the Starrydata2 web system, an open, web-based database for collecting and organizing experimental material property data from the literature. It assists users worldwide in extracting and sharing curve data from plot images in published papers, along with relevant sample information such as chemical compositions and fabrication methods.' ; 'Currently, Starrydata encompasses over 194,000 curves extracted from more than 82,000 physical samples, as reported in over 13,000 publications on functional inorganic materials, including thermoelectric and magnetic materials.' (abstract, read in full from OpenAlex on 2026-09-19; the earlier row could not read it because the publisher returns 403 to automated requests and Crossref carries none).",10.1080/27660400.2025.2506976,2026-09-19,"OpenAlex abstract, read in full"
2.1,"...read at the published snapshot of 1 July 2025, so the corpus can be regenerated exactly.",mato2025starrydata,"DataCite record title: '20250701_starrydata2' - a dated figshare deposit of the Starrydata2 database. Supports that a specific dated snapshot was used, and nothing more. NOT a citation for the database as a resource; that is katsura2025starrydata.",10.6084/m9.figshare.29438735,2026-09-04,DataCite metadata
2.1,First-principles values were drawn from AFLOW.,curtarolo2012aflow,"Verified title: 'AFLOW: An automatic framework for high-throughput materials discovery' (Comput. Mater. Sci. 58, 218, 2012). Neither Crossref nor OpenAlex carries an abstract for this record. The earlier row asked whether it covers thermal properties; it does not need to. It is cited at section2_methods as the REPOSITORY the values were drawn from, and the two thermal modules are cited separately in the next sentence: AAPL (plata2017an) for transport and AGL (toher2014highthroug) for the quasi-harmonic estimates. No kappa-specific claim rests on this key.",10.1016/j.commatsci.2012.02.005,2026-09-19,Crossref metadata; scope of the citation checked against its use in section2_methods
2.1,First-principles values were drawn from ... the Materials Project.,jain2013commentary,From the abstract: 'The Materials Project ... uses high-throughput computing to uncover the properties of all known inorganic materials. This open dataset can be accessed through multiple channels for both interactive exploration and data mining.' Supports use as a source of computed inorganic-materials properties.,10.1063/1.4812323,2026-09-04,"Crossref abstract, read"
2.1,First-principles values were drawn from ... JARVIS.,choudhary2020the,"From the abstract: 'JARVIS is an integrated infrastructure to accelerate materials discovery and design using density functional theory (DFT), classical force-fields (FF), and machine learning (ML) techniques ... JARVIS-DFT [contains] ~40,000 materials and ~1 million calculated properties.' Supports use as a DFT property repository.",10.1038/s41524-020-00440-1,2026-09-04,"Crossref abstract, read"
2.1,First-principles values were drawn from ... OQMD.,kirklin2015the,"From the abstract: 'The OQMD is a high-throughput database consisting of nearly 300,000 density functional theory (DFT) total energy calculations of compounds from the ICSD and decorations of commonly occurring crystal structures.' Supports use as a DFT repository. NOTE: the paper is about formation-energy accuracy, not thermal conductivity; it is cited only as the database reference.",10.1038/npjcompumats.2015.10,2026-09-04,"Crossref abstract, read"
2.1,Crystal structures were taken ... together with COD and OPTIMADE-federated sources.,andersen2021optimade,From the abstract: 'The Open Databases Integration for Materials Design (OPTIMADE) consortium has designed a universal application programming interface (API) to make materials databases accessible and interoperable.' Supports OPTIMADE being the federation mechanism used to query multiple structure databases.,10.1038/s41597-021-00974-z,2026-09-04,"Crossref abstract, read"
2.3,"the Lorenz number L taken from the single-parabolic-band parameterisation of Kim and Snyder, L = 1.5 + exp(-|S|/116) in units of 1e-8 W ohm K^-2 with S in microvolt/K",kim2015characteri,"From the abstract, verbatim: 'We propose the equation: L=1.5+exp(-|S|/116) (where L is in 10^-8 W Ohm K^-2 and S in microV/K) as a satisfactory approximation for L. This equation is accurate within 5% for single parabolic band/acoustic phonon scattering assumption and within 20% for PbSe, PbS, PbTe, Si0.8Ge0.2.' Supports both the formula and its stated units exactly as written in our text.",10.1063/1.4908244,2026-09-04,"Crossref abstract, read"
3.1,Half Heuslers are semiconducting at VEC = 18.,graf2011simple,"PRIMARY SOURCE READ (data/pdfs/inbox/1-s2.0-S0079678611000021-main.pdf). Verbatim, Section 8: 'As explained in Section 6.2.1, Half-Heusler materials with 18 valence electrons exhibit semiconducting properties.' Supports the claim exactly as written. The mechanism is given earlier: 'In this simplified model they become stable closed shell ions, i.e. a d10 configuration for Y and a s2p6 configuration for Z. This procedure requires 18 valence electrons... Due to the closed shell configuration, Half-Heusler compounds with 18 valence electrons are particularly stable. Changing the valence electron number to a different value mostly causes the compounds to become magnetic and crystallize in a different crystal structure.' The same source ALSO supports our rare-earth counting convention: 'the family of RE PdBi materials, in which Pd contributes ten valence electrons, the RE metal three and Bi five, respectively, which again sums up to 18 valence electrons.' Note the paper records MnNiSb as a 22-electron half-Heusler exception, consistent with our softened wording.",10.1016/j.progsolidstchem.2011.02.001,2026-09-04,PRIMARY SOURCE READ in full
3.3,We train gradient-boosted decision trees (CatBoost).,prokhorenkova2017catboost,"From the abstract: 'This paper presents the key algorithmic techniques behind CatBoost, a new gradient boosting toolkit ... Two critical algorithmic advances introduced in CatBoost are the implementation of ordered boosting, a permutation-driven alternative to the classic algorithm, and an innovative algorithm for processing categorical features.' Supports CatBoost being the gradient-boosting implementation cited.",10.48550/arXiv.1706.09516,2026-09-04,"DataCite abstract, read"
2.2,"For the 93 half Heuslers carrying both kinds of label at a matched temperature, the median disagreement is a factor of 1.38 and 84% agree within a factor of two, but the tail reaches 7.2.",NONE-OWN-MEASUREMENT,"No citation: this is measured in our own corpus. Reproduced by data/exports/kappa_v2/semiempirical_vs_bte.csv. Replaces an earlier claim that the semi-empirical error is 'a factor of two to three', which our own data does not support.",,2026-09-04,"own measurement, not a citation"
1,Figures of merit approaching zT ~ 1.5 have been demonstrated in p-type FeNbSb.,fu2015realizing,"From the abstract: 'Here we report a high zT of ~1.5 at 1,200 K for the p-type FeNbSb heavy-band half-Heusler alloys.' Supports the zT value and the compound exactly as stated.",10.1038/ncomms9144,2026-09-04,"Crossref abstract, read"
1,...and zT ~ 1.4 in ZrCoBi.,zhu2018discovery,"From the abstract: 'Here we report the discovery of p-type ZrCoBi-based half-Heuslers with a record-high ZT of ~1.42 at 973 K'. Also supports the framing sentence: 'Half-Heusler materials, as one of the most promising candidates for thermoelectric power generation, have relatively low ZTs compared to other material systems.'",10.1038/s41467-018-04958-3,2026-09-04,"Crossref abstract, read"
1,Carrete et al. calculated 32 half-Heusler compounds in full and used them to train a random-forest model that extended the search to a far larger set.,carrete2014finding,"'TABLE I: Fully calculated thermal conductivities, kappa_omega, for 32 compounds. These results are then used as the training set for the random-forest predictions.' (read from data/pdfs/10.1103_physrevx.4.011019.pdf). Abstract: 'An efficient computational approach using machine-learning techniques finds a much larger range of conductivity than expected for an impressive number of half-Heusler compounds.' The sentence was rewritten on 2026-09-19: it previously said the BTE 'has been applied across the half-Heusler space', which overstated the calculation's reach, since 32 compounds were calculated and the rest were reached by the random forest. The first-principles half of that claim now rests on shiomi2011thermal.",10.1103/PhysRevX.4.011019,2026-09-19,tier A (data source); PDF held and Table I read; abstract read
1,A converged transport calculation is expensive enough that high-throughput application has driven a search for cheaper surrogates.,liu2020a,"From the abstract: 'In principle, the thermal conductivity can be accurately predicted by solving the phonon Boltzmann transport equation, which is however very time-consuming, especially for complex systems with large unit cell. Here, using half-Heusler compounds as prototypical examples, we apply a compressed-sensing approach to rapidly evaluate the lattice thermal conductivity.' Supports both the cost claim and the surrogate-search claim, in half Heuslers specifically.",10.1088/1361-6463/ab898e,2026-09-04,"Crossref abstract, read"
1,...and more recently for machine-learned models trained to reproduce the calculations directly.,luo2023predicting,"From the abstract: 'molecular dynamics simulations and first-principles calculations have become two major approaches to predict the lattice thermal conductivity, which are however limited by insufficient accuracy and high computational cost, respectively. To overcome such inherent disadvantages, machine learning (ML) has been successfully used to accurately predict kappa_L in a high-throughput style.' Supports that ML models in this field are trained to reproduce calculated values.",10.1038/s41524-023-00964-2,2026-09-04,"Crossref abstract, read"
1,"much subsequent effort has gone into reproducing it more cheaply ... and, increasingly, machine-learned models [half-Heusler lattice thermal conductivity]",trans2022lattice,"PARTIAL. OpenAlex has no abstract for this DOI. The title, 'Lattice thermal conductivity of half-Heuslers with density functional theory and machine learning', supports the computed-labels claim on its face, but the training labels are not confirmed from the text. Low risk: it is one of six citations supporting a general statement about the field, not a load-bearing claim on its own.",10.1016/j.commatsci.2021.110938,2026-09-08,Crossref metadata; OpenAlex holds no abstract -- title only
1,...machine-learned models,miyazaki2021machine,From the abstract: 'Half-Heusler compound has drawn attention ... as a candidate material for thermoelectric energy conversion ... The calculation for the prediction of lattice thermal conductivity is an important physical parameter'. Title: 'Machine learning based prediction of lattice thermal conductivity for half-Heusler compounds using atomic information'. Supports a half-Heusler ML model of lattice thermal conductivity.,10.1038/s41598-021-92030-4,2026-09-04,"Crossref abstract, read"
1,...machine-learned models,jaafreh2021lattice,"VERIFIED. Abstract: 'LTCs of 119 compounds at various temperatures (100-1000 K) were obtained based on density functional theory (DFT) and phonon calculations, and then, these data were employed in the next learning process to build a predictive model.' Supports the claim that the model is trained on COMPUTED labels.",10.1021/acsami.1c17378,2026-09-08,"OpenAlex abstract, read in full 2026-09-08"
1,...machine-learned models,bhattacharjee2022thorough,VERIFIED. Abstract: 'We perform machine learning (ML) on theoretically computed kappa_L of half-Heusler (HH) compounds.' Supports the computed-labels claim directly.,10.1021/acsaem.2c01400,2026-09-08,"OpenAlex abstract, read in full 2026-09-08"
1,...machine-learned models,paliwal2025accelerate,"VERIFIED from the primary source, not the abstract (OpenAlex holds none). The paper compiles DFT-computed kappa_L for 150 crystalline compounds over 100-1000 K, 4127 entries, and trains ensemble regressors on them. Supports the computed-labels claim.",10.1103/l92g-tkds,2026-09-08,primary PDF read in full 2026-09-08 (data/pdfs/inbox/2511.13202v3.pdf)
1,"Training directly on measurements is the obvious alternative, and it is beginning to appear.",barua2024interpreta,"VERIFIED. Abstract: 'we develop a ML pipeline trained with multivariable inputs on a massive public dataset of ~200,000 data ... to predict the thermal conductivity'; and 'Previous ML studies have used different literature sources or density functional theory calculations as input.' Supports 'training directly on measurements is beginning to appear'. NOTE: the target is total thermal conductivity, not lattice kappa_L.",10.1021/acs.chemmater.4c01696,2026-09-08,"OpenAlex abstract, read in full 2026-09-08"
4.6,On 21 in-domain compounds the published semi-empirical estimates give 94.6% median error against 31.5% for the calibrated calculation; dropping the temperature exponent raises our error from 31.0% to 45.1%.,NONE-OWN-MEASUREMENT,No citation: both are measured in our own corpus under the paper's own protocol. Reproduced by compute_baselines_ablation.py -> data/exports/kappa_v2/baselines_ablation.json.,,2026-09-04,"own measurement, not a citation"
1,"Zhu et al. trained a crystal-graph neural network on 2668 computed conductivities and transfer-learned it onto 132 experimentally measured values; the transfer lowered the error at the high-kappa_L end, while the low-kappa_L regime was left to a separate random-forest model, and the computed labels they began from were semi-empirical high-throughput estimates rather than transport calculations.",zhu2021charting,"VERIFIED against the version of record (RSC PDF, obtained via CORE/DSpace@MIT, hdl 1721.1/132699). Four sentences carry the claim. (1) the 2668: ""The kC dataset contains computed k of 2668 ordered and stoichiometric inorganic structures from the ICSD."" (2) the transfer learning and the 132: ""Aiming at learning and predicting k measured by experiments, we build an experimental dataset (kexp) collected from the literature, and extend our earlier graph neural networks model with transfer learning (TL-CGCNN, details in ESI)""; and ""63(88) and 66(86) of 132 measured values align with our predictions within a factor of 2(3), for random forest and CGCNN, respectively."" (3) the high-end / low-end split, Table 1 caption: ""Note that k'exp is from a random forest model for the low regime of k, and TL-CGCNN for high values."" (4) the labels are semi-empirical: ""Alternatively, the above semi-empirical models have also been successfully implemented for high-throughput predictions.[35]"" and ""We start by learning from our recently prepared high-throughput kC dataset,[35]"" -- ref 35 being Gorai et al., Comput. Mater. Sci. 112, 368 (2016); the paper adds that its own models need no ""expensive calculations for bulk modulus and Gruneisen parameter"", the inputs of that semi-empirical route. NOT SUPPORTED and therefore REMOVED from the manuscript: ""roughly halving the error on the measured scale"". No halving, and no numerical error ratio, appears anywhere in the version of record; the preprint of the same work (arXiv:2006.11712v1) states the opposite of a uniform gain -- ""the accuracy on the high-kappa end (log kappa > 1) is improved, but the accuracy is deteriorated on the low-kappa end, even though the overall performance is enhanced."" The manuscript sentence now says that instead.",10.1039/D1EE00442E,2026-09-17,"PRIMARY READ IN FULL -- version-of-record PDF via CORE (core.ac.uk/download/544389606.pdf) and DSpace@MIT bitstream; cross-checked against arXiv:2006.11712v1. OpenAlex/Crossref carry only the 130-char graphical abstract, which is why this row sat unverified."
1,Miller et al. fitted a semi-empirical model to experimental data across several dozen compounds.,miller2017capturing,"VERIFIED, and an earlier doubt in this ledger was WRONG. Abstract, verbatim: 'we develop and validate a semiempirical model for kappa_L by FITTING density functional theory calculations TO EXPERIMENTAL DATA. Experimental values for kappa_L come from new measurements on SrIn2O4 ... as well as 55 compounds from across the published literature.' The manuscript's 'fitted ... directly to experimental data' is correct. The previous row doubted this on the basis of the SI alone.",10.1021/acs.chemmater.6b04179,2026-09-08,"OpenAlex abstract, read in full 2026-09-08"
1,...and models trained directly on measured conductivities exist.,chen2019machine,"Abstract, verbatim, read from the primary source (arXiv:1906.06378v2, the preprint of the Comput. Mater. Sci. paper, at data/pdfs/inbox/1906.06378v2.pdf): 'we build a machine learning (ML)-based model to accurately and instantly predict kappa_L of inorganic materials, using a benchmark data set of experimentally measured kappa_L of about 100 inorganic solids. We use advanced and universal feature engineering techniques along with the Gaussian process regression algorithm.' Confirms they train DIRECTLY on measurements and do not correct a calculation - a text search for correction/calibration language returned nothing.",10.1016/j.commatsci.2019.109155,2026-09-04,primary source read (arXiv preprint of the journal paper)
2.1,First-principles values were drawn from AFLOW -- transport values from its AAPL module.,plata2017an,"Verified title: 'An efficient and accurate framework for calculating lattice thermal conductivity of solids: AFLOW-AAPL Automatic Anharmonic Phonon Library' (npj Comput. Mater. 3, 45, 2017). Supports AAPL as the AFLOW module producing Boltzmann-transport lattice thermal conductivities. Replaces the earlier citation of the 2012 AFLOW framework paper, which predates AFLOW's thermal-transport capability and cannot support a kappa claim.",10.1038/s41524-017-0046-7,2026-09-04,Crossref metadata; abstract NOT read
2.1,...and quasi-harmonic estimates from AGL.,toher2014highthroug,"Verified title: 'High-throughput computational screening of thermal conductivity, Debye temperature, and Grueneisen parameter using a quasiharmonic Debye model' (Phys. Rev. B 90, 174107, 2014). Supports AGL as the quasi-harmonic Debye route, which our tiering classes as semi-empirical rather than transport.",10.1103/PhysRevB.90.174107,2026-09-04,Crossref metadata; abstract NOT read
4.4,"On 34 in-domain compounds with a matched published transport value: uncorrected published 71.6%, uncorrected surrogate 66.1%, calibrated surrogate 31.4%, calibrated published 27.3%. k_pred differs from the published value by a median 15.4%.",NONE-OWN-MEASUREMENT,No citation: measured in our own corpus under the paper's own protocol. Reproduced by scratchpad/verify_surrogate.py -> data/exports/kappa_v2/surrogate_vs_published.json.,,2026-09-04,"own measurement, not a citation"
5.2,The transport calculations being calibrated are drawn from published high-throughput studies.,li2025highthroug,"'We present a state-of-the-art high-throughput workflow that unifies these effects and apply it to 773 cubic and tetragonal crystals spanning diverse chemistries and structures.' ; 'reliable kappa_L prediction often requires higher-order anharmonic effects, including self-consistent phonon renormalization, three- and four-phonon scattering, and off-diagonal heat flux' (abstract, read in full from OpenAlex on 2026-09-19). Supports the source as a high-throughput first-principles kappa_L study, which is the provenance claim made.",10.1038/s41524-025-01920-y,2026-09-19,"OpenAlex abstract, read in full"
5.2,...published high-throughput studies.,ohnishi2026database,"'In this study, we develop an automated first-principles workflow to calculate anharmonic phonon properties and build a comprehensive database encompassing more than 6,000 inorganic compounds.' (abstract, read in full from OpenAlex on 2026-09-19). Supports the source as a first-principles anharmonic-phonon database, which is the provenance claim made.",10.1038/s41524-026-02033-w,2026-09-19,"OpenAlex abstract, read in full"
5.2,...published high-throughput studies.,miyazaki2021machine,Source of BTE values for all five issued compounds; appears as source_doi on their tier-1 rows. Abstract previously read and recorded in this ledger for the Introduction claim.,10.1038/s41598-021-92030-4,2026-09-04,provenance verified in the corpus; abstract read
3.2,A Callaway grey-boundary treatment with a single boundary length gives a suppression S = Lambda_b/(Lambda + Lambda_b).,callaway1959model,"Verified title: 'Model for Lattice Thermal Conductivity at Low Temperatures' (Phys. Rev. 113, 1046, 1959). The originating reference for the Callaway relaxation-time model invoked. NOTE: abstract not carried by Crossref for a 1959 record; cited as the standard attribution for the model by name.",10.1103/PhysRev.113.1046,2026-09-04,Crossref metadata; abstract NOT read
3.2,"A laboratory specimen is a polycrystal with grain boundaries, point defects and finite density... for the XNiSn half Heuslers this has been analysed directly against measurement.",schrade2017the,"VERIFIED, and the source is stronger than the citing sentence implies. Abstract: 'grain boundary scattering plays the most important role in bringing down kappa_Lat', via a 'concerted theory-experiment comparison', where 'The calculations were based on the Boltzmann transport equation and ab initio density functional theory' and 'the experimental average crystallite size was used as an input parameter'. Directly supports boundary scattering analysed against measurement in XNiSn.",10.1038/s41598-017-14013-8,2026-09-08,"OpenAlex abstract, read in full 2026-09-08"
4.5,"A family power law fitted to the measured curves of the held-out compound's own bonding family gives 28.2% median error on 31 compounds against our 31.0%, p=0.22, ours better on 42%; it cannot cover 7 compounds and its within-family Spearman is -0.90 against our +0.50.",NONE-OWN-MEASUREMENT,No citation: measured in our own corpus under the paper's own protocol. Reproduced by compute_family_null.py -> data/exports/kappa_v2/family_null.json. This baseline was raised by an adversarial review and is reported because the method does NOT beat it on accuracy; the defensible advantage is coverage and within-family ordering.,,2026-09-04,"own measurement, not a citation"
5.3,"Applying the extrapolation rule retrospectively to the 16 measured compounds whose families are large enough to test it, the refused group is not detectably worse (29.6% vs 24.8%, p=0.35); TmSbPd and GdSbPt miss the boundary by 1.09x and 1.24x, less than the 1.33x inter-laboratory disagreement.",NONE-OWN-MEASUREMENT,"No citation: measured in our own corpus. Reproduced by scratchpad/extrap_gate.py and scratchpad/audit_refusals.py. Recorded because it is a NEGATIVE result about one of our own gates -- the rule is a stated conservatism, not a validated filter, and the paper says so.",,2026-09-04,"own measurement, not a citation"
5.4,"250 half Heuslers have a calculation and no measurement; 234 are removed at the validated-family requirement, of which 114 belong to families never measured. Three families (Co-Bi, Ni-Pb, Sb-Ir) are one measurement short and would release 6 predictions; Ni-Bi has 11 candidates blocked by YNiBi, whose measured kappa rises with temperature (slope +0.51 over 10 points).",NONE-OWN-MEASUREMENT,No citation: traced in our own corpus. Reproduced by scratchpad/candidate_funnel.py and scratchpad/unlock.py. The YNiBi slope is computed from its tier-0 rows and matches the broken-reference signature described in Section 2.3.,,2026-09-04,"own measurement, not a citation"
5.4,"Across 151 half Heuslers with two or more independent transport calculations at 300 K the median disagreement is 1.13x, 90th percentile 1.99x, maximum 18.35x (TmNiSb). ErSbPt and HoSbPt rest on calculations 1.68x and 1.72x apart; TiNiPb 5.60x and HoNiBi 2.37x are excluded on that basis. 14 of 17 unlock candidates survive every criterion.",NONE-OWN-MEASUREMENT,"No citation: measured in our own corpus. Reproduced by scratchpad/source_conflict.py and scratchpad/audit_unlock.py -> data/exports/kappa_v2/unlock_audit.json. This corrects an earlier claim of 22 total predictions to 19, and adds a caveat to two issued predictions.",,2026-09-04,"own measurement, not a citation"
5.4,"The rise of YNiBi's reported kappa_L with temperature reflects a bipolar contribution the original authors themselves report, not an artefact of our extraction.",li2015synthesis,"Abstract, verbatim: 'A significant bipolar contribution to thermal conductivity was observed in YNiBi, which induces a relatively low thermoelectric dimensionless figure-of-merit zT in this material. Enhancement of zT for YNiBi could be realized through appropriate doping to suppress the bipolar effect.' The bipolar contribution is the source paper's own finding; a single-parabolic-band Lorenz number carries no bipolar term, so our subtraction cannot remove it.",10.1063/1.4921811,2026-09-04,"OpenAlex abstract, read; DOI resolved via Crossref"
5.4,"ZrNiBi, the only other Ni-Bi half Heusler with a measured lattice thermal conductivity, is excluded by our VEC=18 screen and is not stoichiometric.",ren2023vacancymed,"Full text, open access: 'the stoichiometric ZrNiBi with a valence electron count (VEC) of 19 lies above the convex hull ... indicating that it is thermodynamically unstable', and 'By artificially tuning the Zr vacancy concentration to ~12% (i.e., Zr0.88NiBi), phase-pure samples can be repeatedly achieved.' The measured material is therefore Zr-deficient and VEC 19, failing both the stoichiometry and the VEC=18 screen.",10.1038/s41467-023-40492-7,2026-09-04,open-access full text read (Europe PMC PMC10404254)
5.4,Stoichiometric ZrNiBi is independently characterised as an unstable 19-electron half Heusler.,liu2025stabilizat,"Abstract: 'a vacancy-filling strategy based on the Zintl chemistry principles is developed to stabilize 19-electron half-Heusler alloys as stable thermoelectric semiconductors ... the partial filling of Fe into the 4d vacant sites of the unstable 19-electron half-Heusler alloys, such as TiNiSb, NbCoSb, and ZrNiBi'. Corroborates the 19-electron assignment and the instability independently of the Nature Communications study.",10.1002/smll.202502068,2026-09-04,"OpenAlex abstract, read; full text NOT read"
5.4,LuNiBi's low lattice thermal conductivity has been studied by inelastic X-ray scattering combined with first-principles calculations.,li2024multiphono,"Abstract: 'LuNiBi is taken as the typical half-Heusler compound to investigate multiphonon interaction and thermal conductivity. By employing inelastic x-ray scattering and first-principles calculations, we confirm that the low thermal conductivity of LuNiBi is closely related to its small group velocity'. Supports that the compound is under active phonon study; the abstract does not report a thermal-transport measurement of kappa_L, and the paywalled full text was NOT read.",10.1103/PhysRevB.109.174302,2026-09-04,"OpenAlex abstract, read; paywalled full text NOT read"
6.3,"A neglected four-phonon channel would raise the calculated kappa relative to measurement, and three-phonon calculations err in that direction.",feng2017fourphonon,"Abstract, verbatim: 'recent quantitative calculations of three-phonon scattering have often shown a significant overestimation of thermal conductivity as compared to experimental values. In this Rapid Communication we show that four-phonon scattering is generally important in solids and can remedy such discrepancies.' Supports both halves of the sentence: the neglected channel, and its direction.",10.1103/PhysRevB.96.161201,2026-09-06,"OpenAlex abstract, read"
6.1,Resonant rattling modes produce a distinctive suppression of lattice thermal conductivity.,jana2016the,"Abstract reports 'an ultralow lattice thermal conductivity (ca. 0.4 W m-1 K-1) in mixed valent InTe' whose 'phonon dispersion exhibits, along with low-energy flat branches, weak' interaction -- i.e. rattling producing an identifiable low-kappa signature. Supports the existence and character of the mechanism, not any quantitative claim.",10.1002/anie.201511737,2026-09-06,"OpenAlex abstract, read"
6.3,Radiative heat loss affects laser-flash thermal diffusivity at high temperature.,nishi2020effect,"Abstract: 'The laser flash technique is a standard method to measure the thermal diffusivity of solid samples especially at high temperatures. To understand the reliability of thermal diffusivity evaluation at high temperature for solid samples with low-thermal-diffusivity values, we analyzed the effect of radiative heat loss.' Supports that the effect exists and matters at high T. It does NOT state a T^3 scaling, and the manuscript's T^3 claim was removed rather than attributed to this source.",10.1515/htmp-2020-0079,2026-09-06,"Crossref abstract, read"
3.4,"The cobalt arsenides XCoAs (X = Ti, Zr, Hf) clear every screen applied to the cubic phase ... yet the two that have been synthesised, ZrCoAs and HfCoAs, form the orthorhombic Co2Si type and not the cubic one.",kleinke1998crystal,"Abstract (read via OpenAlex, 2026-09-11): 'All six new arsenides were prepared by arc-melting of preheated mixtures of the monoarsenides MAs with the 3d metals Fe, Co, and Ni, respectively. The isostructural title compounds all form the Co2Si structure type ... from ZrCoAs to ZrNiAs ... and from HfCoAs to HfNiAs'. Title names M = Zr, Hf and M' = Co explicitly. Co2Si type is orthorhombic Pnma; the project's own spacegroup table independently records HfCoAs at spacegroup 62. Crossref: ZAAC 624(1), 51-56, 1998, Kleinke & Franzen.",10.1002/(SICI)1521-3749(199801)624:1<51::AID-ZAAC51>3.0.CO;2-Q,2026-09-11,OpenAlex abstract read; Crossref metadata; spacegroup cross-check
2.2,"Tier 3 is a semi-empirical Slack or Debye-Callaway estimate from elastic and thermodynamic quantities (section2_methods.tex:150); and: Semi-empirical Slack and Debye-Callaway models are the standard cheap route to kappa_L, against which the published estimates give a median error of 94.6 percent (section3_results.tex:120 and :190).",slack1979the,"From the abstract, read live through the Elsevier article API on 2026-09-17 (Crossref and OpenAlex both carry no abstract for this record): ""This chapter reviews the thermal conductivity of nonmetallic crystals at temperatures comparable to or higher than the Debye temperature. ... the dominant carriers of thermal energy are phonons and the dominant scattering mechanism to be considered is the intrinsic phonon-phonon scattering. ... It presents the absolute value of the thermal conductivity, K, as determined by phonon-phonon scattering, the temperature dependence of K, the volume dependence of K, the change in K upon melting, and the minimum value of K."" That is the model the manuscript calls ""Slack"": an absolute kappa_L above the Debye temperature set by intrinsic phonon-phonon (Umklapp) scattering. NOTE ON THE ALTERNATIVE: Slack, J. Phys. Chem. Solids 34, 321 (1973), doi 10.1016/0022-3697(73)90092-9, was also retrieved and its abstract read; it gives the four qualitative rules for high-conductivity crystals (low atomic mass, strong bonding, simple structure, low anharmonicity) and does NOT present the predictive expression, so the 1979 chapter is the correct primary here.",10.1016/S0081-1947(08)60359-8,2026-09-17,Crossref search (author Slack) for the DOI; abstract read through the Elsevier article API. Cite placed in section2_methods (tier-3 definition) and section3_results (semi-empirical comparison).
2.5,"Intervals are conformal, taken from the out-of-fold residual distribution in logarithmic space ... the k-th order statistic of the absolute log-residuals ... The (m+1) and the ceiling are both required for finite-sample validity (section2_methods.tex:468-482, eq:conformal).",lei2018distributi,"From the abstract, read on OpenAlex 2026-09-17: ""We develop a general framework for distribution-free predictive inference in regression, using conformal inference. The proposed methodology allows for the construction of a prediction band for the response variable using any estimator of the regression function. The resulting prediction band preserves the consistency properties of the original estimator under standard assumptions, while guaranteeing finite-sample marginal coverage even when these assumptions do not hold. We analyze and compare, both empirically and theoretically, the two major variants of our conformal framework: full conformal inference and split conformal inference, along with a related jackknife method."" The manuscript uses the split (inductive) variant and relies on exactly the finite-sample marginal coverage guarantee this paper states.",10.1080/01621459.2017.1307116,2026-09-17,"OpenAlex search -> Crossref confirmation of the JASA version of record; abstract read in full on OpenAlex (Crossref carries none). CITE NOT YET PLACED -- it belongs in section2_methods.tex:468, which this agent does not own."
2.4,LightGBM is named as one of the four compared regressors and as the alternative the whole blind test was repeated with (section2_methods.tex:412-419 and the Fig. 7 caption at :429). It is someone else's algorithm and is currently used with no citation.,UNRESOLVED-lightgbm-no-doi-exists,"COULD NOT BE RESOLVED TO A DOI -- and therefore deliberately NOT added to extra_dois.txt. The paper is real and its abstract was read, on HAL: Ke, Meng, Finley, Wang, Chen, Ma, Ye, Liu, ""LightGBM: A Highly Efficient Gradient Boosting Decision Tree"", 31st International Conference on Neural Information Processing Systems (NeurIPS 30), 2017, HAL hal-03953007. Abstract: ""Gradient Boosting Decision Tree (GBDT) is a popular machine learning algorithm, and has quite a few effective implementations such as XGBoost and pGBRT. ... To tackle this problem, we propose two novel techniques: Gradient-based One-Side Sampling (GOSS) and Exclusive Feature Bundling (EFB)."" SEARCHES RUN 2026-09-17, all negative for a DOI: Crossref bibliographic search; Crossref by title; DataCite title search; DataCite restricted to resource-type software; OpenAlex (record W2768348081 exists with doi=None and only HAL locations); arXiv API (ti:""LightGBM"" and a full-text query -- no preprint of this paper exists); HAL API for hal-03953007 (record returns no doiId_s field). NeurIPS 2017 proceedings papers were never registered with a DOI. ACTION FOR A HUMAN: either cite it without a DOI by hand-writing a @inproceedings entry into a separate non-generated .bib, or drop the citation. DO NOT INVENT A DOI, and do not let an apparently plausible one through.",,2026-09-17,"five registries queried, no DOI exists; cite NOT placed and no DOI added. Placement if a human resolves it: section2_methods.tex:412."
introduction,"A controlled multi-code comparison published in 2025 found the participating solvers within 15% of their mean values, yet reported that the calculated conductivities 'do not generally show agreement with experimental measurements'.",mcgaughey2025phonon,"The calculated thermal conductivities do not generally show agreement with experimental measurements, which is attributed to the limitations of the density functional theory calculations. / the thermal conductivities calculated by the teams fall within at most +/-15% of their mean values",10.1063/5.0289819,2026-09-18,"abstract read via Crossref/OpenAlex in the 2026-09-18 originality review; wording tightened 2026-09-19: the source says the solvers fall within 15% of THEIR MEAN, not of each other"
introduction,A 2019 review concluded that first-principles transport agrees with experimental measurements for diverse crystalline materials.,mcgaughey2019phonon,this framework has enabled thermal conductivity predictions that agree with experimental measurements for diverse crystalline materials,10.1063/1.5064602,2026-09-18,abstract read via Crossref/OpenAlex in the 2026-09-18 originality review
methods,an empirically fitted temperature dependence for half-Heusler lattice conductivity is not new: a phenomenological model gives kappa_L falling as T^(-1/2) near the Debye temperature,geng2014lattice,"a phenomenological model of atomic weight, lattice constant, temperature, and grain size ... the lattice thermal conductivity falls off with temperature as T^(-1/2) around the Debye temperature",10.1063/1.4879248,2026-09-18,abstract read via Crossref/OpenAlex in the 2026-09-18 originality review
methods,a modified Callaway model has been fitted to measured half-Heusler curves and recovers systematic trends with alloy composition,petersen2015critical,A modified Callaway model was used to describe experimental data ... The correlation between the coefficients obtained with experimental fits and theoretical models shows a predictable and systematic relationship between alloy composition and the thermal conductivity.,10.1063/1.4906225,2026-09-18,abstract read via Crossref/OpenAlex in the 2026-09-18 originality review
introduction,"the same empirical / first-principles / experimental fidelity ladder has been used for transfer learning, but with experiment and calculation combined into one training target",liu2022leveraging,"transfer learning (TL) to improve the machine learning models trained on small but high-fidelity TC data from experiments and first-principles calculations, by leveraging a large but low-fidelity data generated from empirical TC models",10.1016/j.mtphys.2022.100868,2026-09-18,abstract read via Crossref/OpenAlex in the 2026-09-18 originality review
results,"GdNiSb has been reported in two crystal modifications, a high-temperature AlB2-type and a low-temperature MgAgAs-type",skolozdra1997magnetic,GdNiSb occurs in two crystal modifications: high temperature (HT) one of AlB2 type and the low temperature (LT) of MgAgAs type.,10.12693/aphyspola.92.343,2026-09-18,full text of the primary source read in the 2026-09-18 originality review
3.familycal,"ErSbPd's reference comes from an annealed arc-melted ingot whose authors describe the transport as dominated by grain-boundary and defect scattering, with a flat high-temperature kappa they attribute to bipolar conduction.",mukhopadhyay2018multifunct,"'Polycrystalline samples of RPdSb (R= Er and Ho) were synthesized by arc-melting technique ... the as-cast ingots were wrapped in tantalum foils, encapsulated in an evacuated quartz tube and annealed at 800 C for one week' ; 'we observed kappa(T) to follow the power law behaviour, AT^n, with n close to 1 (see inset in Fig. 12) implying the presence of additional scattering processes such as scattering at grain boundaries, lattice defects and disorder. At high temperatures, there is no significant decrease in kappa(T) with increasing temperature as expected for conventional solids which could be attributed to the bipolar scattering.' (Results and discussions, thermal conductivity; read from data/pdfs/10.1088_1361-6463_aac567.pdf, accepted manuscript)",10.1088/1361-6463/aac567,2026-09-19,PDF read in full (tier A)
3.familycal,"The high Sb-Pd value is a specimen its authors identify as their lowest-disorder sample, whose kappa falls with temperature as a lattice term should.",mastronardi1999antimonide,"'For pure HoPdSb, the sample with the lowest disorder, the thermal conductivity is 5 W/mK at ambient temperature' ; 'Thermal conductivities are between approximately 5.0 and 3.5 W/mK at 300 K, and are smallest in intentionally disordered materials.' (read from data/pdfs/10.1063_1.123596.pdf). The temperature slope (-0.58, 200-330 K) is our own computation on the Starrydata digitisation of this paper's Fig. 3.",10.1063/1.123596,2026-09-19,PDF read in full (tier A)
3.familycal,NbCoSn's reference is a 99.9%-dense pellet with grains under 10 um.,thiem2025thermoelec,"'NbCoNixSn (x = 0-1) samples are prepared by arc-melting, followed by additional ball milling and spark plasma sintering' ; 'Fracture surface SEM imaging was also carried out to estimate grain sizes (Supporting Information Figure S1), which were found to be below 10 um for all samples.' Relative density 99.86% for x = 0 is from the paper's own table as extracted to the samples record (read from data/pdfs/10.3390_ma18133189.pdf).",10.3390/ma18133189,2026-09-19,"PDF read in full (tier A); Gemini extraction of the density spot-checked; CORRECTED 2026-09-19: the source gives grain size as an upper bound for the series, not a value for x = 0"
3.familycal,"TaCoSn's only measurement in the literature is on a sample milled to 0.1 um grains and rich in cobalt interstitials, whose authors report that arc melting failed.",li2019ntype,"'ball milled using a SPEX 8000 M Mixer/Mill for 20 h' ; 'The average grain size of TaCoSn is ~100 nm, much smaller than that of NbCoSn (Figure S1).' ; 'All of the samples are Co-rich and Ta-deficient, indicating the presence of high concentrations of Co interstitials or Ta/Co antisites' ; 'We also unsuccessfully attempted to prepare samples using arc melting.' ; 'To date, there has been no experimental data reported on the electrical and thermal transport properties of TaCoSn' (read from data/pdfs/10.1021_acsami.9b13603.pdf).",10.1021/acsami.9b13603,2026-09-19,PDF read in full (tier A)
3.predictions,"HfCoBi's anchor, ZrCoBi, is a 98%-dense pellet of about 15 um grain size, milled in a planetary mill for 10 h before hot pressing.",zhao2018synthesis,"'n-type Pd-doped ZrCo1-xPdxBi (x = 0, 0.03, 0.06, 0.09) half-Heusler samples were prepared by arc-melting and rapid hot-pressing sintering' ; 'the powder of ZrCo1-xPdxBi was ball-milled in a planetary ball milling machine using zirconia balls at 180 rpm for 10 h' ; 'the fractural SEM showed that the grain size of sintered bulk ZrCo0.97Pd0.03Bi half-Heusler samples is about 15 um' ; Table 1, x = 0: 'Relative Density 98.1%' and 'kappa_L 16.2 W m-1 K-1' at room temperature (read from data/pdfs/10.3390_ma11050728.pdf).",10.3390/ma11050728,2026-09-19,"PDF read in full (tier A); CORRECTED 2026-09-19 after a citation audit found the earlier hot-pressed-vs-ball-milled contrast false: both ZrCoBi laboratories ball-milled and hot-pressed, and the real distinction is milling severity"
3.limitations,HfCoBi's 300 K value rests on a single published calculation (Carrete et al. 2014); a systematic error in that study would propagate undiluted into it.,carrete2014finding,"'TABLE I: Fully calculated thermal conductivities, kappa_omega, for 32 compounds. These results are then used as the training set for the random-forest predictions.' (read from data/pdfs/10.1103_physrevx.4.011019.pdf). The corpus row for HfCoBi at 300 K, kappa_L = 18.6 W/m/K, method 'BTE', carries source_doi 10.1103/PhysRevX.4.011019 (HEUSLER_KAPPA_TRAINING_SET.csv); after source_identity.dedupe() it is the only tier-1 full-BTE row for HfCoBi at 300 K (n_src_300K = 1 in PAPER_PREDICTIONS.csv). The paper's 'BTE-approx' value for the same compound (22.5, kappa_transf) is excluded by the method filter.",10.1103/PhysRevX.4.011019,2026-09-19,tier A (data source); PDF held; single-source count from PAPER_PREDICTIONS.csv n_src_300K
3.familycal,ScSbPd's reference is an arc-melted ingot annealed for ten to thirty days whose microstructure is not reported.,oestreich2003thermoelec,"'the half-Heusler compounds of the groups ScMVIIISb and YMVIIISb (MVIII = Ni, Pd, Pt) were synthesized by arc melting' ; 'ingots with an average diameter of 10 mm and a thickness of 5 mm were obtained. All samples showed the half-Heusler structure and were annealed for 10-30 days at 1100 K to improve their homogeneity.' The full text contains no statement of grain size, density or microstructure (searched for grain / defect / disorder / bipolar: no occurrence) (read from data/pdfs/10.1088_0953-8984_15_4_304.pdf).",10.1088/0953-8984/15/4/304,2026-09-19,PDF read in full (tier A); absence of microstructure statement verified by full-text search
1.introduction,Paliwal and Alam train an ensemble of seven tree-based regressors on 4127 calculated values for 150 compounds and report a coefficient of determination of 0.9994 against their held-out calculated labels.,paliwal2025accelerate,"'The models are trained on a diverse dataset comprising variable temperature kappa_L of 150 compounds' ; 'resulting in a total of 4127 data entries for training. All kappa_L values were obtained using first-principles calculations based on the linearized phonon Boltzmann transport equation (BTE)' ; 'In this study, we employed seven supervised ensemble-based regression algorithms' ; 'the Extra Trees Regressor (ETR) yielded the best performance on log-scaled kappa_L, achieving an average R2 of 0.9994 and a root mean square error (RMSE) of 0.0466 W m-1 K-1' (read from the arXiv version, arXiv:2511.13202, of the published paper).",10.1103/l92g-tkds,2026-09-19,full text read (arXiv version of the published article); each figure located verbatim in the source
3.predictions,"The only other laboratory to measure ZrCoBi reports a value 1.7 times lower on a specimen milled far harder, for 20 h in a shaker mill.",zhu2018discovery,"'ZrCoBi-based materials are synthesized by the ball-milling and hot-pressing technique' ; 'The ball milling process was conducted on SPEX 8000 M Mixer/Mill for 20 h. The ball-milled powders were compacted to disk by a direct current induced hot press at about 1173 K for 5 min and under the pressure of ~50 MPa' (read from data/pdfs/10.1038_s41467-018-04958-3.pdf). The 1.7 ratio is computed by make_paper_numbers.py (zrcobi_laboratories_300K) from the two laboratories' 300 K rows, 8.98 against 15.25 W/m/K.",10.1038/s41467-018-04958-3,2026-09-19,PDF read in full (tier A); milling route and duration quoted verbatim
2.1,Crystal structures were taken from the same repositories together with the Crystallography Open Database and OPTIMADE-federated sources.,graulis2009crystallog,"'The Crystallography Open Database (COD), which is a project that aims to gather all available inorganic, metal-organic and small organic molecule structural data in one database, is described. The database adopts an open-access model. The COD currently contains ~80 000 entries in crystallographic information file format' (abstract, J. Appl. Cryst. 42, 726-729, 2009). Supports COD as an open-access collection of crystal structures, which is the use made of it here.",10.1107/S0021889809016690,2026-09-19,OpenAlex + Crossref metadata; abstract read
2.domain,"The VEC count assumes a fixed valence, which Ce, Sm, Eu and Yb do not have: proximity of the 4f level to the Fermi energy makes their charge configuration unstable.",lawrence1981valence,"'Valence fluctuation phenomena occur in rare-earth compounds in which the proximity of the 4f level to the Fermi energy leads to instabilities of the charge configuration (valence) and/or of the magnetic moment.' (abstract, Rep. Prog. Phys. 44, 1-84, 1981). Supports the premise of the flag exactly: the charge configuration of these rare earths is unstable, so an electron count that assumes a fixed valence is unsafe. The element set Ce/Sm/Eu/Yb is our own and is declared in make_paper_predictions.FLUCT; the citation supports the physics, not the list.",10.1088/0034-4885/44/1/001,2026-09-19,OpenAlex abstract read; sentence quoted verbatim
2.model,Section S7 gives the comparison and a SHAP decomposition of the retained model.,lundberg2017a,"'To address this problem, we present a unified framework for interpreting predictions, SHAP (SHapley Additive exPlanations). SHAP assigns each feature an importance value for a particular prediction.' (abstract, arXiv:1705.07874, fetched from OpenAlex and read in full). This is the source of the method used, cited for the method and nothing else.",10.48550/arXiv.1705.07874,2026-09-19,OpenAlex/DataCite metadata; abstract read
1,"Solving the phonon Boltzmann transport equation from first principles yields kappa_L with no experimental input, and it reproduces the measured temperature dependence of a half Heusler without being fitted to it.",shiomi2011thermal,"'We demonstrate successful application of first-principles-based thermal conductivity calculation on half-Heusler compounds' ; 'Thermal conductivity was obtained by two different methods: (1) Boltzmann-Peierls formula with phonon relaxation times calculated by either Fermi's golden rule of three-phonon scattering processes or spectral analysis of molecular dynamics phase space trajectories' ; 'The calculated temperature dependence of thermal conductivity is in reasonable agreement with experiments.' (abstract, Phys. Rev. B 84, 104302, 2011, read in full from OpenAlex). Supports the first-principles route applied to half Heuslers with no experimental input; it does NOT support a claim of scale, which is why carrete2014finding carries that half of the sentence separately.",10.1103/PhysRevB.84.104302,2026-09-19,"OpenAlex abstract, read in full"
3.vspublished,"Elemental-SDNNFF is a neural-network force field whose lattice thermal conductivities are obtained through the Boltzmann transport equation, trained to reproduce a first-principles calculation and fast enough to screen thousands of compounds.",rodriguez2023millionsca,"'We address this bottleneck with the developed Elemental Spatial Density Neural Network Force Field, namely Elemental-SDNNFF.' ; 'The effectiveness and precision of our Elemental-SDNNFF approach are demonstrated on 11,866 full, half, and quaternary Heusler structures spanning 55 elements in the periodic table by prediction of complete phonon properties.' ; 'Deep insight into predicted ultralow lattice thermal conductivity (<1 Wm-1 K-1) of 774 Heusler structures is gained by p-d orbital hybridization analysis.' (abstract, npj Comput. Mater. 9, 26, 2023, read in full from OpenAlex on 2026-09-19). Supports that it is a force field, that it predicts lattice thermal conductivity, and that it operates at screening scale. Its predictions reach this project as data/external/kappa_ML_PREDICTED_not_training.csv, tagged 'EXCLUDED from training labels'.",10.1038/s41524-023-00974-0,2026-09-19,"OpenAlex abstract, read in full; predictions file checked for the exclusion tag"
3.structonly,"TbAuPb, a member of the same Pb-Au family, has been grown as single crystals in the cubic MgAgAs (half-Heusler) structure.",agarwal2026thermodyna,"'Structural, thermodynamic and electrical transport properties of TbAuPb were investigated on single crystals. The compound was found to crystallize with the cubic MgAgAs-type structure characteristic of half-Heusler materials.' (abstract, Phys. Rev. Materials 2026, read in full from OpenAlex). Supports the structure of TbAuPb only; it reports no thermal conductivity and says nothing about TmPbAu.",10.1103/hjtb-zs5w,2026-10-04,"OpenAlex abstract, read in full"
3.structonly,Equiatomic rare-earth RESbPd compounds are reported in both the hexagonal CaIn2 type and the cubic MgAgAs type.,marazza1980caintype,"Title: 'CaIn2-type and MgAgAs-type RESbPd compounds (RE = rare earth element)' (J. Less-Common Met. 75, P25, 1980). No abstract is indexed; the claim is restricted to what the title states. Which rare earth takes which type is NOT claimed from this source.",10.1016/0022-5088(80)90127-7,2026-10-04,"Crossref/OpenAlex metadata; title only, claim limited to it"
3.structonly,"LuSbPd has been studied from first principles (electronic structure, phonon dispersion and thermoelectric performance).",satyam2024comprehens,"'We studied the structural, electronic, phonon spectrum and thermoelectric properties of ternary LuMSb (M = Ni, Pd, Pt) half Heusler compounds by using first principles method.' ; 'The ZT values of LuNiSb and LuPdSb are high in general and reach a maximum of 0.67 and 0.69 at 450 K' (abstract, J. Comput. Chem., read in full from OpenAlex). The statement that no lattice thermal conductivity is reported for LuSbPd is our own literature search, not a claim of this source.",10.1002/jcc.27216,2026-10-04,"OpenAlex abstract, read in full"
2.novelty,"Prior work was searched in OpenAlex, an open index of scholarly works, with Crossref and arXiv as independent second and third layers.",priem2022openalex,"'OpenAlex is a new, fully-open scientific knowledge graph (SKG), launched to replace the discontinued Microsoft Academic Graph (MAG). It contains metadata for 209M works (journal articles, books, etc)' (DataCite description of arXiv:2205.01833, Priem, Piwowar and Orr 2022). Cited for the index only; Crossref and arXiv are named as services.",10.48550/arXiv.2205.01833,2026-10-04,"DataCite record, description read"
2.structure,Cubic cells and convex-hull distances were taken from the DxMag Heusler database where it holds the compound.,xiao2026accurate,"'Structure optimization and evaluation of formation energy and energy above the convex hull were performed using the eSEN-30M-OAM interatomic potential, while local magnetic moments, phonon stability, magnetic stability, and E aniso were predicted by eSEN models trained on our DxMag Heusler database.' (abstract, npj Comput. Mater. 2026, read in full from OpenAlex). Supports that DxMag is the authors' Heusler database and that hull distances are evaluated in their workflow; no dedicated data-descriptor paper for DxMag was found in OpenAlex.",10.1038/s41524-026-02013-0,2026-10-04,"OpenAlex abstract, read in full; OpenAlex searched for a separate DxMag data paper (none)"
3.deployed,"ZrNiPb's only measurement is on a sample ball-milled for 20 h, so the HfNiPb and TiNiPb values issued through Ni-Pb describe a milled sample.",mao2017thermoelec,"'During the arc-melting process, Zr and Ni was melted first, then the ingot was melted with Pb, Sn, and Bi for three times. After that, the ingot was pulverized by high energy ball milling for 20 hours.' (experimental section, Chem. Mater. 29, 867, 2017; read in the full text held at data/pdfs/10.1021_acs.chemmater.6b04898.pdf). Supports the sample preparation only; the inference about the issued values is ours.",10.1021/acs.chemmater.6b04898,2026-10-04,full text read (local PDF)
3.issued,"The transport calculations being calibrated are drawn from published high-throughput studies [including this one], which supplies the 500 K values at which TiCoBi, HfNiPb and TiNiPb are quoted.",trans2022lattice,"'By computing the lattice thermal conductivity of 122 half-Heusler compounds, using the temperature-dependent effective potential method, we generate a data set to explore this issue.' (abstract) ; 'Appendix A: Table A.1 reports kappa_TDEP at 500 K.' (Section 3.1) -- read in the arXiv version 2107.03735v2 held at data/pdfs/arxiv_2107_03735v2.pdf, which source_identity.py maps to this DOI as byte-identical. Supports both that it is a published high-throughput calculation of half Heuslers and why its values enter at 500 K.",10.1016/j.commatsci.2021.110938,2026-10-04,full text of arXiv version read (local PDF); identity with the DOI per source_identity.DUPLICATE_SOURCES
1.introduction,"Paliwal and Alam note that computed kappa_L ``often overestimates the experimental values because real samples inevitably contain impurities, defects, and grain boundaries''.",paliwal2025accelerate,"'Indeed, in conventional ab-initio phonon-based calculations, the computed lattice thermal conductivity (kappa_L) often overestimates the experimental values because real samples inevitably contain impurities, defects, and grain boundaries that act as additional phonon-scattering centers.' (arXiv:2511.13202v3, read in the primary PDF data/pdfs/inbox/2511.13202v3.pdf). The manuscript quotes the sentence verbatim and attributes the explanation to the authors, not to this work.",10.1103/l92g-tkds,2026-10-04,primary PDF searched for the quoted sentence; verbatim match
3.issued,"The transport calculations being calibrated are drawn from published high-throughput studies, the majority of the values from a single one.",miyazaki2021machine,"Provenance, not prose: in the corpus (source_identity-deduplicated tier-1 rows within 20 K of each quoted temperature) 10.1038/s41598-021-92030-4 is a calculation source for 10 of the 14 issued predictions (ErSbPt, GdSbPt, HoSbPt, TmSbPt, GdNiSb, TbNiSb, TmSbPd, NdBiPd, PrBiPd, YBiPd); the others rest on 10.1016/j.commatsci.2021.110938 (3, at 500 K) and 10.1103/PhysRevX.4.011019 (HfCoBi). Supersedes the 2026-09-04 row that referred to five issued compounds.",10.1038/s41598-021-92030-4,2026-10-04,corpus provenance recount against PAPER_PREDICTIONS.csv
3 Fig. curves caption,"The reference curve of LuNiSb joins two instruments: a steady-state measurement up to 300 K, which its authors report is affected by radiative losses between 200 and 300 K, and laser-flash diffusivity from 300 K.",ciesielski2020thermoelec,"'The thermal diffusivity (D) is measured in the temperature range from 300 to 923 K by the laser flash method (NETZSCH LFA 457).' ; 'Low-temperature measurements of the electrical resistivity, specific heat, Seebeck coefficient, and thermal conductivity are performed in the temperature range from 2 to 300 K with a Quantum Design physical-property-measurement system (PPMS-9).' ; 'In the steady-state experiment, the measured data are significantly affected in the region from 200 to 300 K by radiative losses.' (full text, Section II and Section III.D, Fig. 6 caption: 'Circles denote the data obtained with PPMS-9 (PPMS), squares correspond to the experiments performed with the NETZSCH LFA 457 device (LFA).')",10.1103/physrevapplied.14.054046,2026-10-05,full text read from data/pdfs/10.1103_physrevapplied.14.054046.pdf (tier A: pipeline DOI)
